gene_name.x,baseMean,log2FoldChange,lfcSE,pvalue,padj,comparison,sig,species,gene_match,gene_name.y,visual_category,significant,direction,gene_name,dataset_gene_name,WGCNA_module,module_trait_correlation,module_trait_FDR,module_expression_pattern,species_associated_module,evidence_class
opn1sw2,401.773466733748,6.90551361811479,1.17901593131271,2.29710370645294e-10,7.24541010968159e-9,Ab_vs_rest,Ab higher,Ab,opn1sw2,opn1sw2,Opsin / photopigment,TRUE,Ab higher,opn1sw2,opn1sw2,pink,0.6129723204851442,0.22300536578542135,Ab higher,FALSE,DE only
guca1c,435.620949827032,4.94945872724114,1.18429533163692,6.61889896121814e-6,7.87165629068864e-5,Ab_vs_rest,Ab higher,Ab,guca1c,guca1c,Photoreceptor recovery,TRUE,Ab higher,guca1c,guca1c,yellow,0.501564687866539,0.26583297576755593,Ab higher,FALSE,DE only
gnat1,412.150530066831,-3.52928205168208,0.821424307765151,8.72630435201607e-6,1.0005159300156e-4,Ab_vs_rest,Other species higher,Ab,gnat1,gnat1,Phototransduction,TRUE,Ab lower,gnat1,gnat1,blue,-0.5395004507837308,0.2554416259529368,Ab lower,FALSE,DE only
abca4a,34.1993308265369,-5.48910049699896,1.48775598784493,2.9931754244269e-5,3.0120479050348e-4,Ab_vs_rest,Other species higher,Ab,abca4a,abca4a,Visual cycle,TRUE,Ab lower,abca4a,abca4a,green,-0.669255807988998,0.22300536578542135,Ab lower,FALSE,DE only
rgs9a,122.870403062682,3.97403718466631,1.02890412485893,4.4845049354017e-5,4.316809334681e-4,Ab_vs_rest,Ab higher,Ab,rgs9a,rgs9a,Photoreceptor recovery,TRUE,Ab higher,rgs9a,rgs9a,lightcyan,0.4328170347939823,0.3553530671908849,Ab higher,FALSE,DE only
rpe65a,153.345016482509,-5.85451448422502,1.70347270417597,4.9630858011672e-5,4.7149315111088e-4,Ab_vs_rest,Other species higher,Ab,rpe65a,rpe65a,Visual cycle,TRUE,Ab lower,rpe65a,rpe65a,green,-0.669255807988998,0.22300536578542135,Ab lower,FALSE,DE only
otx2b,4.14644278012234,3.8565537246606,1.50874283713906,0.00378327992993627,0.0170192975085408,Ab_vs_rest,Ab higher,Ab,otx2b,otx2b,Photoreceptor regulation,TRUE,Ab higher,otx2b,NA,NA,NA,NA,NA,NA,DE only
rcvrn3,74.7437159429161,-2.67821687838493,1.03120857666259,0.0060878332486841,0.0241936799424796,Ab_vs_rest,Other species higher,Ab,rcvrn3,rcvrn3,Photoreceptor recovery,TRUE,Ab lower,rcvrn3,rcvrn3,royalblue,-0.1769120618852707,0.7058114907553008,Ab lower,FALSE,DE only
pde6a,68.6887571194873,-2.57755685735195,0.995146881727428,0.00643452657394312,0.0251210968982711,Ab_vs_rest,Other species higher,Ab,pde6a,pde6a,Phototransduction,TRUE,Ab lower,pde6a,pde6a,blue,-0.5395004507837308,0.2554416259529368,Ab lower,FALSE,DE only
opn1lw1,36.4101305274267,2.87365391071315,1.17680508807838,0.00866340962352295,0.0314531432191598,Ab_vs_rest,Ab higher,Ab,opn1lw1,opn1lw1,Opsin / photopigment,TRUE,Ab higher,opn1lw1,opn1lw1,lightyellow,0.25698665728929615,0.566364694999859,Ab higher,FALSE,DE only
crx,17.0648031336895,2.33573390096344,1.03428630980815,0.0170465909740684,0.0501407283350777,Ab_vs_rest,Not significant,Ab,crx,crx,Photoreceptor regulation,FALSE,Not significant,crx,crx,pink,0.6129723204851442,0.22300536578542135,Ab higher,FALSE,No significant species-associated evidence
cnga1b,91.880106660169,-3.40439626790141,1.75448337130666,0.0208141279574764,0.0571564835170894,Ab_vs_rest,Not significant,Ab,cnga1b,cnga1b,CNG channel,FALSE,Not significant,cnga1b,cnga1b,black,-0.31362423984658255,0.49202729034295944,Ab lower,FALSE,No significant species-associated evidence
rgs9b,7.68153964835598,-3.13361834023894,1.62525485191429,0.025551474219618,0.0651024151572642,Ab_vs_rest,Not significant,Ab,rgs9b,rgs9b,Photoreceptor recovery,FALSE,Not significant,rgs9b,rgs9b,blue,-0.5395004507837308,0.2554416259529368,Ab lower,FALSE,No significant species-associated evidence
rdh8a,50.7547776545052,-1.6733645391454,0.796868870009623,0.0301710706993883,0.0726728476248471,Ab_vs_rest,Not significant,Ab,rdh8a,rdh8a,Visual cycle,FALSE,Not significant,rdh8a,rdh8a,blue,-0.5395004507837308,0.2554416259529368,Ab lower,FALSE,No significant species-associated evidence
gnat2,223.287627767456,1.73869095920518,0.893932014747518,0.0428542979953297,0.0911733822019331,Ab_vs_rest,Not significant,Ab,gnat2,gnat2,Phototransduction,FALSE,Not significant,gnat2,gnat2,yellow,0.501564687866539,0.26583297576755593,Ab higher,FALSE,No significant species-associated evidence
NR2E3,14.6707132277912,-2.88713731021247,1.67616705016208,0.0437869695503214,0.0924636192144919,Ab_vs_rest,Not significant,Ab,nr2e3,nr2e3,Photoreceptor regulation,FALSE,Not significant,nr2e3,NR2E3,magenta,-0.38686907335295995,0.4103341677449856,Ab lower,FALSE,No significant species-associated evidence
gngt1,230.427175935877,-1.67568087037308,0.907893582694872,0.0543237342107138,0.105680984642003,Ab_vs_rest,Not significant,Ab,gngt1,gngt1,Phototransduction,FALSE,Not significant,gngt1,gngt1,blue,-0.5395004507837308,0.2554416259529368,Ab lower,FALSE,No significant species-associated evidence
guca1d,3.97266472864489,2.70259247512408,1.67547872734153,0.059066623954169,0.111880289379129,Ab_vs_rest,Not significant,Ab,guca1d,guca1d,Photoreceptor recovery,FALSE,Not significant,guca1d,guca1d,pink,0.6129723204851442,0.22300536578542135,Ab higher,FALSE,No significant species-associated evidence
six7,4.88613589656629,-2.63006737538675,1.65948248014701,0.0645449149157831,0.119450004876612,Ab_vs_rest,Not significant,Ab,six7,six7,Retinal regulation,FALSE,Not significant,six7,six7,blue,-0.5395004507837308,0.2554416259529368,Ab lower,FALSE,No significant species-associated evidence
rx1,3.88729683371985,2.01445850008829,1.31303306365553,0.0928188781291588,0.152357382133754,Ab_vs_rest,Not significant,Ab,rx1,rx1,Retinal regulation,FALSE,Not significant,rx1,NA,NA,NA,NA,NA,NA,No significant species-associated evidence
guca1b,91.2242424948658,-1.31324947744244,1.01426921951196,0.172393319122512,0.23686264699754,Ab_vs_rest,Not significant,Ab,guca1b,guca1b,Photoreceptor recovery,FALSE,Not significant,guca1b,guca1b,blue,-0.5395004507837308,0.2554416259529368,Ab lower,FALSE,No significant species-associated evidence
rx2,3.75072025411809,-1.93658382980414,1.88955475044693,0.206630012775427,0.270157994794116,Ab_vs_rest,Not significant,Ab,rx2,rx2,Retinal regulation,FALSE,Not significant,rx2,rx2,blue,-0.5395004507837308,0.2554416259529368,Ab lower,FALSE,No significant species-associated evidence
cnga3a,16.6158102651795,1.14458630233108,1.02167647862318,0.237359185088162,0.300750444109802,Ab_vs_rest,Not significant,Ab,cnga3a,cnga3a,CNG channel,FALSE,Not significant,cnga3a,cnga3a,black,-0.31362423984658255,0.49202729034295944,Ab lower,FALSE,No significant species-associated evidence
arr3a,265.827696270724,-1.17723622818783,1.07466397531335,0.245095463217269,0.308009731728159,Ab_vs_rest,Not significant,Ab,arr3a,arr3a,Photoreceptor recovery,FALSE,Not significant,arr3a,arr3a,blue,-0.5395004507837308,0.2554416259529368,Ab lower,FALSE,No significant species-associated evidence
abca4b,21.5803179388603,1.19049121864494,1.11531422862993,0.255078930889231,0.317307851675146,Ab_vs_rest,Not significant,Ab,abca4b,abca4b,Visual cycle,FALSE,Not significant,abca4b,abca4b,turquoise,0.36933643495090507,0.4319944103845951,Ab higher,FALSE,No significant species-associated evidence
cngb1b,11.1476521119874,1.17261919002798,1.24470754965645,0.306934740105563,0.369600003929741,Ab_vs_rest,Not significant,Ab,cngb1b,cngb1b,CNG channel,FALSE,Not significant,cngb1b,cngb1b,turquoise,0.36933643495090507,0.4319944103845951,Ab higher,FALSE,No significant species-associated evidence
pde6ga,44.2251257177041,1.17719358543997,1.32336265185957,0.329121423370607,0.391414151787995,Ab_vs_rest,Not significant,Ab,pde6ga,pde6ga,Phototransduction,FALSE,Not significant,pde6ga,pde6ga,turquoise,0.36933643495090507,0.4319944103845951,Ab higher,FALSE,No significant species-associated evidence
nrl,6.12008102398229,1.02423363829065,1.20004448074146,0.357608701021387,0.419048081373079,Ab_vs_rest,Not significant,Ab,nrl,nrl,Photoreceptor regulation,FALSE,Not significant,nrl,nrl,royalblue,-0.1769120618852707,0.7058114907553008,Ab lower,FALSE,No significant species-associated evidence
rpe65b,43.1908612564652,-0.65266371146477,0.753323577452386,0.372800563767792,0.433665961933962,Ab_vs_rest,Not significant,Ab,rpe65b,rpe65b,Visual cycle,FALSE,Not significant,rpe65b,rpe65b,black,-0.31362423984658255,0.49202729034295944,Ab lower,FALSE,No significant species-associated evidence
six6a,10.4056654647985,0.820404180762985,1.13885681381064,0.441121647927069,0.498463714310112,Ab_vs_rest,Not significant,Ab,six6a,six6a,Retinal regulation,FALSE,Not significant,six6a,six6a,royalblue,-0.1769120618852707,0.7058114907553008,Ab lower,FALSE,No significant species-associated evidence
rdh5,29.1153481606706,-0.990311584119188,2.57551743614258,0.531104215252063,0.582812381423468,Ab_vs_rest,Not significant,Ab,rdh5,rdh5,Visual cycle,FALSE,Not significant,rdh5,rdh5,blue,-0.5395004507837308,0.2554416259529368,Ab lower,FALSE,No significant species-associated evidence
guca1a,24.0699651560929,0.549413233986772,0.96732194296996,0.551450122017921,0.601911089276845,Ab_vs_rest,Not significant,Ab,guca1a,guca1a,Photoreceptor recovery,FALSE,Not significant,guca1a,guca1a,royalblue,-0.1769120618852707,0.7058114907553008,Ab lower,FALSE,No significant species-associated evidence
rdh12,4.65037736506299,-0.82628590028867,1.98588239053759,0.598105057353101,0.643775704388771,Ab_vs_rest,Not significant,Ab,rdh12,rdh12,Visual cycle,FALSE,Not significant,rdh12,rdh12,magenta,-0.38686907335295995,0.4103341677449856,Ab lower,FALSE,No significant species-associated evidence
pde6c,46.0198659559165,0.107590261523875,1.20983258666808,0.923541166280366,0.934786720816504,Ab_vs_rest,Not significant,Ab,pde6c,pde6c,Phototransduction,FALSE,Not significant,pde6c,pde6c,blue,-0.5395004507837308,0.2554416259529368,Ab lower,FALSE,No significant species-associated evidence
rcvrn2,327.80690955634,0.0350976255199594,0.625668223675975,0.954392195982789,0.960167640436543,Ab_vs_rest,Not significant,Ab,rcvrn2,rcvrn2,Photoreceptor recovery,FALSE,Not significant,rcvrn2,rcvrn2,turquoise,0.36933643495090507,0.4319944103845951,Ab higher,FALSE,No significant species-associated evidence
pde6b,141.919563851369,-2.51570822044147,1.27999578996287,NA,NA,Ab_vs_rest,Not significant,Ab,pde6b,pde6b,Phototransduction,FALSE,Not significant,pde6b,pde6b,green,-0.669255807988998,0.22300536578542135,Ab lower,FALSE,No significant species-associated evidence
pax6b,1.97341671449506,-1.76863534317804,1.85070886740847,0.243737641294587,NA,Ab_vs_rest,Not significant,Ab,pax6b,pax6b,Retinal regulation,FALSE,Not significant,pax6b,NA,NA,NA,NA,NA,NA,No significant species-associated evidence
cnga1a,246.561509333681,1.74221081264197,1.13042375641105,NA,NA,Ab_vs_rest,Not significant,Ab,cnga1a,cnga1a,CNG channel,FALSE,Not significant,cnga1a,cnga1a,pink,0.6129723204851442,0.22300536578542135,Ab higher,FALSE,No significant species-associated evidence
rpe65b,43.1908612564652,3.42733613282825,0.767067018954224,4.54802922239616e-7,3.91600262623218e-6,Mz_vs_rest,Mz higher,Mz,rpe65b,rpe65b,Visual cycle,TRUE,Mz higher,rpe65b,rpe65b,black,0.6822344185504048,0.22300536578542135,Mz higher,FALSE,DE only
guca1c,435.620949827032,5.44671516643818,1.24726215132258,1.22678557660449e-6,9.98487313976018e-6,Mz_vs_rest,Mz higher,Mz,guca1c,guca1c,Photoreceptor recovery,TRUE,Mz higher,guca1c,guca1c,yellow,0.5602752331176636,0.2554416259529368,Mz higher,FALSE,DE only
cnga1b,91.880106660169,6.12668335882782,1.46871029734687,2.43514122113306e-6,1.86085374981585e-5,Mz_vs_rest,Mz higher,Mz,cnga1b,cnga1b,CNG channel,TRUE,Mz higher,cnga1b,cnga1b,black,0.6822344185504048,0.22300536578542135,Mz higher,FALSE,DE only
gnat2,223.287627767456,3.47720753967078,0.987953328253961,2.57243239187263e-5,1.6991024033713e-4,Mz_vs_rest,Mz higher,Mz,gnat2,gnat2,Phototransduction,TRUE,Mz higher,gnat2,gnat2,yellow,0.5602752331176636,0.2554416259529368,Mz higher,FALSE,DE only
guca1a,24.0699651560929,2.78869494576598,1.03319120373073,5.7714502719294e-4,0.00292707708317283,Mz_vs_rest,Mz higher,Mz,guca1a,guca1a,Photoreceptor recovery,TRUE,Mz higher,guca1a,guca1a,royalblue,0.1925996462561018,0.6788016468026334,Mz higher,FALSE,DE only
gngt1,230.427175935877,2.50159334804659,0.935726119945574,7.6719621922774e-4,0.00377559355831041,Mz_vs_rest,Mz higher,Mz,gngt1,gngt1,Phototransduction,TRUE,Mz higher,gngt1,gngt1,blue,0.08482960697026748,0.8514638674072926,Mz higher,FALSE,DE only
opn1lw1,36.4101305274267,-4.45082845497492,1.94253720054943,0.00109540670932955,0.005151220269001,Mz_vs_rest,Other species higher,Mz,opn1lw1,opn1lw1,Opsin / photopigment,TRUE,Mz lower,opn1lw1,opn1lw1,lightyellow,-0.44577691973802913,0.3356980473144965,Mz lower,FALSE,DE only
arr3a,265.827696270724,2.47308028904826,1.15693889465555,0.0038262877053571,0.0156872093553463,Mz_vs_rest,Mz higher,Mz,arr3a,arr3a,Photoreceptor recovery,TRUE,Mz higher,arr3a,arr3a,blue,0.08482960697026748,0.8514638674072926,Mz higher,FALSE,DE only
guca1b,91.2242424948658,2.11863611767426,1.00969040572235,0.00580605189344029,0.0223547218458422,Mz_vs_rest,Mz higher,Mz,guca1b,guca1b,Photoreceptor recovery,TRUE,Mz higher,guca1b,guca1b,blue,0.08482960697026748,0.8514638674072926,Mz higher,FALSE,DE only
rcvrn2,327.80690955634,1.17539574915516,0.597778330076277,0.0249390651380337,0.0743711308343965,Mz_vs_rest,Not significant,Mz,rcvrn2,rcvrn2,Photoreceptor recovery,FALSE,Not significant,rcvrn2,rcvrn2,turquoise,-0.11228762858852552,0.8017544494121127,Mz lower,FALSE,No significant species-associated evidence
cnga3a,16.6158102651795,1.65886364177447,0.995215251244726,0.0264605082620218,0.0778117137667793,Mz_vs_rest,Not significant,Mz,cnga3a,cnga3a,CNG channel,FALSE,Not significant,cnga3a,cnga3a,black,0.6822344185504048,0.22300536578542135,Mz higher,FALSE,No significant species-associated evidence
rgs9b,7.68153964835598,1.82608718140318,1.20992171548284,0.0308768618207062,0.0874341192678977,Mz_vs_rest,Not significant,Mz,rgs9b,rgs9b,Photoreceptor recovery,FALSE,Not significant,rgs9b,rgs9b,blue,0.08482960697026748,0.8514638674072926,Mz higher,FALSE,No significant species-associated evidence
six6a,10.4056654647985,1.51348324469231,1.07325083641272,0.0517024757003414,0.132371810750711,Mz_vs_rest,Not significant,Mz,six6a,six6a,Retinal regulation,FALSE,Not significant,six6a,six6a,royalblue,0.1925996462561018,0.6788016468026334,Mz higher,FALSE,No significant species-associated evidence
NR2E3,14.6707132277912,1.56009399274482,1.24958087760082,0.0660468920247162,0.159311705357294,Mz_vs_rest,Not significant,Mz,nr2e3,nr2e3,Photoreceptor regulation,FALSE,Not significant,nr2e3,NR2E3,magenta,-0.1179134727503532,0.8017544494121127,Mz lower,FALSE,No significant species-associated evidence
pde6c,46.0198659559165,1.35081095473487,1.11542552401553,0.0872162155041093,0.19594267770666,Mz_vs_rest,Not significant,Mz,pde6c,pde6c,Phototransduction,FALSE,Not significant,pde6c,pde6c,blue,0.08482960697026748,0.8514638674072926,Mz higher,FALSE,No significant species-associated evidence
pde6ga,44.2251257177041,1.40189534750541,1.23693289887775,0.0939069635513971,0.207500447172605,Mz_vs_rest,Not significant,Mz,pde6ga,pde6ga,Phototransduction,FALSE,Not significant,pde6ga,pde6ga,turquoise,-0.11228762858852552,0.8017544494121127,Mz lower,FALSE,No significant species-associated evidence
cngb1b,11.1476521119874,-1.22811122983968,1.42959110923541,0.166928736862809,0.317360715348714,Mz_vs_rest,Not significant,Mz,cngb1b,cngb1b,CNG channel,FALSE,Not significant,cngb1b,cngb1b,turquoise,-0.11228762858852552,0.8017544494121127,Mz lower,FALSE,No significant species-associated evidence
crx,17.0648031336895,0.775262713826102,0.903381697047779,0.262158762239192,0.433934268904944,Mz_vs_rest,Not significant,Mz,crx,crx,Photoreceptor regulation,FALSE,Not significant,crx,crx,pink,-0.020672044733298416,0.9571324687642487,Mz lower,FALSE,No significant species-associated evidence
rgs9a,122.870403062682,-0.743793789355302,0.897259272598156,0.279940639635909,0.452132566463824,Mz_vs_rest,Not significant,Mz,rgs9a,rgs9a,Photoreceptor recovery,FALSE,Not significant,rgs9a,rgs9a,lightcyan,-0.2198590764560461,0.6154121671869206,Mz lower,FALSE,No significant species-associated evidence
gnat1,412.150530066831,0.61806293356901,0.710676725210846,0.299173218113541,0.471278903104734,Mz_vs_rest,Not significant,Mz,gnat1,gnat1,Phototransduction,FALSE,Not significant,gnat1,gnat1,blue,0.08482960697026748,0.8514638674072926,Mz higher,FALSE,No significant species-associated evidence
rcvrn3,74.7437159429161,0.68990256050492,0.852432714171672,0.301640830674311,0.473908580916636,Mz_vs_rest,Not significant,Mz,rcvrn3,rcvrn3,Photoreceptor recovery,FALSE,Not significant,rcvrn3,rcvrn3,royalblue,0.1925996462561018,0.6788016468026334,Mz higher,FALSE,No significant species-associated evidence
opn1sw2,401.773466733748,0.673855832957807,0.975834678226038,0.349114043752219,0.520548907513471,Mz_vs_rest,Not significant,Mz,opn1sw2,opn1sw2,Opsin / photopigment,FALSE,Not significant,opn1sw2,opn1sw2,pink,-0.020672044733298416,0.9571324687642487,Mz lower,FALSE,No significant species-associated evidence
nrl,6.12008102398229,0.654156352128914,0.989906867021341,0.366733174285808,0.537927465987873,Mz_vs_rest,Not significant,Mz,nrl,nrl,Photoreceptor regulation,FALSE,Not significant,nrl,nrl,royalblue,0.1925996462561018,0.6788016468026334,Mz higher,FALSE,No significant species-associated evidence
abca4b,21.5803179388603,0.616988520120601,0.934905437227988,0.379987724909572,0.550761976410028,Mz_vs_rest,Not significant,Mz,abca4b,abca4b,Visual cycle,FALSE,Not significant,abca4b,abca4b,turquoise,-0.11228762858852552,0.8017544494121127,Mz lower,FALSE,No significant species-associated evidence
rdh5,29.1153481606706,-0.225505381896814,1.91173138022991,0.795174554455459,0.875885965688475,Mz_vs_rest,Not significant,Mz,rdh5,rdh5,Visual cycle,FALSE,Not significant,rdh5,rdh5,blue,0.08482960697026748,0.8514638674072926,Mz higher,FALSE,No significant species-associated evidence
abca4a,34.1993308265369,0.105466317463601,0.745241694580363,0.863616765155515,0.920909519689766,Mz_vs_rest,Not significant,Mz,abca4a,abca4a,Visual cycle,FALSE,Not significant,abca4a,abca4a,green,-0.15247158162265917,0.7411654445179834,Mz lower,FALSE,No significant species-associated evidence
rdh8a,50.7547776545052,-0.0872670004185047,0.661204137153673,0.877619377354146,0.931994173750726,Mz_vs_rest,Not significant,Mz,rdh8a,rdh8a,Visual cycle,FALSE,Not significant,rdh8a,rdh8a,blue,0.08482960697026748,0.8514638674072926,Mz higher,FALSE,No significant species-associated evidence
rpe65a,153.345016482509,0.0808352354710196,0.979189520158846,0.90996639145741,0.952055229822163,Mz_vs_rest,Not significant,Mz,rpe65a,rpe65a,Visual cycle,FALSE,Not significant,rpe65a,rpe65a,green,-0.15247158162265917,0.7411654445179834,Mz lower,FALSE,No significant species-associated evidence
pde6a,68.6887571194873,8.6802970711186e-5,0.778593523158812,0.999890229755687,1,Mz_vs_rest,Not significant,Mz,pde6a,pde6a,Phototransduction,FALSE,Not significant,pde6a,pde6a,blue,0.08482960697026748,0.8514638674072926,Mz higher,FALSE,No significant species-associated evidence
pax6b,1.97341671449506,1.91324856184083,1.61790401912462,0.0542129291893376,NA,Mz_vs_rest,Not significant,Mz,pax6b,pax6b,Retinal regulation,FALSE,Not significant,pax6b,NA,NA,NA,NA,NA,NA,No significant species-associated evidence
rx2,3.75072025411809,1.85129152591629,1.65067161668881,0.0636057323827054,NA,Mz_vs_rest,Not significant,Mz,rx2,rx2,Retinal regulation,FALSE,Not significant,rx2,rx2,blue,0.08482960697026748,0.8514638674072926,Mz higher,FALSE,No significant species-associated evidence
six7,4.88613589656629,0.938011982237235,1.11619231060972,0.227318364941658,NA,Mz_vs_rest,Not significant,Mz,six7,six7,Retinal regulation,FALSE,Not significant,six7,six7,blue,0.08482960697026748,0.8514638674072926,Mz higher,FALSE,No significant species-associated evidence
cnga1a,246.561509333681,0.89714490337213,0.986871187327193,NA,NA,Mz_vs_rest,Not significant,Mz,cnga1a,cnga1a,CNG channel,FALSE,Not significant,cnga1a,cnga1a,pink,-0.020672044733298416,0.9571324687642487,Mz lower,FALSE,No significant species-associated evidence
pde6b,141.919563851369,-0.868302173906977,1.07974393915199,NA,NA,Mz_vs_rest,Not significant,Mz,pde6b,pde6b,Phototransduction,FALSE,Not significant,pde6b,pde6b,green,-0.15247158162265917,0.7411654445179834,Mz lower,FALSE,No significant species-associated evidence
otx2b,4.14644278012234,-0.649220845518056,1.40976576560857,0.444614910610141,NA,Mz_vs_rest,Not significant,Mz,otx2b,otx2b,Photoreceptor regulation,FALSE,Not significant,otx2b,NA,NA,NA,NA,NA,NA,No significant species-associated evidence
rdh12,4.65037736506299,-0.606978594050513,1.54289938822878,0.487471327123285,NA,Mz_vs_rest,Not significant,Mz,rdh12,rdh12,Visual cycle,FALSE,Not significant,rdh12,rdh12,magenta,-0.1179134727503532,0.8017544494121127,Mz lower,FALSE,No significant species-associated evidence
guca1d,3.97266472864489,0.200498717363245,1.28366213503428,0.803219726792917,NA,Mz_vs_rest,Not significant,Mz,guca1d,guca1d,Photoreceptor recovery,FALSE,Not significant,guca1d,guca1d,pink,-0.020672044733298416,0.9571324687642487,Mz lower,FALSE,No significant species-associated evidence
rx1,3.88729683371985,0.0784908586455592,1.05574697226938,0.915574214362014,NA,Mz_vs_rest,Not significant,Mz,rx1,rx1,Retinal regulation,FALSE,Not significant,rx1,NA,NA,NA,NA,NA,NA,No significant species-associated evidence
gngt1,230.427175935877,-9.42945434687122,1.58471899194673,4.89937283114011e-10,3.34162352072633e-8,Nb_vs_rest,Other species higher,Nb,gngt1,gngt1,Phototransduction,TRUE,Nb lower,gngt1,gngt1,blue,-0.5245093931458347,0.25944765385749297,Nb lower,FALSE,DE only
arr3a,265.827696270724,-9.64405864016328,1.6955329831587,2.11575095350692e-9,1.06858813980919e-7,Nb_vs_rest,Other species higher,Nb,arr3a,arr3a,Photoreceptor recovery,TRUE,Nb lower,arr3a,arr3a,blue,-0.5245093931458347,0.25944765385749297,Nb lower,FALSE,DE only
guca1c,435.620949827032,-9.86739576374109,1.77751880090901,4.19274904047739e-9,1.90103053085282e-7,Nb_vs_rest,Other species higher,Nb,guca1c,guca1c,Photoreceptor recovery,TRUE,Nb lower,guca1c,guca1c,yellow,-0.5524483624880374,0.2554416259529368,Nb lower,FALSE,DE only
opn1sw2,401.773466733748,-9.1036467391643,1.76339949445299,4.76762939437237e-8,1.27670075728495e-6,Nb_vs_rest,Other species higher,Nb,opn1sw2,opn1sw2,Opsin / photopigment,TRUE,Nb lower,opn1sw2,opn1sw2,pink,-0.6707031667169419,0.22300536578542135,Nb lower,FALSE,DE only
guca1b,91.2242424948658,-8.33213222557982,1.6347532084892,8.9931729618945e-8,2.14725317062774e-6,Nb_vs_rest,Other species higher,Nb,guca1b,guca1b,Photoreceptor recovery,TRUE,Nb lower,guca1b,guca1b,blue,-0.5245093931458347,0.25944765385749297,Nb lower,FALSE,DE only
guca1a,24.0699651560929,-7.24749317803022,1.62024801142182,2.76501905862207e-6,3.38417976806812e-5,Nb_vs_rest,Other species higher,Nb,guca1a,guca1a,Photoreceptor recovery,TRUE,Nb lower,guca1a,guca1a,royalblue,-0.6873475856719223,0.22300536578542135,Nb lower,FALSE,DE only
pde6c,46.0198659559165,-7.48111156482011,1.78055808086031,8.64336336203583e-6,8.2307923185019e-5,Nb_vs_rest,Other species higher,Nb,pde6c,pde6c,Phototransduction,TRUE,Nb lower,pde6c,pde6c,blue,-0.5245093931458347,0.25944765385749297,Nb lower,FALSE,DE only
crx,17.0648031336895,-6.87673628990066,1.67485065629027,1.57953255193852e-5,1.3015651607875e-4,Nb_vs_rest,Other species higher,Nb,crx,crx,Photoreceptor regulation,TRUE,Nb lower,crx,crx,pink,-0.6707031667169419,0.22300536578542135,Nb lower,FALSE,DE only
cnga3a,16.6158102651795,-6.69486108108418,1.65449739141619,2.14345045686227e-5,1.6688801558113e-4,Nb_vs_rest,Other species higher,Nb,cnga3a,cnga3a,CNG channel,TRUE,Nb lower,cnga3a,cnga3a,black,-0.510104756601962,0.26583297576755593,Nb lower,FALSE,DE only
abca4b,21.5803179388603,-6.79049799961818,1.71820040783061,3.08429253784139e-5,2.2271489991066e-4,Nb_vs_rest,Other species higher,Nb,abca4b,abca4b,Visual cycle,TRUE,Nb lower,abca4b,abca4b,turquoise,-0.7560952189111962,0.17750278625125038,Nb lower,FALSE,DE only
six6a,10.4056654647985,-6.17950994592816,1.71915125547723,1.5044038131135e-4,7.3782673974431e-4,Nb_vs_rest,Other species higher,Nb,six6a,six6a,Retinal regulation,TRUE,Nb lower,six6a,six6a,royalblue,-0.6873475856719223,0.22300536578542135,Nb lower,FALSE,DE only
pde6ga,44.2251257177041,-6.60259502373079,1.87092383639024,1.6969685908714e-4,8.1381065836261e-4,Nb_vs_rest,Other species higher,Nb,pde6ga,pde6ga,Phototransduction,TRUE,Nb lower,pde6ga,pde6ga,turquoise,-0.7560952189111962,0.17750278625125038,Nb lower,FALSE,DE only
opn1lw1,36.4101305274267,-6.04610860281055,1.76806060861657,2.9731123660611e-4,0.00125068195472684,Nb_vs_rest,Other species higher,Nb,opn1lw1,opn1lw1,Opsin / photopigment,TRUE,Nb lower,opn1lw1,opn1lw1,lightyellow,-0.5345740909338043,0.2588999302896633,Nb lower,FALSE,DE only
nrl,6.12008102398229,-5.45987739239002,1.75199722036081,9.9028908874952e-4,0.0031648005319268,Nb_vs_rest,Other species higher,Nb,nrl,nrl,Photoreceptor regulation,TRUE,Nb lower,nrl,nrl,royalblue,-0.6873475856719223,0.22300536578542135,Nb lower,FALSE,DE only
cnga1b,91.880106660169,-5.11054907144412,1.92940568606231,0.00458899890341835,0.0100715652500766,Nb_vs_rest,Other species higher,Nb,cnga1b,cnga1b,CNG channel,TRUE,Nb lower,cnga1b,cnga1b,black,-0.510104756601962,0.26583297576755593,Nb lower,FALSE,DE only
rgs9b,7.68153964835598,-4.69210944778948,1.76511951239312,0.00492957394587001,0.0106146789228394,Nb_vs_rest,Other species higher,Nb,rgs9b,rgs9b,Photoreceptor recovery,TRUE,Nb lower,rgs9b,rgs9b,blue,-0.5245093931458347,0.25944765385749297,Nb lower,FALSE,DE only
rx1,3.88729683371985,-4.79827738422544,1.84833997946187,0.00575136477743767,0.0119520549281127,Nb_vs_rest,Other species higher,Nb,rx1,rx1,Retinal regulation,TRUE,Nb lower,rx1,NA,NA,NA,NA,NA,NA,DE only
cngb1b,11.1476521119874,-4.49489306363591,1.76005277797545,0.00692854332794343,0.0137382057385381,Nb_vs_rest,Other species higher,Nb,cngb1b,cngb1b,CNG channel,TRUE,Nb lower,cngb1b,cngb1b,turquoise,-0.7560952189111962,0.17750278625125038,Nb lower,FALSE,DE only
pde6a,68.6887571194873,-2.4711932992753,0.973164360486815,0.00984260559235344,0.0180350416422154,Nb_vs_rest,Other species higher,Nb,pde6a,pde6a,Phototransduction,TRUE,Nb lower,pde6a,pde6a,blue,-0.5245093931458347,0.25944765385749297,Nb lower,FALSE,DE only
NR2E3,14.6707132277912,-4.43414099589879,1.83286168466357,0.0101468918006375,0.0184488941829772,Nb_vs_rest,Other species higher,Nb,nr2e3,nr2e3,Photoreceptor regulation,TRUE,Nb lower,nr2e3,NR2E3,magenta,-0.4038750649358604,0.39911275940489477,Nb lower,FALSE,DE only
rdh8a,50.7547776545052,-1.88493023524026,0.78158482399525,0.0148029596621924,0.0246922278646102,Nb_vs_rest,Other species higher,Nb,rdh8a,rdh8a,Visual cycle,TRUE,Nb lower,rdh8a,rdh8a,blue,-0.5245093931458347,0.25944765385749297,Nb lower,FALSE,DE only
six7,4.88613589656629,-4.11785407139684,1.81336698445198,0.0159619921409755,0.0262361889361451,Nb_vs_rest,Other species higher,Nb,six7,six7,Retinal regulation,TRUE,Nb lower,six7,six7,blue,-0.5245093931458347,0.25944765385749297,Nb lower,FALSE,DE only
gnat2,223.287627767456,-2.06071691754821,0.923811722883861,0.0235857120721346,0.0358366303000065,Nb_vs_rest,Other species higher,Nb,gnat2,gnat2,Phototransduction,TRUE,Nb lower,gnat2,gnat2,yellow,-0.5524483624880374,0.2554416259529368,Nb lower,FALSE,DE only
guca1d,3.97266472864489,-3.92916681623424,2.17443299996406,0.04851831126626,0.0642083124220158,Nb_vs_rest,Not significant,Nb,guca1d,guca1d,Photoreceptor recovery,FALSE,Not significant,guca1d,guca1d,pink,-0.6707031667169419,0.22300536578542135,Nb lower,FALSE,No significant species-associated evidence
abca4a,34.1993308265369,1.66450455120107,0.858059894853623,0.0494563535621162,0.0652225584904458,Nb_vs_rest,Not significant,Nb,abca4a,abca4a,Visual cycle,FALSE,Not significant,abca4a,abca4a,green,0.6388456405433874,0.22300536578542135,Nb higher,FALSE,No significant species-associated evidence
otx2b,4.14644278012234,-3.58929512555191,2.01859944474714,0.0553610988856847,0.071787987952552,Nb_vs_rest,Not significant,Nb,otx2b,otx2b,Photoreceptor regulation,FALSE,Not significant,otx2b,NA,NA,NA,NA,NA,NA,No significant species-associated evidence
rpe65b,43.1908612564652,-1.38817001982229,0.755211127301535,0.0634194490744921,0.0803185531843274,Nb_vs_rest,Not significant,Nb,rpe65b,rpe65b,Visual cycle,FALSE,Not significant,rpe65b,rpe65b,black,-0.510104756601962,0.26583297576755593,Nb lower,FALSE,No significant species-associated evidence
rx2,3.75072025411809,-3.38813115693186,2.1317267794657,0.083846694425499,0.101655518309857,Nb_vs_rest,Not significant,Nb,rx2,rx2,Retinal regulation,FALSE,Not significant,rx2,rx2,blue,-0.5245093931458347,0.25944765385749297,Nb lower,FALSE,No significant species-associated evidence
gnat1,412.150530066831,-1.05508502788193,0.81474302475312,0.190235343440721,0.210990693628485,Nb_vs_rest,Not significant,Nb,gnat1,gnat1,Phototransduction,FALSE,Not significant,gnat1,gnat1,blue,-0.5245093931458347,0.25944765385749297,Nb lower,FALSE,No significant species-associated evidence
rcvrn2,327.80690955634,-0.761454700945741,0.632659058617623,0.225563300655165,0.247320024626026,Nb_vs_rest,Not significant,Nb,rcvrn2,rcvrn2,Photoreceptor recovery,FALSE,Not significant,rcvrn2,rcvrn2,turquoise,-0.7560952189111962,0.17750278625125038,Nb lower,FALSE,No significant species-associated evidence
rdh12,4.65037736506299,-1.97937865358386,2.28041081228011,0.338639683757963,0.361034692904281,Nb_vs_rest,Not significant,Nb,rdh12,rdh12,Visual cycle,FALSE,Not significant,rdh12,rdh12,magenta,-0.4038750649358604,0.39911275940489477,Nb lower,FALSE,No significant species-associated evidence
rdh5,29.1153481606706,-2.31848743143411,3.31166921995684,0.376414544111192,0.397852723444677,Nb_vs_rest,Not significant,Nb,rdh5,rdh5,Visual cycle,FALSE,Not significant,rdh5,rdh5,blue,-0.5245093931458347,0.25944765385749297,Nb lower,FALSE,No significant species-associated evidence
rcvrn3,74.7437159429161,-0.702946184064382,1.01744581406175,0.481803656257251,0.502062310907922,Nb_vs_rest,Not significant,Nb,rcvrn3,rcvrn3,Photoreceptor recovery,FALSE,Not significant,rcvrn3,rcvrn3,royalblue,-0.6873475856719223,0.22300536578542135,Nb lower,FALSE,No significant species-associated evidence
rpe65a,153.345016482509,0.836394057178595,1.29136981610662,0.504838637934147,0.524763883120294,Nb_vs_rest,Not significant,Nb,rpe65a,rpe65a,Visual cycle,FALSE,Not significant,rpe65a,rpe65a,green,0.6388456405433874,0.22300536578542135,Nb higher,FALSE,No significant species-associated evidence
rgs9a,122.870403062682,0.372256939399327,1.06383730496194,0.721193184762526,0.73604317871914,Nb_vs_rest,Not significant,Nb,rgs9a,rgs9a,Photoreceptor recovery,FALSE,Not significant,rgs9a,rgs9a,lightcyan,0.539605913845956,0.2554416259529368,Nb higher,FALSE,No significant species-associated evidence
cnga1a,246.561509333681,-9.81245117687572,1.74513833586812,NA,NA,Nb_vs_rest,Not significant,Nb,cnga1a,cnga1a,CNG channel,FALSE,Not significant,cnga1a,cnga1a,pink,-0.6707031667169419,0.22300536578542135,Nb lower,FALSE,No significant species-associated evidence
pax6b,1.97341671449506,-3.15861991806961,2.07813553738192,0.0998090160374303,NA,Nb_vs_rest,Not significant,Nb,pax6b,pax6b,Retinal regulation,FALSE,Not significant,pax6b,NA,NA,NA,NA,NA,NA,No significant species-associated evidence
pde6b,141.919563851369,2.55772118116569,1.31773627583155,NA,NA,Nb_vs_rest,Not significant,Nb,pde6b,pde6b,Phototransduction,FALSE,Not significant,pde6b,pde6b,green,0.6388456405433874,0.22300536578542135,Nb higher,FALSE,No significant species-associated evidence
gngt1,230.427175935877,4.70912133628811,0.768126773045475,2.54804788412685e-10,8.170807092997331e-9,On_vs_rest,On higher,On,gngt1,gngt1,Phototransduction,TRUE,On higher,gngt1,gngt1,blue,0.6111595908739309,0.22300536578542135,On higher,FALSE,DE only
cnga1b,91.880106660169,7.07616066368571,1.23579962098335,4.59622296806279e-10,1.4073772960478e-8,On_vs_rest,On higher,On,cnga1b,cnga1b,CNG channel,TRUE,On higher,cnga1b,cnga1b,black,0.3629991923892552,0.4319944103845951,On higher,FALSE,DE only
abca4a,34.1993308265369,4.35588684600711,0.746483835061458,1.87147390606188e-9,4.88562659130577e-8,On_vs_rest,On higher,On,abca4a,abca4a,Visual cycle,TRUE,On higher,abca4a,abca4a,green,0.3832123117419739,0.4103341677449856,On higher,FALSE,DE only
rpe65a,153.345016482509,5.88712823649074,1.08251749586781,6.78976533413175e-9,1.48663007114256e-7,On_vs_rest,On higher,On,rpe65a,rpe65a,Visual cycle,TRUE,On higher,rpe65a,rpe65a,green,0.3832123117419739,0.4103341677449856,On higher,FALSE,DE only
cngb1b,11.1476521119874,5.11652663142096,1.04629596530783,2.11868824184217e-7,2.82896979177123e-6,On_vs_rest,On higher,On,cngb1b,cngb1b,CNG channel,TRUE,On higher,cngb1b,cngb1b,turquoise,0.6191755265029705,0.22300536578542135,On higher,FALSE,DE only
guca1b,91.2242424948658,4.2303839405059,0.848355062615144,2.21308850289823e-7,2.9214920350253e-6,On_vs_rest,On higher,On,guca1b,guca1b,Photoreceptor recovery,TRUE,On higher,guca1b,guca1b,blue,0.6111595908739309,0.22300536578542135,On higher,FALSE,DE only
NR2E3,14.6707132277912,5.43788838571503,1.13024499206673,2.47792709926695e-7,3.23960131998866e-6,On_vs_rest,On higher,On,nr2e3,nr2e3,Photoreceptor regulation,TRUE,On higher,nr2e3,NR2E3,magenta,0.9213597761125775,0.0024880905905499367,On higher,TRUE,DE + species-associated module
arr3a,265.827696270724,4.34878062243054,0.932228047019811,1.02538363480125e-6,1.07487126196347e-5,On_vs_rest,On higher,On,arr3a,arr3a,Photoreceptor recovery,TRUE,On higher,arr3a,arr3a,blue,0.6111595908739309,0.22300536578542135,On higher,FALSE,DE only
opn1lw1,36.4101305274267,4.67086271307234,1.04678546571928,2.1934496349686e-6,2.09199616824581e-5,On_vs_rest,On higher,On,opn1lw1,opn1lw1,Opsin / photopigment,TRUE,On higher,opn1lw1,opn1lw1,lightyellow,0.22590033884682767,0.60679411217905,On higher,FALSE,DE only
pde6ga,44.2251257177041,4.8559655273466404,1.15687494612986,6.26131346753975e-6,5.05936490011024e-5,On_vs_rest,On higher,On,pde6ga,pde6ga,Phototransduction,TRUE,On higher,pde6ga,pde6ga,turquoise,0.6191755265029705,0.22300536578542135,On higher,FALSE,DE only
rdh8a,50.7547776545052,2.72434837965901,0.643540307928387,1.5198284333042e-5,1.0754997905528e-4,On_vs_rest,On higher,On,rdh8a,rdh8a,Visual cycle,TRUE,On higher,rdh8a,rdh8a,blue,0.6111595908739309,0.22300536578542135,On higher,FALSE,DE only
pde6c,46.0198659559165,3.95767871545905,1.04773539669044,6.10754295723923e-5,3.482676200304e-4,On_vs_rest,On higher,On,pde6c,pde6c,Phototransduction,TRUE,On higher,pde6c,pde6c,blue,0.6111595908739309,0.22300536578542135,On higher,FALSE,DE only
pde6a,68.6887571194873,2.93568314230975,0.79629007965326,1.3777573909441e-4,6.8968385526378e-4,On_vs_rest,On higher,On,pde6a,pde6a,Phototransduction,TRUE,On higher,pde6a,pde6a,blue,0.6111595908739309,0.22300536578542135,On higher,FALSE,DE only
rdh12,4.65037736506299,5.15230482830147,1.59594570131875,1.7482927363276e-4,8.450946194296e-4,On_vs_rest,On higher,On,rdh12,rdh12,Visual cycle,TRUE,On higher,rdh12,rdh12,magenta,0.9213597761125775,0.0024880905905499367,On higher,TRUE,DE + species-associated module
abca4b,21.5803179388603,3.426079013433,0.973989441035539,2.1446620539863e-4,0.00100047379322557,On_vs_rest,On higher,On,abca4b,abca4b,Visual cycle,TRUE,On higher,abca4b,abca4b,turquoise,0.6191755265029705,0.22300536578542135,On higher,FALSE,DE only
gnat1,412.150530066831,2.41738575599034,0.691419391166591,3.3730692923928e-4,0.00146996518922097,On_vs_rest,On higher,On,gnat1,gnat1,Phototransduction,TRUE,On higher,gnat1,gnat1,blue,0.6111595908739309,0.22300536578542135,On higher,FALSE,DE only
rgs9b,7.68153964835598,3.48565632403099,1.06863122679969,5.1984634217319e-4,0.00210027205208366,On_vs_rest,On higher,On,rgs9b,rgs9b,Photoreceptor recovery,TRUE,On higher,rgs9b,rgs9b,blue,0.6111595908739309,0.22300536578542135,On higher,FALSE,DE only
cnga3a,16.6158102651795,2.86272615768502,0.894067909089054,8.344253158645e-4,0.00312765494602688,On_vs_rest,On higher,On,cnga3a,cnga3a,CNG channel,TRUE,On higher,cnga3a,cnga3a,black,0.3629991923892552,0.4319944103845951,On higher,FALSE,DE only
six7,4.88613589656629,3.34654371885334,1.13915929106053,0.00161029422737524,0.00542874440478947,On_vs_rest,On higher,On,six7,six7,Retinal regulation,TRUE,On higher,six7,six7,blue,0.6111595908739309,0.22300536578542135,On higher,FALSE,DE only
rdh5,29.1153481606706,4.0997870032614,2.30759010888259,0.00854745332395111,0.0213162912809497,On_vs_rest,On higher,On,rdh5,rdh5,Visual cycle,TRUE,On higher,rdh5,rdh5,blue,0.6111595908739309,0.22300536578542135,On higher,FALSE,DE only
rx2,3.75072025411809,3.36627173880393,1.46876943219959,0.00944822777922979,0.0231306928950486,On_vs_rest,On higher,On,rx2,rx2,Retinal regulation,TRUE,On higher,rx2,rx2,blue,0.6111595908739309,0.22300536578542135,On higher,FALSE,DE only
rcvrn3,74.7437159429161,1.91145142836938,0.857612327271842,0.020476806230154,0.0436491983105481,On_vs_rest,On higher,On,rcvrn3,rcvrn3,Photoreceptor recovery,TRUE,On higher,rcvrn3,rcvrn3,royalblue,0.13039713739981995,0.7769043808518864,On higher,FALSE,DE only
crx,17.0648031336895,1.78922772895968,0.93405815876602,0.0447506139696616,0.082334255880482,On_vs_rest,Not significant,On,crx,crx,Photoreceptor regulation,FALSE,Not significant,crx,crx,pink,0.028672676350144893,0.9533493594195522,On higher,FALSE,No significant species-associated evidence
otx2b,4.14644278012234,2.37378086021138,1.3909779691698,0.0567798288939258,0.0996816196943501,On_vs_rest,Not significant,On,otx2b,otx2b,Photoreceptor regulation,FALSE,Not significant,otx2b,NA,NA,NA,NA,NA,NA,No significant species-associated evidence
guca1d,3.97266472864489,2.34601155412905,1.51329572934551,0.076558702790495,0.126974268830906,On_vs_rest,Not significant,On,guca1d,guca1d,Photoreceptor recovery,FALSE,Not significant,guca1d,guca1d,pink,0.028672676350144893,0.9533493594195522,On higher,FALSE,No significant species-associated evidence
rcvrn2,327.80690955634,0.875575438190762,0.541285611632917,0.100521811157649,0.158580312198151,On_vs_rest,Not significant,On,rcvrn2,rcvrn2,Photoreceptor recovery,FALSE,Not significant,rcvrn2,rcvrn2,turquoise,0.6191755265029705,0.22300536578542135,On higher,FALSE,No significant species-associated evidence
guca1a,24.0699651560929,1.35530208223291,0.860137718043487,0.101260728723676,0.159468026963329,On_vs_rest,Not significant,On,guca1a,guca1a,Photoreceptor recovery,FALSE,Not significant,guca1a,guca1a,royalblue,0.13039713739981995,0.7769043808518864,On higher,FALSE,No significant species-associated evidence
nrl,6.12008102398229,1.61475806993327,1.07167955586935,0.108783891302728,0.169351069315887,On_vs_rest,Not significant,On,nrl,nrl,Photoreceptor regulation,FALSE,Not significant,nrl,nrl,royalblue,0.13039713739981995,0.7769043808518864,On higher,FALSE,No significant species-associated evidence
six6a,10.4056654647985,1.32969081763682,1.01805876553378,0.167215566481736,0.23995257029488,On_vs_rest,Not significant,On,six6a,six6a,Retinal regulation,FALSE,Not significant,six6a,six6a,royalblue,0.13039713739981995,0.7769043808518864,On higher,FALSE,No significant species-associated evidence
rx1,3.88729683371985,1.34812129853431,1.21382367681606,0.22822856053182,0.308125580230676,On_vs_rest,Not significant,On,rx1,rx1,Retinal regulation,FALSE,Not significant,rx1,NA,NA,NA,NA,NA,NA,No significant species-associated evidence
rpe65b,43.1908612564652,-0.772566406540843,0.67888093179562,0.24371542269841,0.324781105673847,On_vs_rest,Not significant,On,rpe65b,rpe65b,Visual cycle,FALSE,Not significant,rpe65b,rpe65b,black,0.3629991923892552,0.4319944103845951,On higher,FALSE,No significant species-associated evidence
gnat2,223.287627767456,-0.870973496149236,0.788229601966889,0.253548918567419,0.336125641557882,On_vs_rest,Not significant,On,gnat2,gnat2,Phototransduction,FALSE,Not significant,gnat2,gnat2,yellow,-0.13711328961761843,0.7667304315713559,On lower,FALSE,No significant species-associated evidence
guca1c,435.620949827032,-0.518522010979729,1.05483091013491,0.601593177345866,0.675486135853609,On_vs_rest,Not significant,On,guca1c,guca1c,Photoreceptor recovery,FALSE,Not significant,guca1c,guca1c,yellow,-0.13711328961761843,0.7667304315713559,On lower,FALSE,No significant species-associated evidence
rgs9a,122.870403062682,-0.167771612762264,0.908292948678783,0.846946074177141,0.881356301797983,On_vs_rest,Not significant,On,rgs9a,rgs9a,Photoreceptor recovery,FALSE,Not significant,rgs9a,rgs9a,lightcyan,-0.34768188662731614,0.4564786808214465,On lower,FALSE,No significant species-associated evidence
opn1sw2,401.773466733748,0.1829129302113,1.03814002490753,0.851845032721252,0.885097307247684,On_vs_rest,Not significant,On,opn1sw2,opn1sw2,Opsin / photopigment,FALSE,Not significant,opn1sw2,opn1sw2,pink,0.028672676350144893,0.9533493594195522,On higher,FALSE,No significant species-associated evidence
pax6b,1.97341671449506,0.0294919940977385,1.58546356183036,0.982787794930836,0.988858133380069,On_vs_rest,Not significant,On,pax6b,pax6b,Retinal regulation,FALSE,Not significant,pax6b,NA,NA,NA,NA,NA,NA,No significant species-associated evidence
cnga1a,246.561509333681,4.31417244609338,0.998071522300133,NA,NA,On_vs_rest,Not significant,On,cnga1a,cnga1a,CNG channel,FALSE,Not significant,cnga1a,cnga1a,pink,0.028672676350144893,0.9533493594195522,On higher,FALSE,No significant species-associated evidence
pde6b,141.919563851369,2.41200906247967,1.09779727731796,NA,NA,On_vs_rest,Not significant,On,pde6b,pde6b,Phototransduction,FALSE,Not significant,pde6b,pde6b,green,0.3832123117419739,0.4103341677449856,On higher,FALSE,No significant species-associated evidence
gngt1,230.427175935877,3.68954699131481,0.816573231894093,2.06033172047217e-7,2.74479560571534e-6,Pn_vs_rest,Pn higher,Pn,gngt1,gngt1,Phototransduction,TRUE,Pn higher,gngt1,gngt1,blue,0.23158457594357873,0.6050596647243174,Pn higher,FALSE,DE only
arr3a,265.827696270724,3.36985362426224,1.00263336184465,3.73594813025162e-5,3.2834833011433e-4,Pn_vs_rest,Pn higher,Pn,arr3a,arr3a,Photoreceptor recovery,TRUE,Pn higher,arr3a,arr3a,blue,0.23158457594357873,0.6050596647243174,Pn higher,FALSE,DE only
opn1lw1,36.4101305274267,3.47978669801639,1.14331802338076,1.0332414951419e-4,8.2974012452518e-4,Pn_vs_rest,Pn higher,Pn,opn1lw1,opn1lw1,Opsin / photopigment,TRUE,Pn higher,opn1lw1,opn1lw1,lightyellow,0.3966725709066531,0.4034400716411257,Pn higher,FALSE,DE only
guca1b,91.2242424948658,2.74707617684128,0.877423468351644,1.7777312424424e-4,0.00134242044178706,Pn_vs_rest,Pn higher,Pn,guca1b,guca1b,Photoreceptor recovery,TRUE,Pn higher,guca1b,guca1b,blue,0.23158457594357873,0.6050596647243174,Pn higher,FALSE,DE only
rgs9a,122.870403062682,-2.76800709799978,0.969485510986438,4.2626482355466e-4,0.00292560065450535,Pn_vs_rest,Other species higher,Pn,rgs9a,rgs9a,Photoreceptor recovery,TRUE,Pn lower,rgs9a,rgs9a,lightcyan,-0.3000219675783688,0.5025387803860338,Pn lower,FALSE,DE only
gnat2,223.287627767456,-2.27199630676202,0.792084457930381,7.9593014544256e-4,0.00499667257972277,Pn_vs_rest,Other species higher,Pn,gnat2,gnat2,Phototransduction,TRUE,Pn lower,gnat2,gnat2,yellow,-0.3013011598833346,0.5025387803860338,Pn lower,FALSE,DE only
guca1a,24.0699651560929,2.04386867935171,0.821100860235389,0.00325333215207838,0.0164696686866816,Pn_vs_rest,Pn higher,Pn,guca1a,guca1a,Photoreceptor recovery,TRUE,Pn higher,guca1a,guca1a,royalblue,0.44767575134524196,0.3356980473144965,Pn higher,FALSE,DE only
rcvrn2,327.80690955634,-1.41867311283575,0.528313270835715,0.00388103381153663,0.0189939535648908,Pn_vs_rest,Other species higher,Pn,rcvrn2,rcvrn2,Photoreceptor recovery,TRUE,Pn lower,rcvrn2,rcvrn2,turquoise,-0.18966476099494292,0.6794958180364775,Pn lower,FALSE,DE only
cnga1b,91.880106660169,-3.03886619360878,1.69242892191537,0.00511101523856636,0.023851404446643,Pn_vs_rest,Other species higher,Pn,cnga1b,cnga1b,CNG channel,TRUE,Pn lower,cnga1b,cnga1b,black,-0.24122004932744578,0.6001094067569378,Pn lower,FALSE,DE only
pde6a,68.6887571194873,1.83210588577823,0.773741970665838,0.00588754849641623,0.026630741161774,Pn_vs_rest,Pn higher,Pn,pde6a,pde6a,Phototransduction,TRUE,Pn higher,pde6a,pde6a,blue,0.23158457594357873,0.6050596647243174,Pn higher,FALSE,DE only
rgs9b,7.68153964835598,1.93866601194235,1.0332468965705,0.016205101195103,0.0594813691198445,Pn_vs_rest,Not significant,Pn,rgs9b,rgs9b,Photoreceptor recovery,FALSE,Not significant,rgs9b,rgs9b,blue,0.23158457594357873,0.6050596647243174,Pn higher,FALSE,No significant species-associated evidence
six7,4.88613589656629,1.78968028733857,1.08057852330206,0.0300777928828175,0.0955963201217826,Pn_vs_rest,Not significant,Pn,six7,six7,Retinal regulation,FALSE,Not significant,six7,six7,blue,0.23158457594357873,0.6050596647243174,Pn higher,FALSE,No significant species-associated evidence
six6a,10.4056654647985,1.56756948241347,0.925386951161968,0.0368685077075172,0.11136225144304,Pn_vs_rest,Not significant,Pn,six6a,six6a,Retinal regulation,FALSE,Not significant,six6a,six6a,royalblue,0.44767575134524196,0.3356980473144965,Pn higher,FALSE,No significant species-associated evidence
gnat1,412.150530066831,1.20929286886685,0.656916840321806,0.0399779709634932,0.118547610242261,Pn_vs_rest,Not significant,Pn,gnat1,gnat1,Phototransduction,FALSE,Not significant,gnat1,gnat1,blue,0.23158457594357873,0.6050596647243174,Pn higher,FALSE,No significant species-associated evidence
crx,17.0648031336895,1.34012573509737,0.855374394182449,0.0602787363328413,0.160068755146546,Pn_vs_rest,Not significant,Pn,crx,crx,Photoreceptor regulation,FALSE,Not significant,crx,crx,pink,0.03880578831704033,0.9387523487632145,Pn higher,FALSE,No significant species-associated evidence
nrl,6.12008102398229,1.34277258570155,0.953652920897106,0.0787234771665969,0.193584094504748,Pn_vs_rest,Not significant,Pn,nrl,nrl,Photoreceptor regulation,FALSE,Not significant,nrl,nrl,royalblue,0.44767575134524196,0.3356980473144965,Pn higher,FALSE,No significant species-associated evidence
rdh8a,50.7547776545052,0.826909479018711,0.609206204126534,0.13634277030932,0.285404250915442,Pn_vs_rest,Not significant,Pn,rdh8a,rdh8a,Visual cycle,FALSE,Not significant,rdh8a,rdh8a,blue,0.23158457594357873,0.6050596647243174,Pn higher,FALSE,No significant species-associated evidence
pde6c,46.0198659559165,1.10464112650097,0.947912725769707,0.145923937958887,0.299418080140265,Pn_vs_rest,Not significant,Pn,pde6c,pde6c,Phototransduction,FALSE,Not significant,pde6c,pde6c,blue,0.23158457594357873,0.6050596647243174,Pn higher,FALSE,No significant species-associated evidence
pde6ga,44.2251257177041,-1.18689573325159,1.09674306379559,0.148472718135671,0.302587877733503,Pn_vs_rest,Not significant,Pn,pde6ga,pde6ga,Phototransduction,FALSE,Not significant,pde6ga,pde6ga,turquoise,-0.18966476099494292,0.6794958180364775,Pn lower,FALSE,No significant species-associated evidence
abca4b,21.5803179388603,0.962948943080262,0.884243829752647,0.185954911180931,0.353948561917157,Pn_vs_rest,Not significant,Pn,abca4b,abca4b,Visual cycle,FALSE,Not significant,abca4b,abca4b,turquoise,-0.18966476099494292,0.6794958180364775,Pn lower,FALSE,No significant species-associated evidence
rpe65b,43.1908612564652,-0.649994302479512,0.60802885200926,0.241192693099968,0.423492608750443,Pn_vs_rest,Not significant,Pn,rpe65b,rpe65b,Visual cycle,FALSE,Not significant,rpe65b,rpe65b,black,-0.24122004932744578,0.6001094067569378,Pn lower,FALSE,No significant species-associated evidence
opn1sw2,401.773466733748,0.664765674306627,0.90376756866276,0.36710222123581,0.556412660115019,Pn_vs_rest,Not significant,Pn,opn1sw2,opn1sw2,Opsin / photopigment,FALSE,Not significant,opn1sw2,opn1sw2,pink,0.03880578831704033,0.9387523487632145,Pn higher,FALSE,No significant species-associated evidence
cnga3a,16.6158102651795,0.481394043028948,0.811021486756713,0.484269802256022,0.664165433176443,Pn_vs_rest,Not significant,Pn,cnga3a,cnga3a,CNG channel,FALSE,Not significant,cnga3a,cnga3a,black,-0.24122004932744578,0.6001094067569378,Pn lower,FALSE,No significant species-associated evidence
rdh12,4.65037736506299,-0.593870174153555,1.39169517540982,0.49129149773982,0.670492130709777,Pn_vs_rest,Not significant,Pn,rdh12,rdh12,Visual cycle,FALSE,Not significant,rdh12,rdh12,magenta,-0.13931182167716974,0.7667304315713559,Pn lower,FALSE,No significant species-associated evidence
rcvrn3,74.7437159429161,0.431884519807589,0.773072127810426,0.516753756433253,0.691189552041772,Pn_vs_rest,Not significant,Pn,rcvrn3,rcvrn3,Photoreceptor recovery,FALSE,Not significant,rcvrn3,rcvrn3,royalblue,0.44767575134524196,0.3356980473144965,Pn higher,FALSE,No significant species-associated evidence
abca4a,34.1993308265369,0.275439179137529,0.706997278039873,0.659205095915677,0.800815866184374,Pn_vs_rest,Not significant,Pn,abca4a,abca4a,Visual cycle,FALSE,Not significant,abca4a,abca4a,green,-0.22581276319382,0.60679411217905,Pn lower,FALSE,No significant species-associated evidence
rdh5,29.1153481606706,-0.356089225132284,1.72623877932865,0.660735073431888,0.801846898813746,Pn_vs_rest,Not significant,Pn,rdh5,rdh5,Visual cycle,FALSE,Not significant,rdh5,rdh5,blue,0.23158457594357873,0.6050596647243174,Pn higher,FALSE,No significant species-associated evidence
cngb1b,11.1476521119874,0.25722307628006,0.96697704165459,0.736395114053205,0.849882962197462,Pn_vs_rest,Not significant,Pn,cngb1b,cngb1b,CNG channel,FALSE,Not significant,cngb1b,cngb1b,turquoise,-0.18966476099494292,0.6794958180364775,Pn lower,FALSE,No significant species-associated evidence
guca1c,435.620949827032,-0.104135336825333,0.903026579777292,0.887452903053413,0.943039793538539,Pn_vs_rest,Not significant,Pn,guca1c,guca1c,Photoreceptor recovery,FALSE,Not significant,guca1c,guca1c,yellow,-0.3013011598833346,0.5025387803860338,Pn lower,FALSE,No significant species-associated evidence
NR2E3,14.6707132277912,0.0640354288057524,1.02497387028242,0.93503761485518,0.969335782518075,Pn_vs_rest,Not significant,Pn,nr2e3,nr2e3,Photoreceptor regulation,FALSE,Not significant,nr2e3,NR2E3,magenta,-0.13931182167716974,0.7667304315713559,Pn lower,FALSE,No significant species-associated evidence
rpe65a,153.345016482509,0.0474467033998801,0.93796013959827,0.949664896410881,0.975406502919665,Pn_vs_rest,Not significant,Pn,rpe65a,rpe65a,Visual cycle,FALSE,Not significant,rpe65a,rpe65a,green,-0.22581276319382,0.60679411217905,Pn lower,FALSE,No significant species-associated evidence
cnga1a,246.561509333681,1.97571780784958,0.974970668355167,NA,NA,Pn_vs_rest,Not significant,Pn,cnga1a,cnga1a,CNG channel,FALSE,Not significant,cnga1a,cnga1a,pink,0.03880578831704033,0.9387523487632145,Pn higher,FALSE,No significant species-associated evidence
pax6b,1.97341671449506,1.57553331504161,1.30190353239875,0.0785166099052707,NA,Pn_vs_rest,Not significant,Pn,pax6b,pax6b,Retinal regulation,FALSE,Not significant,pax6b,NA,NA,NA,NA,NA,NA,No significant species-associated evidence
guca1d,3.97266472864489,-1.13675222138332,1.43362333215057,0.205813446256399,NA,Pn_vs_rest,Not significant,Pn,guca1d,guca1d,Photoreceptor recovery,FALSE,Not significant,guca1d,guca1d,pink,0.03880578831704033,0.9387523487632145,Pn higher,FALSE,No significant species-associated evidence
otx2b,4.14644278012234,-0.962350113366121,1.32865663949545,0.270907179922204,NA,Pn_vs_rest,Not significant,Pn,otx2b,otx2b,Photoreceptor regulation,FALSE,Not significant,otx2b,NA,NA,NA,NA,NA,NA,No significant species-associated evidence
rx1,3.88729683371985,0.787621172354127,1.01781429997458,0.31702914230722,NA,Pn_vs_rest,Not significant,Pn,rx1,rx1,Retinal regulation,FALSE,Not significant,rx1,NA,NA,NA,NA,NA,NA,No significant species-associated evidence
pde6b,141.919563851369,-0.599266165195511,0.954680123363674,NA,NA,Pn_vs_rest,Not significant,Pn,pde6b,pde6b,Phototransduction,FALSE,Not significant,pde6b,pde6b,green,-0.22581276319382,0.60679411217905,Pn lower,FALSE,No significant species-associated evidence
rx2,3.75072025411809,-0.385946815831587,1.28239591870449,0.648471023227486,NA,Pn_vs_rest,Not significant,Pn,rx2,rx2,Retinal regulation,FALSE,Not significant,rx2,rx2,blue,0.23158457594357873,0.6050596647243174,Pn higher,FALSE,No significant species-associated evidence
