gene_name.x,baseMean,log2FoldChange,lfcSE,pvalue,padj,comparison,sig,species,gene_match,gene_name.y,visual_category,significant,direction,gene_name,dataset_gene_name,WGCNA_module,module_trait_correlation,module_trait_FDR,module_expression_pattern,species_associated_module,evidence_class,MM,MM_pvalue,GS,GS_pvalue,supported_hub,passes_MM,passes_aligned_GS,passes_GS_pvalue,passes_all_support_criteria,exploratory_joint_score,supported_hub_rank
opn1sw2,401.773466733748,6.90551361811479,1.17901593131271,2.29710370645294e-10,7.24541010968159e-9,Ab_vs_rest,Ab higher,Ab,opn1sw2,opn1sw2,Opsin / photopigment,TRUE,Ab higher,opn1sw2,opn1sw2,pink,0.6129723204851442,0.22300536578542135,Ab higher,FALSE,DE only,0.931749630204717,1.0392555094901696e-5,0.7434710054783119,0.0055800832507518,FALSE,NA,NA,NA,NA,NA,NA
guca1c,435.620949827032,4.94945872724114,1.18429533163692,6.61889896121814e-6,7.87165629068864e-5,Ab_vs_rest,Ab higher,Ab,guca1c,guca1c,Photoreceptor recovery,TRUE,Ab higher,guca1c,guca1c,yellow,0.501564687866539,0.26583297576755593,Ab higher,FALSE,DE only,0.764709649381022,0.00376631303936747,0.501223031279852,0.09690539698334592,FALSE,NA,NA,NA,NA,NA,NA
gnat1,412.150530066831,-3.52928205168208,0.821424307765151,8.72630435201607e-6,1.0005159300156e-4,Ab_vs_rest,Other species higher,Ab,gnat1,gnat1,Phototransduction,TRUE,Ab lower,gnat1,gnat1,blue,-0.5395004507837308,0.2554416259529368,Ab lower,FALSE,DE only,0.7232496306987828,0.00785481997453543,-0.7071530447080308,0.01011244587027788,FALSE,NA,NA,NA,NA,NA,NA
abca4a,34.1993308265369,-5.48910049699896,1.48775598784493,2.9931754244269e-5,3.0120479050348e-4,Ab_vs_rest,Other species higher,Ab,abca4a,abca4a,Visual cycle,TRUE,Ab lower,abca4a,abca4a,green,-0.669255807988998,0.22300536578542135,Ab lower,FALSE,DE only,0.7208743174028153,0.00816159352513431,-0.7210584098462132,0.00813750266167395,FALSE,NA,NA,NA,NA,NA,NA
rgs9a,122.870403062682,3.97403718466631,1.02890412485893,4.4845049354017e-5,4.316809334681e-4,Ab_vs_rest,Ab higher,Ab,rgs9a,rgs9a,Photoreceptor recovery,TRUE,Ab higher,rgs9a,rgs9a,lightcyan,0.4328170347939823,0.3553530671908849,Ab higher,FALSE,DE only,0.8415413456850518,5.991669698779859e-4,0.7048666165200137,0.01046850570812498,FALSE,NA,NA,NA,NA,NA,NA
rpe65a,153.345016482509,-5.85451448422502,1.70347270417597,4.9630858011672e-5,4.7149315111088e-4,Ab_vs_rest,Other species higher,Ab,rpe65a,rpe65a,Visual cycle,TRUE,Ab lower,rpe65a,rpe65a,green,-0.669255807988998,0.22300536578542135,Ab lower,FALSE,DE only,0.6385387172261918,0.02543204818584354,-0.6327180035184765,0.02723930080746638,FALSE,NA,NA,NA,NA,NA,NA
otx2b,4.14644278012234,3.8565537246606,1.50874283713906,0.00378327992993627,0.0170192975085408,Ab_vs_rest,Ab higher,Ab,otx2b,otx2b,Photoreceptor regulation,TRUE,Ab higher,otx2b,NA,NA,NA,NA,NA,NA,DE only,NA,NA,NA,NA,FALSE,NA,NA,NA,NA,NA,NA
rcvrn3,74.7437159429161,-2.67821687838493,1.03120857666259,0.0060878332486841,0.0241936799424796,Ab_vs_rest,Other species higher,Ab,rcvrn3,rcvrn3,Photoreceptor recovery,TRUE,Ab lower,rcvrn3,rcvrn3,royalblue,-0.1769120618852707,0.7058114907553008,Ab lower,FALSE,DE only,0.6618217617377714,0.01906256392763336,-0.6943621454140798,0.0122253835680381,FALSE,NA,NA,NA,NA,NA,NA
pde6a,68.6887571194873,-2.57755685735195,0.995146881727428,0.00643452657394312,0.0251210968982711,Ab_vs_rest,Other species higher,Ab,pde6a,pde6a,Phototransduction,TRUE,Ab lower,pde6a,pde6a,blue,-0.5395004507837308,0.2554416259529368,Ab lower,FALSE,DE only,0.7866789234857575,0.0024012191833313,-0.510609760423316,0.08982531435837256,FALSE,NA,NA,NA,NA,NA,NA
opn1lw1,36.4101305274267,2.87365391071315,1.17680508807838,0.00866340962352295,0.0314531432191598,Ab_vs_rest,Ab higher,Ab,opn1lw1,opn1lw1,Opsin / photopigment,TRUE,Ab higher,opn1lw1,opn1lw1,lightyellow,0.25698665728929615,0.566364694999859,Ab higher,FALSE,DE only,0.8605077721304568,3.2754081740166797e-4,0.18626469803203932,0.5621676117496194,FALSE,NA,NA,NA,NA,NA,NA
crx,17.0648031336895,2.33573390096344,1.03428630980815,0.0170465909740684,0.0501407283350777,Ab_vs_rest,Not significant,Ab,crx,crx,Photoreceptor regulation,FALSE,Not significant,crx,crx,pink,0.6129723204851442,0.22300536578542135,Ab higher,FALSE,No significant integrated evidence,0.8741666152692076,2.004027514146791e-4,0.34738654204457137,0.2685575481790919,FALSE,NA,NA,NA,NA,NA,NA
cnga1b,91.880106660169,-3.40439626790141,1.75448337130666,0.0208141279574764,0.0571564835170894,Ab_vs_rest,Not significant,Ab,cnga1b,cnga1b,CNG channel,FALSE,Not significant,cnga1b,cnga1b,black,-0.31362423984658255,0.49202729034295944,Ab lower,FALSE,No significant integrated evidence,0.7757802268437313,0.00302020336438509,-0.361331665733303,0.248493528209781,FALSE,NA,NA,NA,NA,NA,NA
rgs9b,7.68153964835598,-3.13361834023894,1.62525485191429,0.025551474219618,0.0651024151572642,Ab_vs_rest,Not significant,Ab,rgs9b,rgs9b,Photoreceptor recovery,FALSE,Not significant,rgs9b,rgs9b,blue,-0.5395004507837308,0.2554416259529368,Ab lower,FALSE,No significant integrated evidence,0.8108663534767789,0.00137420123824021,-0.5690857816482856,0.05346576238899063,FALSE,NA,NA,NA,NA,NA,NA
rdh8a,50.7547776545052,-1.6733645391454,0.796868870009623,0.0301710706993883,0.0726728476248471,Ab_vs_rest,Not significant,Ab,rdh8a,rdh8a,Visual cycle,FALSE,Not significant,rdh8a,rdh8a,blue,-0.5395004507837308,0.2554416259529368,Ab lower,FALSE,No significant integrated evidence,0.7911048238065811,0.00217964196066407,-0.5465021468156437,0.06598610918084075,FALSE,NA,NA,NA,NA,NA,NA
gnat2,223.287627767456,1.73869095920518,0.893932014747518,0.0428542979953297,0.0911733822019331,Ab_vs_rest,Not significant,Ab,gnat2,gnat2,Phototransduction,FALSE,Not significant,gnat2,gnat2,yellow,0.501564687866539,0.26583297576755593,Ab higher,FALSE,No significant integrated evidence,0.8038164506357466,0.00162935939100464,0.3768910330225672,0.2271799541264749,FALSE,NA,NA,NA,NA,NA,NA
NR2E3,14.6707132277912,-2.88713731021247,1.67616705016208,0.0437869695503214,0.0924636192144919,Ab_vs_rest,Not significant,Ab,nr2e3,nr2e3,Photoreceptor regulation,FALSE,Not significant,nr2e3,NR2E3,magenta,-0.38686907335295995,0.4103341677449856,Ab lower,FALSE,No significant integrated evidence,0.8411326819374478,6.064935861507699e-4,-0.443230281754899,0.14897860108940433,FALSE,NA,NA,NA,NA,NA,NA
gngt1,230.427175935877,-1.67568087037308,0.907893582694872,0.0543237342107138,0.105680984642003,Ab_vs_rest,Not significant,Ab,gngt1,gngt1,Phototransduction,FALSE,Not significant,gngt1,gngt1,blue,-0.5395004507837308,0.2554416259529368,Ab lower,FALSE,No significant integrated evidence,0.899318311450282,6.865908377334946e-5,-0.4343235523343778,0.15829699174850878,FALSE,NA,NA,NA,NA,NA,NA
guca1d,3.97266472864489,2.70259247512408,1.67547872734153,0.059066623954169,0.111880289379129,Ab_vs_rest,Not significant,Ab,guca1d,guca1d,Photoreceptor recovery,FALSE,Not significant,guca1d,guca1d,pink,0.6129723204851442,0.22300536578542135,Ab higher,FALSE,No significant integrated evidence,0.783044575499461,0.00259569199862227,0.5936318008552796,0.04185547695459837,FALSE,NA,NA,NA,NA,NA,NA
six7,4.88613589656629,-2.63006737538675,1.65948248014701,0.0645449149157831,0.119450004876612,Ab_vs_rest,Not significant,Ab,six7,six7,Retinal regulation,FALSE,Not significant,six7,six7,blue,-0.5395004507837308,0.2554416259529368,Ab lower,FALSE,No significant integrated evidence,0.7766467874691363,0.00296696583369793,-0.5540011196324983,0.06162488632764446,FALSE,NA,NA,NA,NA,NA,NA
rx1,3.88729683371985,2.01445850008829,1.31303306365553,0.0928188781291588,0.152357382133754,Ab_vs_rest,Not significant,Ab,rx1,rx1,Retinal regulation,FALSE,Not significant,rx1,NA,NA,NA,NA,NA,NA,No significant integrated evidence,NA,NA,NA,NA,FALSE,NA,NA,NA,NA,NA,NA
guca1b,91.2242424948658,-1.31324947744244,1.01426921951196,0.172393319122512,0.23686264699754,Ab_vs_rest,Not significant,Ab,guca1b,guca1b,Photoreceptor recovery,FALSE,Not significant,guca1b,guca1b,blue,-0.5395004507837308,0.2554416259529368,Ab lower,FALSE,No significant integrated evidence,0.849853563651548,4.644427417359227e-4,-0.4901778491502378,0.10570430255604547,FALSE,NA,NA,NA,NA,NA,NA
rx2,3.75072025411809,-1.93658382980414,1.88955475044693,0.206630012775427,0.270157994794116,Ab_vs_rest,Not significant,Ab,rx2,rx2,Retinal regulation,FALSE,Not significant,rx2,rx2,blue,-0.5395004507837308,0.2554416259529368,Ab lower,FALSE,No significant integrated evidence,0.5165674487988343,0.08551774031198775,-0.352873917640975,0.2605541862748867,FALSE,NA,NA,NA,NA,NA,NA
cnga3a,16.6158102651795,1.14458630233108,1.02167647862318,0.237359185088162,0.300750444109802,Ab_vs_rest,Not significant,Ab,cnga3a,cnga3a,CNG channel,FALSE,Not significant,cnga3a,cnga3a,black,-0.31362423984658255,0.49202729034295944,Ab lower,FALSE,No significant integrated evidence,0.6073510702179594,0.03621064630874683,0.13207141054324398,0.6824218543190137,FALSE,NA,NA,NA,NA,NA,NA
arr3a,265.827696270724,-1.17723622818783,1.07466397531335,0.245095463217269,0.308009731728159,Ab_vs_rest,Not significant,Ab,arr3a,arr3a,Photoreceptor recovery,FALSE,Not significant,arr3a,arr3a,blue,-0.5395004507837308,0.2554416259529368,Ab lower,FALSE,No significant integrated evidence,0.7730223824996949,0.00319448275565189,-0.3525765699638039,0.26098427513122763,FALSE,NA,NA,NA,NA,NA,NA
abca4b,21.5803179388603,1.19049121864494,1.11531422862993,0.255078930889231,0.317307851675146,Ab_vs_rest,Not significant,Ab,abca4b,abca4b,Visual cycle,FALSE,Not significant,abca4b,abca4b,turquoise,0.36933643495090507,0.4319944103845951,Ab higher,FALSE,No significant integrated evidence,0.5546613325602683,0.06125076895870668,-0.07223146995048317,0.8234736447605462,FALSE,NA,NA,NA,NA,NA,NA
cngb1b,11.1476521119874,1.17261919002798,1.24470754965645,0.306934740105563,0.369600003929741,Ab_vs_rest,Not significant,Ab,cngb1b,cngb1b,CNG channel,FALSE,Not significant,cngb1b,cngb1b,turquoise,0.36933643495090507,0.4319944103845951,Ab higher,FALSE,No significant integrated evidence,0.811099241795091,0.00136633239027895,0.06627292780382966,0.8378577969105698,FALSE,NA,NA,NA,NA,NA,NA
pde6ga,44.2251257177041,1.17719358543997,1.32336265185957,0.329121423370607,0.391414151787995,Ab_vs_rest,Not significant,Ab,pde6ga,pde6ga,Phototransduction,FALSE,Not significant,pde6ga,pde6ga,turquoise,0.36933643495090507,0.4319944103845951,Ab higher,FALSE,No significant integrated evidence,0.7864175227147054,0.00241482315585698,0.04737907999404728,0.8837513199557336,FALSE,NA,NA,NA,NA,NA,NA
nrl,6.12008102398229,1.02423363829065,1.20004448074146,0.357608701021387,0.419048081373079,Ab_vs_rest,Not significant,Ab,nrl,nrl,Photoreceptor regulation,FALSE,Not significant,nrl,nrl,royalblue,-0.1769120618852707,0.7058114907553008,Ab lower,FALSE,No significant integrated evidence,0.8951299311329461,8.356969773234847e-5,0.13810874145858296,0.6686197400862208,FALSE,NA,NA,NA,NA,NA,NA
rpe65b,43.1908612564652,-0.65266371146477,0.753323577452386,0.372800563767792,0.433665961933962,Ab_vs_rest,Not significant,Ab,rpe65b,rpe65b,Visual cycle,FALSE,Not significant,rpe65b,rpe65b,black,-0.31362423984658255,0.49202729034295944,Ab lower,FALSE,No significant integrated evidence,0.6724854270045043,0.01657371743113325,-0.12920628534476974,0.6890035778769696,FALSE,NA,NA,NA,NA,NA,NA
six6a,10.4056654647985,0.820404180762985,1.13885681381064,0.441121647927069,0.498463714310112,Ab_vs_rest,Not significant,Ab,six6a,six6a,Retinal regulation,FALSE,Not significant,six6a,six6a,royalblue,-0.1769120618852707,0.7058114907553008,Ab lower,FALSE,No significant integrated evidence,0.8346634676877298,7.319975982543207e-4,-0.0661012816721715,0.8382728539367599,FALSE,NA,NA,NA,NA,NA,NA
rdh5,29.1153481606706,-0.990311584119188,2.57551743614258,0.531104215252063,0.582812381423468,Ab_vs_rest,Not significant,Ab,rdh5,rdh5,Visual cycle,FALSE,Not significant,rdh5,rdh5,blue,-0.5395004507837308,0.2554416259529368,Ab lower,FALSE,No significant integrated evidence,0.6312445536566887,0.02771112244044754,-0.23830947397513053,0.4557343881101744,FALSE,NA,NA,NA,NA,NA,NA
guca1a,24.0699651560929,0.549413233986772,0.96732194296996,0.551450122017921,0.601911089276845,Ab_vs_rest,Not significant,Ab,guca1a,guca1a,Photoreceptor recovery,FALSE,Not significant,guca1a,guca1a,royalblue,-0.1769120618852707,0.7058114907553008,Ab lower,FALSE,No significant integrated evidence,0.8720622464907434,2.1692913429959877e-4,-0.21410196402750284,0.5040119845301354,FALSE,NA,NA,NA,NA,NA,NA
rdh12,4.65037736506299,-0.82628590028867,1.98588239053759,0.598105057353101,0.643775704388771,Ab_vs_rest,Not significant,Ab,rdh12,rdh12,Visual cycle,FALSE,Not significant,rdh12,rdh12,magenta,-0.38686907335295995,0.4103341677449856,Ab lower,FALSE,No significant integrated evidence,0.8992384011690393,6.89224433137074e-5,-0.25321624138516124,0.42714293667366354,FALSE,NA,NA,NA,NA,NA,NA
pde6c,46.0198659559165,0.107590261523875,1.20983258666808,0.923541166280366,0.934786720816504,Ab_vs_rest,Not significant,Ab,pde6c,pde6c,Phototransduction,FALSE,Not significant,pde6c,pde6c,blue,-0.5395004507837308,0.2554416259529368,Ab lower,FALSE,No significant integrated evidence,0.6316700128101932,0.02757428254117904,-0.24193357157803372,0.4487015155598676,FALSE,NA,NA,NA,NA,NA,NA
rcvrn2,327.80690955634,0.0350976255199594,0.625668223675975,0.954392195982789,0.960167640436543,Ab_vs_rest,Not significant,Ab,rcvrn2,rcvrn2,Photoreceptor recovery,FALSE,Not significant,rcvrn2,rcvrn2,turquoise,0.36933643495090507,0.4319944103845951,Ab higher,FALSE,No significant integrated evidence,0.361321890396203,0.24850727485445384,-0.02438243479191079,0.9400438895795622,FALSE,NA,NA,NA,NA,NA,NA
pde6b,141.919563851369,-2.51570822044147,1.27999578996287,NA,NA,Ab_vs_rest,Not significant,Ab,pde6b,pde6b,Phototransduction,FALSE,Not significant,pde6b,pde6b,green,-0.669255807988998,0.22300536578542135,Ab lower,FALSE,No significant integrated evidence,0.5010547987223853,0.09703559749143058,-0.3119181480982537,0.3236433969861169,FALSE,NA,NA,NA,NA,NA,NA
pax6b,1.97341671449506,-1.76863534317804,1.85070886740847,0.243737641294587,NA,Ab_vs_rest,Not significant,Ab,pax6b,pax6b,Retinal regulation,FALSE,Not significant,pax6b,NA,NA,NA,NA,NA,NA,No significant integrated evidence,NA,NA,NA,NA,FALSE,NA,NA,NA,NA,NA,NA
cnga1a,246.561509333681,1.74221081264197,1.13042375641105,NA,NA,Ab_vs_rest,Not significant,Ab,cnga1a,cnga1a,CNG channel,FALSE,Not significant,cnga1a,cnga1a,pink,0.6129723204851442,0.22300536578542135,Ab higher,FALSE,No significant integrated evidence,0.7136862352056048,0.0091446655012066,0.08592857902804696,0.7906032147223414,FALSE,NA,NA,NA,NA,NA,NA
rpe65b,43.1908612564652,3.42733613282825,0.767067018954224,4.54802922239616e-7,3.91600262623218e-6,Mz_vs_rest,Mz higher,Mz,rpe65b,rpe65b,Visual cycle,TRUE,Mz higher,rpe65b,rpe65b,black,0.6822344185504048,0.22300536578542135,Mz higher,FALSE,DE only,0.6724854270045043,0.01657371743113325,0.8119738151934709,0.00133709104113678,FALSE,NA,NA,NA,NA,NA,NA
guca1c,435.620949827032,5.44671516643818,1.24726215132258,1.22678557660449e-6,9.98487313976018e-6,Mz_vs_rest,Mz higher,Mz,guca1c,guca1c,Photoreceptor recovery,TRUE,Mz higher,guca1c,guca1c,yellow,0.5602752331176636,0.2554416259529368,Mz higher,FALSE,DE only,0.764709649381022,0.00376631303936747,0.5677516446736531,0.05415504956385444,FALSE,NA,NA,NA,NA,NA,NA
cnga1b,91.880106660169,6.12668335882782,1.46871029734687,2.43514122113306e-6,1.86085374981585e-5,Mz_vs_rest,Mz higher,Mz,cnga1b,cnga1b,CNG channel,TRUE,Mz higher,cnga1b,cnga1b,black,0.6822344185504048,0.22300536578542135,Mz higher,FALSE,DE only,0.7757802268437313,0.00302020336438509,0.46340774310141986,0.12919124626966852,FALSE,NA,NA,NA,NA,NA,NA
gnat2,223.287627767456,3.47720753967078,0.987953328253961,2.57243239187263e-5,1.6991024033713e-4,Mz_vs_rest,Mz higher,Mz,gnat2,gnat2,Phototransduction,TRUE,Mz higher,gnat2,gnat2,yellow,0.5602752331176636,0.2554416259529368,Mz higher,FALSE,DE only,0.8038164506357466,0.00162935939100464,0.602775111785604,0.03802898075885693,FALSE,NA,NA,NA,NA,NA,NA
guca1a,24.0699651560929,2.78869494576598,1.03319120373073,5.7714502719294e-4,0.00292707708317283,Mz_vs_rest,Mz higher,Mz,guca1a,guca1a,Photoreceptor recovery,TRUE,Mz higher,guca1a,guca1a,royalblue,0.1925996462561018,0.6788016468026334,Mz higher,FALSE,DE only,0.8720622464907434,2.1692913429959877e-4,0.40276799912272576,0.19424375846888933,FALSE,NA,NA,NA,NA,NA,NA
gngt1,230.427175935877,2.50159334804659,0.935726119945574,7.6719621922774e-4,0.00377559355831041,Mz_vs_rest,Mz higher,Mz,gngt1,gngt1,Phototransduction,TRUE,Mz higher,gngt1,gngt1,blue,0.08482960697026748,0.8514638674072926,Mz higher,FALSE,DE only,0.899318311450282,6.865908377334946e-5,0.13279399045530563,0.6807651358920758,FALSE,NA,NA,NA,NA,NA,NA
opn1lw1,36.4101305274267,-4.45082845497492,1.94253720054943,0.00109540670932955,0.005151220269001,Mz_vs_rest,Other species higher,Mz,opn1lw1,opn1lw1,Opsin / photopigment,TRUE,Mz lower,opn1lw1,opn1lw1,lightyellow,-0.44577691973802913,0.3356980473144965,Mz lower,FALSE,DE only,0.8605077721304568,3.2754081740166797e-4,-0.5133150955882103,0.08785152722292187,FALSE,NA,NA,NA,NA,NA,NA
arr3a,265.827696270724,2.47308028904826,1.15693889465555,0.0038262877053571,0.0156872093553463,Mz_vs_rest,Mz higher,Mz,arr3a,arr3a,Photoreceptor recovery,TRUE,Mz higher,arr3a,arr3a,blue,0.08482960697026748,0.8514638674072926,Mz higher,FALSE,DE only,0.7730223824996949,0.00319448275565189,0.1594820462027988,0.6205335437437463,FALSE,NA,NA,NA,NA,NA,NA
guca1b,91.2242424948658,2.11863611767426,1.00969040572235,0.00580605189344029,0.0223547218458422,Mz_vs_rest,Mz higher,Mz,guca1b,guca1b,Photoreceptor recovery,TRUE,Mz higher,guca1b,guca1b,blue,0.08482960697026748,0.8514638674072926,Mz higher,FALSE,DE only,0.849853563651548,4.644427417359227e-4,0.15067394268151466,0.6401981345314252,FALSE,NA,NA,NA,NA,NA,NA
rcvrn2,327.80690955634,1.17539574915516,0.597778330076277,0.0249390651380337,0.0743711308343965,Mz_vs_rest,Not significant,Mz,rcvrn2,rcvrn2,Photoreceptor recovery,FALSE,Not significant,rcvrn2,rcvrn2,turquoise,-0.11228762858852552,0.8017544494121127,Mz lower,FALSE,No significant integrated evidence,0.361321890396203,0.24850727485445384,0.5080626273992481,0.09171084523091634,FALSE,NA,NA,NA,NA,NA,NA
cnga3a,16.6158102651795,1.65886364177447,0.995215251244726,0.0264605082620218,0.0778117137667793,Mz_vs_rest,Not significant,Mz,cnga3a,cnga3a,CNG channel,FALSE,Not significant,cnga3a,cnga3a,black,0.6822344185504048,0.22300536578542135,Mz higher,FALSE,No significant integrated evidence,0.6073510702179594,0.03621064630874683,0.4412868474443544,0.15098111208054563,FALSE,NA,NA,NA,NA,NA,NA
rgs9b,7.68153964835598,1.82608718140318,1.20992171548284,0.0308768618207062,0.0874341192678977,Mz_vs_rest,Not significant,Mz,rgs9b,rgs9b,Photoreceptor recovery,FALSE,Not significant,rgs9b,rgs9b,blue,0.08482960697026748,0.8514638674072926,Mz higher,FALSE,No significant integrated evidence,0.8108663534767789,0.00137420123824021,0.21368326960393355,0.5048663551838395,FALSE,NA,NA,NA,NA,NA,NA
six6a,10.4056654647985,1.51348324469231,1.07325083641272,0.0517024757003414,0.132371810750711,Mz_vs_rest,Not significant,Mz,six6a,six6a,Retinal regulation,FALSE,Not significant,six6a,six6a,royalblue,0.1925996462561018,0.6788016468026334,Mz higher,FALSE,No significant integrated evidence,0.8346634676877298,7.319975982543207e-4,0.3070089650908026,0.3317199952097286,FALSE,NA,NA,NA,NA,NA,NA
NR2E3,14.6707132277912,1.56009399274482,1.24958087760082,0.0660468920247162,0.159311705357294,Mz_vs_rest,Not significant,Mz,nr2e3,nr2e3,Photoreceptor regulation,FALSE,Not significant,nr2e3,NR2E3,magenta,-0.1179134727503532,0.8017544494121127,Mz lower,FALSE,No significant integrated evidence,0.8411326819374478,6.064935861507699e-4,0.19427497259873605,0.5451584267688876,FALSE,NA,NA,NA,NA,NA,NA
pde6c,46.0198659559165,1.35081095473487,1.11542552401553,0.0872162155041093,0.19594267770666,Mz_vs_rest,Not significant,Mz,pde6c,pde6c,Phototransduction,FALSE,Not significant,pde6c,pde6c,blue,0.08482960697026748,0.8514638674072926,Mz higher,FALSE,No significant integrated evidence,0.6316700128101932,0.02757428254117904,0.0204468335498903,0.9497096590169832,FALSE,NA,NA,NA,NA,NA,NA
pde6ga,44.2251257177041,1.40189534750541,1.23693289887775,0.0939069635513971,0.207500447172605,Mz_vs_rest,Not significant,Mz,pde6ga,pde6ga,Phototransduction,FALSE,Not significant,pde6ga,pde6ga,turquoise,-0.11228762858852552,0.8017544494121127,Mz lower,FALSE,No significant integrated evidence,0.7864175227147054,0.00241482315585698,0.27383307268297813,0.3891017796860329,FALSE,NA,NA,NA,NA,NA,NA
cngb1b,11.1476521119874,-1.22811122983968,1.42959110923541,0.166928736862809,0.317360715348714,Mz_vs_rest,Not significant,Mz,cngb1b,cngb1b,CNG channel,FALSE,Not significant,cngb1b,cngb1b,turquoise,-0.11228762858852552,0.8017544494121127,Mz lower,FALSE,No significant integrated evidence,0.811099241795091,0.00136633239027895,-0.36023291861973766,0.2500414467330677,FALSE,NA,NA,NA,NA,NA,NA
crx,17.0648031336895,0.775262713826102,0.903381697047779,0.262158762239192,0.433934268904944,Mz_vs_rest,Not significant,Mz,crx,crx,Photoreceptor regulation,FALSE,Not significant,crx,crx,pink,-0.020672044733298416,0.9571324687642487,Mz lower,FALSE,No significant integrated evidence,0.8741666152692076,2.004027514146791e-4,0.07391974317527916,0.8194069511707333,FALSE,NA,NA,NA,NA,NA,NA
rgs9a,122.870403062682,-0.743793789355302,0.897259272598156,0.279940639635909,0.452132566463824,Mz_vs_rest,Not significant,Mz,rgs9a,rgs9a,Photoreceptor recovery,FALSE,Not significant,rgs9a,rgs9a,lightcyan,-0.2198590764560461,0.6154121671869206,Mz lower,FALSE,No significant integrated evidence,0.8415413456850518,5.991669698779859e-4,-0.24608087038820775,0.44071740644473545,FALSE,NA,NA,NA,NA,NA,NA
gnat1,412.150530066831,0.61806293356901,0.710676725210846,0.299173218113541,0.471278903104734,Mz_vs_rest,Not significant,Mz,gnat1,gnat1,Phototransduction,FALSE,Not significant,gnat1,gnat1,blue,0.08482960697026748,0.8514638674072926,Mz higher,FALSE,No significant integrated evidence,0.7232496306987828,0.00785481997453543,0.07220863296955313,0.8235286817792562,FALSE,NA,NA,NA,NA,NA,NA
rcvrn3,74.7437159429161,0.68990256050492,0.852432714171672,0.301640830674311,0.473908580916636,Mz_vs_rest,Not significant,Mz,rcvrn3,rcvrn3,Photoreceptor recovery,FALSE,Not significant,rcvrn3,rcvrn3,royalblue,0.1925996462561018,0.6788016468026334,Mz higher,FALSE,No significant integrated evidence,0.6618217617377714,0.01906256392763336,0.3012001039738516,0.34141649811987773,FALSE,NA,NA,NA,NA,NA,NA
opn1sw2,401.773466733748,0.673855832957807,0.975834678226038,0.349114043752219,0.520548907513471,Mz_vs_rest,Not significant,Mz,opn1sw2,opn1sw2,Opsin / photopigment,FALSE,Not significant,opn1sw2,opn1sw2,pink,-0.020672044733298416,0.9571324687642487,Mz lower,FALSE,No significant integrated evidence,0.931749630204717,1.0392555094901696e-5,-0.05996534020811445,0.8531342822274943,FALSE,NA,NA,NA,NA,NA,NA
nrl,6.12008102398229,0.654156352128914,0.989906867021341,0.366733174285808,0.537927465987873,Mz_vs_rest,Not significant,Mz,nrl,nrl,Photoreceptor regulation,FALSE,Not significant,nrl,nrl,royalblue,0.1925996462561018,0.6788016468026334,Mz higher,FALSE,No significant integrated evidence,0.8951299311329461,8.356969773234847e-5,0.07698545036531736,0.8120328047290248,FALSE,NA,NA,NA,NA,NA,NA
abca4b,21.5803179388603,0.616988520120601,0.934905437227988,0.379987724909572,0.550761976410028,Mz_vs_rest,Not significant,Mz,abca4b,abca4b,Visual cycle,FALSE,Not significant,abca4b,abca4b,turquoise,-0.11228762858852552,0.8017544494121127,Mz lower,FALSE,No significant integrated evidence,0.5546613325602683,0.06125076895870668,-0.04382019952589881,0.8924368484523937,FALSE,NA,NA,NA,NA,NA,NA
rdh5,29.1153481606706,-0.225505381896814,1.91173138022991,0.795174554455459,0.875885965688475,Mz_vs_rest,Not significant,Mz,rdh5,rdh5,Visual cycle,FALSE,Not significant,rdh5,rdh5,blue,0.08482960697026748,0.8514638674072926,Mz higher,FALSE,No significant integrated evidence,0.6312445536566887,0.02771112244044754,-0.13126130428622285,0.6842807825178516,FALSE,NA,NA,NA,NA,NA,NA
abca4a,34.1993308265369,0.105466317463601,0.745241694580363,0.863616765155515,0.920909519689766,Mz_vs_rest,Not significant,Mz,abca4a,abca4a,Visual cycle,FALSE,Not significant,abca4a,abca4a,green,-0.15247158162265917,0.7411654445179834,Mz lower,FALSE,No significant integrated evidence,0.7208743174028153,0.00816159352513431,-0.1793386272194541,0.5770454358654584,FALSE,NA,NA,NA,NA,NA,NA
rdh8a,50.7547776545052,-0.0872670004185047,0.661204137153673,0.877619377354146,0.931994173750726,Mz_vs_rest,Not significant,Mz,rdh8a,rdh8a,Visual cycle,FALSE,Not significant,rdh8a,rdh8a,blue,0.08482960697026748,0.8514638674072926,Mz higher,FALSE,No significant integrated evidence,0.7911048238065811,0.00217964196066407,-0.08303003860295165,0.7975348628935492,FALSE,NA,NA,NA,NA,NA,NA
rpe65a,153.345016482509,0.0808352354710196,0.979189520158846,0.90996639145741,0.952055229822163,Mz_vs_rest,Not significant,Mz,rpe65a,rpe65a,Visual cycle,FALSE,Not significant,rpe65a,rpe65a,green,-0.15247158162265917,0.7411654445179834,Mz lower,FALSE,No significant integrated evidence,0.6385387172261918,0.02543204818584354,-0.09547067360525116,0.7678846020339628,FALSE,NA,NA,NA,NA,NA,NA
pde6a,68.6887571194873,8.6802970711186e-5,0.778593523158812,0.999890229755687,1,Mz_vs_rest,Not significant,Mz,pde6a,pde6a,Phototransduction,FALSE,Not significant,pde6a,pde6a,blue,0.08482960697026748,0.8514638674072926,Mz higher,FALSE,No significant integrated evidence,0.7866789234857575,0.0024012191833313,-0.08302414683529694,0.7975489664777895,FALSE,NA,NA,NA,NA,NA,NA
pax6b,1.97341671449506,1.91324856184083,1.61790401912462,0.0542129291893376,NA,Mz_vs_rest,Not significant,Mz,pax6b,pax6b,Retinal regulation,FALSE,Not significant,pax6b,NA,NA,NA,NA,NA,NA,No significant integrated evidence,NA,NA,NA,NA,FALSE,NA,NA,NA,NA,NA,NA
rx2,3.75072025411809,1.85129152591629,1.65067161668881,0.0636057323827054,NA,Mz_vs_rest,Not significant,Mz,rx2,rx2,Retinal regulation,FALSE,Not significant,rx2,rx2,blue,0.08482960697026748,0.8514638674072926,Mz higher,FALSE,No significant integrated evidence,0.5165674487988343,0.08551774031198775,0.4488042205237737,0.14332995468981224,FALSE,NA,NA,NA,NA,NA,NA
six7,4.88613589656629,0.938011982237235,1.11619231060972,0.227318364941658,NA,Mz_vs_rest,Not significant,Mz,six7,six7,Retinal regulation,FALSE,Not significant,six7,six7,blue,0.08482960697026748,0.8514638674072926,Mz higher,FALSE,No significant integrated evidence,0.7766467874691363,0.00296696583369793,0.08708777994457799,0.7878349363139475,FALSE,NA,NA,NA,NA,NA,NA
cnga1a,246.561509333681,0.89714490337213,0.986871187327193,NA,NA,Mz_vs_rest,Not significant,Mz,cnga1a,cnga1a,CNG channel,FALSE,Not significant,cnga1a,cnga1a,pink,-0.020672044733298416,0.9571324687642487,Mz lower,FALSE,No significant integrated evidence,0.7136862352056048,0.0091446655012066,-0.08240765653244239,0.7990250138670432,FALSE,NA,NA,NA,NA,NA,NA
pde6b,141.919563851369,-0.868302173906977,1.07974393915199,NA,NA,Mz_vs_rest,Not significant,Mz,pde6b,pde6b,Phototransduction,FALSE,Not significant,pde6b,pde6b,green,-0.15247158162265917,0.7411654445179834,Mz lower,FALSE,No significant integrated evidence,0.5010547987223853,0.09703559749143058,-0.14560573457178333,0.6516112474100548,FALSE,NA,NA,NA,NA,NA,NA
otx2b,4.14644278012234,-0.649220845518056,1.40976576560857,0.444614910610141,NA,Mz_vs_rest,Not significant,Mz,otx2b,otx2b,Photoreceptor regulation,FALSE,Not significant,otx2b,NA,NA,NA,NA,NA,NA,No significant integrated evidence,NA,NA,NA,NA,FALSE,NA,NA,NA,NA,NA,NA
rdh12,4.65037736506299,-0.606978594050513,1.54289938822878,0.487471327123285,NA,Mz_vs_rest,Not significant,Mz,rdh12,rdh12,Visual cycle,FALSE,Not significant,rdh12,rdh12,magenta,-0.1179134727503532,0.8017544494121127,Mz lower,FALSE,No significant integrated evidence,0.8992384011690393,6.89224433137074e-5,-0.2532162413851612,0.4271429366736639,FALSE,NA,NA,NA,NA,NA,NA
guca1d,3.97266472864489,0.200498717363245,1.28366213503428,0.803219726792917,NA,Mz_vs_rest,Not significant,Mz,guca1d,guca1d,Photoreceptor recovery,FALSE,Not significant,guca1d,guca1d,pink,-0.020672044733298416,0.9571324687642487,Mz lower,FALSE,No significant integrated evidence,0.783044575499461,0.00259569199862227,0.0422417516969213,0.8962926156633932,FALSE,NA,NA,NA,NA,NA,NA
rx1,3.88729683371985,0.0784908586455592,1.05574697226938,0.915574214362014,NA,Mz_vs_rest,Not significant,Mz,rx1,rx1,Retinal regulation,FALSE,Not significant,rx1,NA,NA,NA,NA,NA,NA,No significant integrated evidence,NA,NA,NA,NA,FALSE,NA,NA,NA,NA,NA,NA
gngt1,230.427175935877,-9.42945434687122,1.58471899194673,4.89937283114011e-10,3.34162352072633e-8,Nb_vs_rest,Other species higher,Nb,gngt1,gngt1,Phototransduction,TRUE,Nb lower,gngt1,gngt1,blue,-0.5245093931458347,0.25944765385749297,Nb lower,FALSE,DE only,0.899318311450282,6.865908377334946e-5,-0.6778030987225667,0.01542603056695296,FALSE,NA,NA,NA,NA,NA,NA
arr3a,265.827696270724,-9.64405864016328,1.6955329831587,2.11575095350692e-9,1.06858813980919e-7,Nb_vs_rest,Other species higher,Nb,arr3a,arr3a,Photoreceptor recovery,TRUE,Nb lower,arr3a,arr3a,blue,-0.5245093931458347,0.25944765385749297,Nb lower,FALSE,DE only,0.7730223824996949,0.00319448275565189,-0.7273528025540639,0.00734532951671224,FALSE,NA,NA,NA,NA,NA,NA
guca1c,435.620949827032,-9.86739576374109,1.77751880090901,4.19274904047739e-9,1.90103053085282e-7,Nb_vs_rest,Other species higher,Nb,guca1c,guca1c,Photoreceptor recovery,TRUE,Nb lower,guca1c,guca1c,yellow,-0.5524483624880374,0.2554416259529368,Nb lower,FALSE,DE only,0.764709649381022,0.00376631303936747,-0.6368739540490612,0.02593978917391659,FALSE,NA,NA,NA,NA,NA,NA
opn1sw2,401.773466733748,-9.1036467391643,1.76339949445299,4.76762939437237e-8,1.27670075728495e-6,Nb_vs_rest,Other species higher,Nb,opn1sw2,opn1sw2,Opsin / photopigment,TRUE,Nb lower,opn1sw2,opn1sw2,pink,-0.6707031667169419,0.22300536578542135,Nb lower,FALSE,DE only,0.931749630204717,1.0392555094901696e-5,-0.6376815398106966,0.0256925735188646,FALSE,NA,NA,NA,NA,NA,NA
guca1b,91.2242424948658,-8.33213222557982,1.6347532084892,8.9931729618945e-8,2.14725317062774e-6,Nb_vs_rest,Other species higher,Nb,guca1b,guca1b,Photoreceptor recovery,TRUE,Nb lower,guca1b,guca1b,blue,-0.5245093931458347,0.25944765385749297,Nb lower,FALSE,DE only,0.849853563651548,4.644427417359227e-4,-0.6254862324540001,0.02961172645399411,FALSE,NA,NA,NA,NA,NA,NA
guca1a,24.0699651560929,-7.24749317803022,1.62024801142182,2.76501905862207e-6,3.38417976806812e-5,Nb_vs_rest,Other species higher,Nb,guca1a,guca1a,Photoreceptor recovery,TRUE,Nb lower,guca1a,guca1a,royalblue,-0.6873475856719223,0.22300536578542135,Nb lower,FALSE,DE only,0.8720622464907434,2.1692913429959877e-4,-0.6456239119638496,0.02335135439111586,FALSE,NA,NA,NA,NA,NA,NA
pde6c,46.0198659559165,-7.48111156482011,1.78055808086031,8.64336336203583e-6,8.2307923185019e-5,Nb_vs_rest,Other species higher,Nb,pde6c,pde6c,Phototransduction,TRUE,Nb lower,pde6c,pde6c,blue,-0.5245093931458347,0.25944765385749297,Nb lower,FALSE,DE only,0.6316700128101932,0.02757428254117904,-0.5900676022646684,0.04341847170320453,FALSE,NA,NA,NA,NA,NA,NA
crx,17.0648031336895,-6.87673628990066,1.67485065629027,1.57953255193852e-5,1.3015651607875e-4,Nb_vs_rest,Other species higher,Nb,crx,crx,Photoreceptor regulation,TRUE,Nb lower,crx,crx,pink,-0.6707031667169419,0.22300536578542135,Nb lower,FALSE,DE only,0.8741666152692076,2.004027514146791e-4,-0.7334444445681324,0.00663513795488704,FALSE,NA,NA,NA,NA,NA,NA
cnga3a,16.6158102651795,-6.69486108108418,1.65449739141619,2.14345045686227e-5,1.6688801558113e-4,Nb_vs_rest,Other species higher,Nb,cnga3a,cnga3a,CNG channel,TRUE,Nb lower,cnga3a,cnga3a,black,-0.510104756601962,0.26583297576755593,Nb lower,FALSE,DE only,0.6073510702179594,0.03621064630874683,-0.8236016666036846,9.92154347012447e-4,FALSE,NA,NA,NA,NA,NA,NA
abca4b,21.5803179388603,-6.79049799961818,1.71820040783061,3.08429253784139e-5,2.2271489991066e-4,Nb_vs_rest,Other species higher,Nb,abca4b,abca4b,Visual cycle,TRUE,Nb lower,abca4b,abca4b,turquoise,-0.7560952189111962,0.17750278625125038,Nb lower,FALSE,DE only,0.5546613325602683,0.06125076895870668,-0.6354905261486897,0.02636727412109387,FALSE,NA,NA,NA,NA,NA,NA
six6a,10.4056654647985,-6.17950994592816,1.71915125547723,1.5044038131135e-4,7.3782673974431e-4,Nb_vs_rest,Other species higher,Nb,six6a,six6a,Retinal regulation,TRUE,Nb lower,six6a,six6a,royalblue,-0.6873475856719223,0.22300536578542135,Nb lower,FALSE,DE only,0.8346634676877298,7.319975982543207e-4,-0.682741555155677,0.01441361500729662,FALSE,NA,NA,NA,NA,NA,NA
pde6ga,44.2251257177041,-6.60259502373079,1.87092383639024,1.6969685908714e-4,8.1381065836261e-4,Nb_vs_rest,Other species higher,Nb,pde6ga,pde6ga,Phototransduction,TRUE,Nb lower,pde6ga,pde6ga,turquoise,-0.7560952189111962,0.17750278625125038,Nb lower,FALSE,DE only,0.7864175227147054,0.00241482315585698,-0.5843622122430343,0.04600573362141874,FALSE,NA,NA,NA,NA,NA,NA
opn1lw1,36.4101305274267,-6.04610860281055,1.76806060861657,2.9731123660611e-4,0.00125068195472684,Nb_vs_rest,Other species higher,Nb,opn1lw1,opn1lw1,Opsin / photopigment,TRUE,Nb lower,opn1lw1,opn1lw1,lightyellow,-0.5345740909338043,0.2588999302896633,Nb lower,FALSE,DE only,0.8605077721304568,3.2754081740166797e-4,-0.5133150955882103,0.08785152722292187,FALSE,NA,NA,NA,NA,NA,NA
nrl,6.12008102398229,-5.45987739239002,1.75199722036081,9.9028908874952e-4,0.0031648005319268,Nb_vs_rest,Other species higher,Nb,nrl,nrl,Photoreceptor regulation,TRUE,Nb lower,nrl,nrl,royalblue,-0.6873475856719223,0.22300536578542135,Nb lower,FALSE,DE only,0.8951299311329461,8.356969773234847e-5,-0.625151648348382,0.0297249683965142,FALSE,NA,NA,NA,NA,NA,NA
cnga1b,91.880106660169,-5.11054907144412,1.92940568606231,0.00458899890341835,0.0100715652500766,Nb_vs_rest,Other species higher,Nb,cnga1b,cnga1b,CNG channel,TRUE,Nb lower,cnga1b,cnga1b,black,-0.510104756601962,0.26583297576755593,Nb lower,FALSE,DE only,0.7757802268437313,0.00302020336438509,-0.361331665733303,0.248493528209781,FALSE,NA,NA,NA,NA,NA,NA
rgs9b,7.68153964835598,-4.69210944778948,1.76511951239312,0.00492957394587001,0.0106146789228394,Nb_vs_rest,Other species higher,Nb,rgs9b,rgs9b,Photoreceptor recovery,TRUE,Nb lower,rgs9b,rgs9b,blue,-0.5245093931458347,0.25944765385749297,Nb lower,FALSE,DE only,0.8108663534767789,0.00137420123824021,-0.5690857816482856,0.05346576238899063,FALSE,NA,NA,NA,NA,NA,NA
rx1,3.88729683371985,-4.79827738422544,1.84833997946187,0.00575136477743767,0.0119520549281127,Nb_vs_rest,Other species higher,Nb,rx1,rx1,Retinal regulation,TRUE,Nb lower,rx1,NA,NA,NA,NA,NA,NA,DE only,NA,NA,NA,NA,FALSE,NA,NA,NA,NA,NA,NA
cngb1b,11.1476521119874,-4.49489306363591,1.76005277797545,0.00692854332794343,0.0137382057385381,Nb_vs_rest,Other species higher,Nb,cngb1b,cngb1b,CNG channel,TRUE,Nb lower,cngb1b,cngb1b,turquoise,-0.7560952189111962,0.17750278625125038,Nb lower,FALSE,DE only,0.811099241795091,0.00136633239027895,-0.5262832518541275,0.07879720418694947,FALSE,NA,NA,NA,NA,NA,NA
pde6a,68.6887571194873,-2.4711932992753,0.973164360486815,0.00984260559235344,0.0180350416422154,Nb_vs_rest,Other species higher,Nb,pde6a,pde6a,Phototransduction,TRUE,Nb lower,pde6a,pde6a,blue,-0.5245093931458347,0.25944765385749297,Nb lower,FALSE,DE only,0.7866789234857575,0.0024012191833313,-0.536139004845118,0.07235749150498234,FALSE,NA,NA,NA,NA,NA,NA
NR2E3,14.6707132277912,-4.43414099589879,1.83286168466357,0.0101468918006375,0.0184488941829772,Nb_vs_rest,Other species higher,Nb,nr2e3,nr2e3,Photoreceptor regulation,TRUE,Nb lower,nr2e3,NR2E3,magenta,-0.4038750649358604,0.39911275940489477,Nb lower,FALSE,DE only,0.8411326819374478,6.064935861507699e-4,-0.44323028175489904,0.14897860108940425,FALSE,NA,NA,NA,NA,NA,NA
rdh8a,50.7547776545052,-1.88493023524026,0.78158482399525,0.0148029596621924,0.0246922278646102,Nb_vs_rest,Other species higher,Nb,rdh8a,rdh8a,Visual cycle,TRUE,Nb lower,rdh8a,rdh8a,blue,-0.5245093931458347,0.25944765385749297,Nb lower,FALSE,DE only,0.7911048238065811,0.00217964196066407,-0.4664584056018307,0.1263572489409921,FALSE,NA,NA,NA,NA,NA,NA
six7,4.88613589656629,-4.11785407139684,1.81336698445198,0.0159619921409755,0.0262361889361451,Nb_vs_rest,Other species higher,Nb,six7,six7,Retinal regulation,TRUE,Nb lower,six7,six7,blue,-0.5245093931458347,0.25944765385749297,Nb lower,FALSE,DE only,0.7766467874691363,0.00296696583369793,-0.5540011196324983,0.06162488632764446,FALSE,NA,NA,NA,NA,NA,NA
gnat2,223.287627767456,-2.06071691754821,0.923811722883861,0.0235857120721346,0.0358366303000065,Nb_vs_rest,Other species higher,Nb,gnat2,gnat2,Phototransduction,TRUE,Nb lower,gnat2,gnat2,yellow,-0.5524483624880374,0.2554416259529368,Nb lower,FALSE,DE only,0.8038164506357466,0.00162935939100464,-0.19448413440919635,0.544717187321565,FALSE,NA,NA,NA,NA,NA,NA
guca1d,3.97266472864489,-3.92916681623424,2.17443299996406,0.04851831126626,0.0642083124220158,Nb_vs_rest,Not significant,Nb,guca1d,guca1d,Photoreceptor recovery,FALSE,Not significant,guca1d,guca1d,pink,-0.6707031667169419,0.22300536578542135,Nb lower,FALSE,No significant integrated evidence,0.783044575499461,0.00259569199862227,-0.3872643390075567,0.21360046052732415,FALSE,NA,NA,NA,NA,NA,NA
abca4a,34.1993308265369,1.66450455120107,0.858059894853623,0.0494563535621162,0.0652225584904458,Nb_vs_rest,Not significant,Nb,abca4a,abca4a,Visual cycle,FALSE,Not significant,abca4a,abca4a,green,0.6388456405433874,0.22300536578542135,Nb higher,FALSE,No significant integrated evidence,0.7208743174028153,0.00816159352513431,0.1296055975781412,0.6880850840396777,FALSE,NA,NA,NA,NA,NA,NA
otx2b,4.14644278012234,-3.58929512555191,2.01859944474714,0.0553610988856847,0.071787987952552,Nb_vs_rest,Not significant,Nb,otx2b,otx2b,Photoreceptor regulation,FALSE,Not significant,otx2b,NA,NA,NA,NA,NA,NA,No significant integrated evidence,NA,NA,NA,NA,FALSE,NA,NA,NA,NA,NA,NA
rpe65b,43.1908612564652,-1.38817001982229,0.755211127301535,0.0634194490744921,0.0803185531843274,Nb_vs_rest,Not significant,Nb,rpe65b,rpe65b,Visual cycle,FALSE,Not significant,rpe65b,rpe65b,black,-0.510104756601962,0.26583297576755593,Nb lower,FALSE,No significant integrated evidence,0.6724854270045043,0.01657371743113325,-0.29948815691337655,0.3443029336382407,FALSE,NA,NA,NA,NA,NA,NA
rx2,3.75072025411809,-3.38813115693186,2.1317267794657,0.083846694425499,0.101655518309857,Nb_vs_rest,Not significant,Nb,rx2,rx2,Retinal regulation,FALSE,Not significant,rx2,rx2,blue,-0.5245093931458347,0.25944765385749297,Nb lower,FALSE,No significant integrated evidence,0.5165674487988343,0.08551774031198775,-0.35287391764097503,0.2605541862748867,FALSE,NA,NA,NA,NA,NA,NA
gnat1,412.150530066831,-1.05508502788193,0.81474302475312,0.190235343440721,0.210990693628485,Nb_vs_rest,Not significant,Nb,gnat1,gnat1,Phototransduction,FALSE,Not significant,gnat1,gnat1,blue,-0.5245093931458347,0.25944765385749297,Nb lower,FALSE,No significant integrated evidence,0.7232496306987828,0.00785481997453543,-0.319044000089499,0.3121137797442267,FALSE,NA,NA,NA,NA,NA,NA
rcvrn2,327.80690955634,-0.761454700945741,0.632659058617623,0.225563300655165,0.247320024626026,Nb_vs_rest,Not significant,Nb,rcvrn2,rcvrn2,Photoreceptor recovery,FALSE,Not significant,rcvrn2,rcvrn2,turquoise,-0.7560952189111962,0.17750278625125038,Nb lower,FALSE,No significant integrated evidence,0.361321890396203,0.24850727485445384,-0.24305543663418744,0.44653499835618526,FALSE,NA,NA,NA,NA,NA,NA
rdh12,4.65037736506299,-1.97937865358386,2.28041081228011,0.338639683757963,0.361034692904281,Nb_vs_rest,Not significant,Nb,rdh12,rdh12,Visual cycle,FALSE,Not significant,rdh12,rdh12,magenta,-0.4038750649358604,0.39911275940489477,Nb lower,FALSE,No significant integrated evidence,0.8992384011690393,6.89224433137074e-5,-0.2532162413851612,0.4271429366736639,FALSE,NA,NA,NA,NA,NA,NA
rdh5,29.1153481606706,-2.31848743143411,3.31166921995684,0.376414544111192,0.397852723444677,Nb_vs_rest,Not significant,Nb,rdh5,rdh5,Visual cycle,FALSE,Not significant,rdh5,rdh5,blue,-0.5245093931458347,0.25944765385749297,Nb lower,FALSE,No significant integrated evidence,0.6312445536566887,0.02771112244044754,-0.23830947397513055,0.4557343881101742,FALSE,NA,NA,NA,NA,NA,NA
rcvrn3,74.7437159429161,-0.702946184064382,1.01744581406175,0.481803656257251,0.502062310907922,Nb_vs_rest,Not significant,Nb,rcvrn3,rcvrn3,Photoreceptor recovery,FALSE,Not significant,rcvrn3,rcvrn3,royalblue,-0.6873475856719223,0.22300536578542135,Nb lower,FALSE,No significant integrated evidence,0.6618217617377714,0.01906256392763336,-0.10469749552217485,0.7460747717504692,FALSE,NA,NA,NA,NA,NA,NA
rpe65a,153.345016482509,0.836394057178595,1.29136981610662,0.504838637934147,0.524763883120294,Nb_vs_rest,Not significant,Nb,rpe65a,rpe65a,Visual cycle,FALSE,Not significant,rpe65a,rpe65a,green,0.6388456405433874,0.22300536578542135,Nb higher,FALSE,No significant integrated evidence,0.6385387172261918,0.02543204818584354,0.10962466699956862,0.7344968489448596,FALSE,NA,NA,NA,NA,NA,NA
rgs9a,122.870403062682,0.372256939399327,1.06383730496194,0.721193184762526,0.73604317871914,Nb_vs_rest,Not significant,Nb,rgs9a,rgs9a,Photoreceptor recovery,FALSE,Not significant,rgs9a,rgs9a,lightcyan,0.539605913845956,0.2554416259529368,Nb higher,FALSE,No significant integrated evidence,0.8415413456850518,5.991669698779859e-4,0.22510426227464536,0.4817938601593318,FALSE,NA,NA,NA,NA,NA,NA
cnga1a,246.561509333681,-9.81245117687572,1.74513833586812,NA,NA,Nb_vs_rest,Not significant,Nb,cnga1a,cnga1a,CNG channel,FALSE,Not significant,cnga1a,cnga1a,pink,-0.6707031667169419,0.22300536578542135,Nb lower,FALSE,No significant integrated evidence,0.7136862352056048,0.0091446655012066,-0.7626069519102386,0.00392252271596069,FALSE,NA,NA,NA,NA,NA,NA
pax6b,1.97341671449506,-3.15861991806961,2.07813553738192,0.0998090160374303,NA,Nb_vs_rest,Not significant,Nb,pax6b,pax6b,Retinal regulation,FALSE,Not significant,pax6b,NA,NA,NA,NA,NA,NA,No significant integrated evidence,NA,NA,NA,NA,FALSE,NA,NA,NA,NA,NA,NA
pde6b,141.919563851369,2.55772118116569,1.31773627583155,NA,NA,Nb_vs_rest,Not significant,Nb,pde6b,pde6b,Phototransduction,FALSE,Not significant,pde6b,pde6b,green,0.6388456405433874,0.22300536578542135,Nb higher,FALSE,No significant integrated evidence,0.5010547987223853,0.09703559749143058,0.5921466468826424,0.04250182414321449,FALSE,NA,NA,NA,NA,NA,NA
gngt1,230.427175935877,4.70912133628811,0.768126773045475,2.54804788412685e-10,8.170807092997331e-9,On_vs_rest,On higher,On,gngt1,gngt1,Phototransduction,TRUE,On higher,gngt1,gngt1,blue,0.6111595908739309,0.22300536578542135,On higher,FALSE,DE only,0.899318311450282,6.865908377334946e-5,0.46713123728345424,0.125737719456451,FALSE,NA,NA,NA,NA,NA,NA
cnga1b,91.880106660169,7.07616066368571,1.23579962098335,4.59622296806279e-10,1.4073772960478e-8,On_vs_rest,On higher,On,cnga1b,cnga1b,CNG channel,TRUE,On higher,cnga1b,cnga1b,black,0.3629991923892552,0.4319944103845951,On higher,FALSE,DE only,0.7757802268437313,0.00302020336438509,0.6896088582029497,0.0130883504885755,FALSE,NA,NA,NA,NA,NA,NA
abca4a,34.1993308265369,4.35588684600711,0.746483835061458,1.87147390606188e-9,4.88562659130577e-8,On_vs_rest,On higher,On,abca4a,abca4a,Visual cycle,TRUE,On higher,abca4a,abca4a,green,0.3832123117419739,0.4103341677449856,On higher,FALSE,DE only,0.7208743174028153,0.00816159352513431,0.7807178651174851,0.00272635335582944,FALSE,NA,NA,NA,NA,NA,NA
rpe65a,153.345016482509,5.88712823649074,1.08251749586781,6.78976533413175e-9,1.48663007114256e-7,On_vs_rest,On higher,On,rpe65a,rpe65a,Visual cycle,TRUE,On higher,rpe65a,rpe65a,green,0.3832123117419739,0.4103341677449856,On higher,FALSE,DE only,0.6385387172261918,0.02543204818584354,0.6265689582203968,0.02924740081867558,FALSE,NA,NA,NA,NA,NA,NA
cngb1b,11.1476521119874,5.11652663142096,1.04629596530783,2.11868824184217e-7,2.82896979177123e-6,On_vs_rest,On higher,On,cngb1b,cngb1b,CNG channel,TRUE,On higher,cngb1b,cngb1b,turquoise,0.6191755265029705,0.22300536578542135,On higher,FALSE,DE only,0.811099241795091,0.00136633239027895,0.7996905047505557,0.00179466800717023,FALSE,NA,NA,NA,NA,NA,NA
guca1b,91.2242424948658,4.2303839405059,0.848355062615144,2.21308850289823e-7,2.9214920350253e-6,On_vs_rest,On higher,On,guca1b,guca1b,Photoreceptor recovery,TRUE,On higher,guca1b,guca1b,blue,0.6111595908739309,0.22300536578542135,On higher,FALSE,DE only,0.849853563651548,4.644427417359227e-4,0.4787275151751395,0.1153710223789484,FALSE,NA,NA,NA,NA,NA,NA
NR2E3,14.6707132277912,5.43788838571503,1.13024499206673,2.47792709926695e-7,3.23960131998866e-6,On_vs_rest,On higher,On,nr2e3,nr2e3,Photoreceptor regulation,TRUE,On higher,nr2e3,NR2E3,magenta,0.9213597761125775,0.0024880905905499367,On higher,TRUE,DE + module + supported hub,0.8411326819374478,6.064935861507699e-4,0.7939645259819106,0.00204502406077184,TRUE,TRUE,TRUE,TRUE,TRUE,0.6678295111023589,143
arr3a,265.827696270724,4.34878062243054,0.932228047019811,1.02538363480125e-6,1.07487126196347e-5,On_vs_rest,On higher,On,arr3a,arr3a,Photoreceptor recovery,TRUE,On higher,arr3a,arr3a,blue,0.6111595908739309,0.22300536578542135,On higher,FALSE,DE only,0.7730223824996949,0.00319448275565189,0.37167323626924387,0.2342010590360439,FALSE,NA,NA,NA,NA,NA,NA
opn1lw1,36.4101305274267,4.67086271307234,1.04678546571928,2.1934496349686e-6,2.09199616824581e-5,On_vs_rest,On higher,On,opn1lw1,opn1lw1,Opsin / photopigment,TRUE,On higher,opn1lw1,opn1lw1,lightyellow,0.22590033884682767,0.60679411217905,On higher,FALSE,DE only,0.8605077721304568,3.2754081740166797e-4,0.3203320655171615,0.31005430732976125,FALSE,NA,NA,NA,NA,NA,NA
pde6ga,44.2251257177041,4.8559655273466404,1.15687494612986,6.26131346753975e-6,5.05936490011024e-5,On_vs_rest,On higher,On,pde6ga,pde6ga,Phototransduction,TRUE,On higher,pde6ga,pde6ga,turquoise,0.6191755265029705,0.22300536578542135,On higher,FALSE,DE only,0.7864175227147054,0.00241482315585698,0.6086187732690209,0.03571808757460454,FALSE,NA,NA,NA,NA,NA,NA
rdh8a,50.7547776545052,2.72434837965901,0.643540307928387,1.5198284333042e-5,1.0754997905528e-4,On_vs_rest,On higher,On,rdh8a,rdh8a,Visual cycle,TRUE,On higher,rdh8a,rdh8a,blue,0.6111595908739309,0.22300536578542135,On higher,FALSE,DE only,0.7911048238065811,0.00217964196066407,0.7261715270512518,0.00748939092960072,FALSE,NA,NA,NA,NA,NA,NA
pde6c,46.0198659559165,3.95767871545905,1.04773539669044,6.10754295723923e-5,3.482676200304e-4,On_vs_rest,On higher,On,pde6c,pde6c,Phototransduction,TRUE,On higher,pde6c,pde6c,blue,0.6111595908739309,0.22300536578542135,On higher,FALSE,DE only,0.6316700128101932,0.02757428254117904,0.5425992844758224,0.06833821793899246,FALSE,NA,NA,NA,NA,NA,NA
pde6a,68.6887571194873,2.93568314230975,0.79629007965326,1.3777573909441e-4,6.8968385526378e-4,On_vs_rest,On higher,On,pde6a,pde6a,Phototransduction,TRUE,On higher,pde6a,pde6a,blue,0.6111595908739309,0.22300536578542135,On higher,FALSE,DE only,0.7866789234857575,0.0024012191833313,0.5142996719814834,0.0871405328964078,FALSE,NA,NA,NA,NA,NA,NA
rdh12,4.65037736506299,5.15230482830147,1.59594570131875,1.7482927363276e-4,8.450946194296e-4,On_vs_rest,On higher,On,rdh12,rdh12,Visual cycle,TRUE,On higher,rdh12,rdh12,magenta,0.9213597761125775,0.0024880905905499367,On higher,TRUE,DE + module + supported hub,0.8992384011690393,6.89224433137074e-5,0.980702285873967,2.0406108482091812e-8,TRUE,TRUE,TRUE,TRUE,TRUE,0.8818851555721282,83
abca4b,21.5803179388603,3.426079013433,0.973989441035539,2.1446620539863e-4,0.00100047379322557,On_vs_rest,On higher,On,abca4b,abca4b,Visual cycle,TRUE,On higher,abca4b,abca4b,turquoise,0.6191755265029705,0.22300536578542135,On higher,FALSE,DE only,0.5546613325602683,0.06125076895870668,0.5068426821177131,0.09262329276890782,FALSE,NA,NA,NA,NA,NA,NA
gnat1,412.150530066831,2.41738575599034,0.691419391166591,3.3730692923928e-4,0.00146996518922097,On_vs_rest,On higher,On,gnat1,gnat1,Phototransduction,TRUE,On higher,gnat1,gnat1,blue,0.6111595908739309,0.22300536578542135,On higher,FALSE,DE only,0.7232496306987828,0.00785481997453543,0.44263880003098904,0.14958625092581512,FALSE,NA,NA,NA,NA,NA,NA
rgs9b,7.68153964835598,3.48565632403099,1.06863122679969,5.1984634217319e-4,0.00210027205208366,On_vs_rest,On higher,On,rgs9b,rgs9b,Photoreceptor recovery,TRUE,On higher,rgs9b,rgs9b,blue,0.6111595908739309,0.22300536578542135,On higher,FALSE,DE only,0.8108663534767789,0.00137420123824021,0.4698041010593258,0.12329623130886008,FALSE,NA,NA,NA,NA,NA,NA
cnga3a,16.6158102651795,2.86272615768502,0.894067909089054,8.344253158645e-4,0.00312765494602688,On_vs_rest,On higher,On,cnga3a,cnga3a,CNG channel,TRUE,On higher,cnga3a,cnga3a,black,0.3629991923892552,0.4319944103845951,On higher,FALSE,DE only,0.6073510702179594,0.03621064630874683,0.29517990921236603,0.35162448205212615,FALSE,NA,NA,NA,NA,NA,NA
six7,4.88613589656629,3.34654371885334,1.13915929106053,0.00161029422737524,0.00542874440478947,On_vs_rest,On higher,On,six7,six7,Retinal regulation,TRUE,On higher,six7,six7,blue,0.6111595908739309,0.22300536578542135,On higher,FALSE,DE only,0.7766467874691363,0.00296696583369793,0.5302455472869891,0.0761630560032725,FALSE,NA,NA,NA,NA,NA,NA
rdh5,29.1153481606706,4.0997870032614,2.30759010888259,0.00854745332395111,0.0213162912809497,On_vs_rest,On higher,On,rdh5,rdh5,Visual cycle,TRUE,On higher,rdh5,rdh5,blue,0.6111595908739309,0.22300536578542135,On higher,FALSE,DE only,0.6312445536566887,0.02771112244044754,0.7302054693092005,0.00700600392173677,FALSE,NA,NA,NA,NA,NA,NA
rx2,3.75072025411809,3.36627173880393,1.46876943219959,0.00944822777922979,0.0231306928950486,On_vs_rest,On higher,On,rx2,rx2,Retinal regulation,TRUE,On higher,rx2,rx2,blue,0.6111595908739309,0.22300536578542135,On higher,FALSE,DE only,0.5165674487988343,0.08551774031198775,0.47834700277581454,0.11570191847540924,FALSE,NA,NA,NA,NA,NA,NA
rcvrn3,74.7437159429161,1.91145142836938,0.857612327271842,0.020476806230154,0.0436491983105481,On_vs_rest,On higher,On,rcvrn3,rcvrn3,Photoreceptor recovery,TRUE,On higher,rcvrn3,rcvrn3,royalblue,0.13039713739981995,0.7769043808518864,On higher,FALSE,DE only,0.6618217617377714,0.01906256392763336,0.07033091156421306,0.8280564581688693,FALSE,NA,NA,NA,NA,NA,NA
crx,17.0648031336895,1.78922772895968,0.93405815876602,0.0447506139696616,0.082334255880482,On_vs_rest,Not significant,On,crx,crx,Photoreceptor regulation,FALSE,Not significant,crx,crx,pink,0.028672676350144893,0.9533493594195522,On higher,FALSE,No significant integrated evidence,0.8741666152692076,2.004027514146791e-4,-0.0096464459045443,0.976263644665036,FALSE,NA,NA,NA,NA,NA,NA
otx2b,4.14644278012234,2.37378086021138,1.3909779691698,0.0567798288939258,0.0996816196943501,On_vs_rest,Not significant,On,otx2b,otx2b,Photoreceptor regulation,FALSE,Not significant,otx2b,NA,NA,NA,NA,NA,NA,No significant integrated evidence,NA,NA,NA,NA,FALSE,NA,NA,NA,NA,NA,NA
guca1d,3.97266472864489,2.34601155412905,1.51329572934551,0.076558702790495,0.126974268830906,On_vs_rest,Not significant,On,guca1d,guca1d,Photoreceptor recovery,FALSE,Not significant,guca1d,guca1d,pink,0.028672676350144893,0.9533493594195522,On higher,FALSE,No significant integrated evidence,0.783044575499461,0.00259569199862227,0.0693015739003176,0.8305405637740718,FALSE,NA,NA,NA,NA,NA,NA
rcvrn2,327.80690955634,0.875575438190762,0.541285611632917,0.100521811157649,0.158580312198151,On_vs_rest,Not significant,On,rcvrn2,rcvrn2,Photoreceptor recovery,FALSE,Not significant,rcvrn2,rcvrn2,turquoise,0.6191755265029705,0.22300536578542135,On higher,FALSE,No significant integrated evidence,0.361321890396203,0.24850727485445384,0.4739880752345601,0.11953718162995404,FALSE,NA,NA,NA,NA,NA,NA
guca1a,24.0699651560929,1.35530208223291,0.860137718043487,0.101260728723676,0.159468026963329,On_vs_rest,Not significant,On,guca1a,guca1a,Photoreceptor recovery,FALSE,Not significant,guca1a,guca1a,royalblue,0.13039713739981995,0.7769043808518864,On higher,FALSE,No significant integrated evidence,0.8720622464907434,2.1692913429959877e-4,-0.03407410810899813,0.9162754253987327,FALSE,NA,NA,NA,NA,NA,NA
nrl,6.12008102398229,1.61475806993327,1.07167955586935,0.108783891302728,0.169351069315887,On_vs_rest,Not significant,On,nrl,nrl,Photoreceptor regulation,FALSE,Not significant,nrl,nrl,royalblue,0.13039713739981995,0.7769043808518864,On higher,FALSE,No significant integrated evidence,0.8951299311329461,8.356969773234847e-5,-0.03223626045151946,0.9207783941747198,FALSE,NA,NA,NA,NA,NA,NA
six6a,10.4056654647985,1.32969081763682,1.01805876553378,0.167215566481736,0.23995257029488,On_vs_rest,Not significant,On,six6a,six6a,Retinal regulation,FALSE,Not significant,six6a,six6a,royalblue,0.13039713739981995,0.7769043808518864,On higher,FALSE,No significant integrated evidence,0.8346634676877298,7.319975982543207e-4,-0.00308685122976176,0.9924035485640644,FALSE,NA,NA,NA,NA,NA,NA
rx1,3.88729683371985,1.34812129853431,1.21382367681606,0.22822856053182,0.308125580230676,On_vs_rest,Not significant,On,rx1,rx1,Retinal regulation,FALSE,Not significant,rx1,NA,NA,NA,NA,NA,NA,No significant integrated evidence,NA,NA,NA,NA,FALSE,NA,NA,NA,NA,NA,NA
rpe65b,43.1908612564652,-0.772566406540843,0.67888093179562,0.24371542269841,0.324781105673847,On_vs_rest,Not significant,On,rpe65b,rpe65b,Visual cycle,FALSE,Not significant,rpe65b,rpe65b,black,0.3629991923892552,0.4319944103845951,On higher,FALSE,No significant integrated evidence,0.6724854270045043,0.01657371743113325,-0.2564350676585049,0.42108726498401305,FALSE,NA,NA,NA,NA,NA,NA
gnat2,223.287627767456,-0.870973496149236,0.788229601966889,0.253548918567419,0.336125641557882,On_vs_rest,Not significant,On,gnat2,gnat2,Phototransduction,FALSE,Not significant,gnat2,gnat2,yellow,-0.13711328961761843,0.7667304315713559,On lower,FALSE,No significant integrated evidence,0.8038164506357466,0.00162935939100464,-0.27013223066739295,0.39579895521292585,FALSE,NA,NA,NA,NA,NA,NA
guca1c,435.620949827032,-0.518522010979729,1.05483091013491,0.601593177345866,0.675486135853609,On_vs_rest,Not significant,On,guca1c,guca1c,Photoreceptor recovery,FALSE,Not significant,guca1c,guca1c,yellow,-0.13711328961761843,0.7667304315713559,On lower,FALSE,No significant integrated evidence,0.764709649381022,0.00376631303936747,-0.3135590807737513,0.32096797673097827,FALSE,NA,NA,NA,NA,NA,NA
rgs9a,122.870403062682,-0.167771612762264,0.908292948678783,0.846946074177141,0.881356301797983,On_vs_rest,Not significant,On,rgs9a,rgs9a,Photoreceptor recovery,FALSE,Not significant,rgs9a,rgs9a,lightcyan,-0.34768188662731614,0.4564786808214465,On lower,FALSE,No significant integrated evidence,0.8415413456850518,5.991669698779859e-4,-0.07784279992985696,0.8099730463568431,FALSE,NA,NA,NA,NA,NA,NA
opn1sw2,401.773466733748,0.1829129302113,1.03814002490753,0.851845032721252,0.885097307247684,On_vs_rest,Not significant,On,opn1sw2,opn1sw2,Opsin / photopigment,FALSE,Not significant,opn1sw2,opn1sw2,pink,0.028672676350144893,0.9533493594195522,On higher,FALSE,No significant integrated evidence,0.931749630204717,1.0392555094901696e-5,-0.1488276911441486,0.6443475872413467,FALSE,NA,NA,NA,NA,NA,NA
pax6b,1.97341671449506,0.0294919940977385,1.58546356183036,0.982787794930836,0.988858133380069,On_vs_rest,Not significant,On,pax6b,pax6b,Retinal regulation,FALSE,Not significant,pax6b,NA,NA,NA,NA,NA,NA,No significant integrated evidence,NA,NA,NA,NA,FALSE,NA,NA,NA,NA,NA,NA
cnga1a,246.561509333681,4.31417244609338,0.998071522300133,NA,NA,On_vs_rest,Not significant,On,cnga1a,cnga1a,CNG channel,FALSE,Not significant,cnga1a,cnga1a,pink,0.028672676350144893,0.9533493594195522,On higher,FALSE,No significant integrated evidence,0.7136862352056048,0.0091446655012066,0.29014195461850506,0.36029015212385707,FALSE,NA,NA,NA,NA,NA,NA
pde6b,141.919563851369,2.41200906247967,1.09779727731796,NA,NA,On_vs_rest,Not significant,On,pde6b,pde6b,Phototransduction,FALSE,Not significant,pde6b,pde6b,green,0.3832123117419739,0.4103341677449856,On higher,FALSE,No significant integrated evidence,0.5010547987223853,0.09703559749143058,-0.14157894475553356,0.6607285123496665,FALSE,NA,NA,NA,NA,NA,NA
gngt1,230.427175935877,3.68954699131481,0.816573231894093,2.06033172047217e-7,2.74479560571534e-6,Pn_vs_rest,Pn higher,Pn,gngt1,gngt1,Phototransduction,TRUE,Pn higher,gngt1,gngt1,blue,0.23158457594357873,0.6050596647243174,Pn higher,FALSE,DE only,0.899318311450282,6.865908377334946e-5,0.37574411491813425,0.22871231706143455,FALSE,NA,NA,NA,NA,NA,NA
arr3a,265.827696270724,3.36985362426224,1.00263336184465,3.73594813025162e-5,3.2834833011433e-4,Pn_vs_rest,Pn higher,Pn,arr3a,arr3a,Photoreceptor recovery,TRUE,Pn higher,arr3a,arr3a,blue,0.23158457594357873,0.6050596647243174,Pn higher,FALSE,DE only,0.7730223824996949,0.00319448275565189,0.420521689481735,0.1734534192315873,FALSE,NA,NA,NA,NA,NA,NA
opn1lw1,36.4101305274267,3.47978669801639,1.14331802338076,1.0332414951419e-4,8.2974012452518e-4,Pn_vs_rest,Pn higher,Pn,opn1lw1,opn1lw1,Opsin / photopigment,TRUE,Pn higher,opn1lw1,opn1lw1,lightyellow,0.3966725709066531,0.4034400716411257,Pn higher,FALSE,DE only,0.8605077721304568,3.2754081740166797e-4,0.4029393921885212,0.1940360441910376,FALSE,NA,NA,NA,NA,NA,NA
guca1b,91.2242424948658,2.74707617684128,0.877423468351644,1.7777312424424e-4,0.00134242044178706,Pn_vs_rest,Pn higher,Pn,guca1b,guca1b,Photoreceptor recovery,TRUE,Pn higher,guca1b,guca1b,blue,0.23158457594357873,0.6050596647243174,Pn higher,FALSE,DE only,0.849853563651548,4.644427417359227e-4,0.35180375978088024,0.2621040085634901,FALSE,NA,NA,NA,NA,NA,NA
rgs9a,122.870403062682,-2.76800709799978,0.969485510986438,4.2626482355466e-4,0.00292560065450535,Pn_vs_rest,Other species higher,Pn,rgs9a,rgs9a,Photoreceptor recovery,TRUE,Pn lower,rgs9a,rgs9a,lightcyan,-0.3000219675783688,0.5025387803860338,Pn lower,FALSE,DE only,0.8415413456850518,5.991669698779859e-4,-0.510756003002551,0.08971785869823594,FALSE,NA,NA,NA,NA,NA,NA
gnat2,223.287627767456,-2.27199630676202,0.792084457930381,7.9593014544256e-4,0.00499667257972277,Pn_vs_rest,Other species higher,Pn,gnat2,gnat2,Phototransduction,TRUE,Pn lower,gnat2,gnat2,yellow,-0.3013011598833346,0.5025387803860338,Pn lower,FALSE,DE only,0.8038164506357466,0.00162935939100464,-0.4056448471141377,0.19077539316098768,FALSE,NA,NA,NA,NA,NA,NA
guca1a,24.0699651560929,2.04386867935171,0.821100860235389,0.00325333215207838,0.0164696686866816,Pn_vs_rest,Pn higher,Pn,guca1a,guca1a,Photoreceptor recovery,TRUE,Pn higher,guca1a,guca1a,royalblue,0.44767575134524196,0.3356980473144965,Pn higher,FALSE,DE only,0.8720622464907434,2.1692913429959877e-4,0.4273608296713294,0.16583368075434018,FALSE,NA,NA,NA,NA,NA,NA
rcvrn2,327.80690955634,-1.41867311283575,0.528313270835715,0.00388103381153663,0.0189939535648908,Pn_vs_rest,Other species higher,Pn,rcvrn2,rcvrn2,Photoreceptor recovery,TRUE,Pn lower,rcvrn2,rcvrn2,turquoise,-0.18966476099494292,0.6794958180364775,Pn lower,FALSE,DE only,0.361321890396203,0.24850727485445384,-0.6810848913610564,0.01474760610945131,FALSE,NA,NA,NA,NA,NA,NA
cnga1b,91.880106660169,-3.03886619360878,1.69242892191537,0.00511101523856636,0.023851404446643,Pn_vs_rest,Other species higher,Pn,cnga1b,cnga1b,CNG channel,TRUE,Pn lower,cnga1b,cnga1b,black,-0.24122004932744578,0.6001094067569378,Pn lower,FALSE,DE only,0.7757802268437313,0.00302020336438509,-0.46647717461415594,0.12633993983286204,FALSE,NA,NA,NA,NA,NA,NA
pde6a,68.6887571194873,1.83210588577823,0.773741970665838,0.00588754849641623,0.026630741161774,Pn_vs_rest,Pn higher,Pn,pde6a,pde6a,Phototransduction,TRUE,Pn higher,pde6a,pde6a,blue,0.23158457594357873,0.6050596647243174,Pn higher,FALSE,DE only,0.7866789234857575,0.0024012191833313,0.45805403325718463,0.13426420929259705,FALSE,NA,NA,NA,NA,NA,NA
rgs9b,7.68153964835598,1.93866601194235,1.0332468965705,0.016205101195103,0.0594813691198445,Pn_vs_rest,Not significant,Pn,rgs9b,rgs9b,Photoreceptor recovery,FALSE,Not significant,rgs9b,rgs9b,blue,0.23158457594357873,0.6050596647243174,Pn higher,FALSE,No significant integrated evidence,0.8108663534767789,0.00137420123824021,0.3258687356596289,0.3012880144355359,FALSE,NA,NA,NA,NA,NA,NA
six7,4.88613589656629,1.78968028733857,1.08057852330206,0.0300777928828175,0.0955963201217826,Pn_vs_rest,Not significant,Pn,six7,six7,Retinal regulation,FALSE,Not significant,six7,six7,blue,0.23158457594357873,0.6050596647243174,Pn higher,FALSE,No significant integrated evidence,0.7766467874691363,0.00296696583369793,0.34841771912419545,0.2670428769746602,FALSE,NA,NA,NA,NA,NA,NA
six6a,10.4056654647985,1.56756948241347,0.925386951161968,0.0368685077075172,0.11136225144304,Pn_vs_rest,Not significant,Pn,six6a,six6a,Retinal regulation,FALSE,Not significant,six6a,six6a,royalblue,0.44767575134524196,0.3356980473144965,Pn higher,FALSE,No significant integrated evidence,0.8346634676877298,7.319975982543207e-4,0.3833569016804113,0.2186564273805547,FALSE,NA,NA,NA,NA,NA,NA
gnat1,412.150530066831,1.20929286886685,0.656916840321806,0.0399779709634932,0.118547610242261,Pn_vs_rest,Not significant,Pn,gnat1,gnat1,Phototransduction,FALSE,Not significant,gnat1,gnat1,blue,0.23158457594357873,0.6050596647243174,Pn higher,FALSE,No significant integrated evidence,0.7232496306987828,0.00785481997453543,0.3784236958544811,0.2251418315468313,FALSE,NA,NA,NA,NA,NA,NA
crx,17.0648031336895,1.34012573509737,0.855374394182449,0.0602787363328413,0.160068755146546,Pn_vs_rest,Not significant,Pn,crx,crx,Photoreceptor regulation,FALSE,Not significant,crx,crx,pink,0.03880578831704033,0.9387523487632145,Pn higher,FALSE,No significant integrated evidence,0.8741666152692076,2.004027514146791e-4,0.27829219987604037,0.38111004957782,FALSE,NA,NA,NA,NA,NA,NA
nrl,6.12008102398229,1.34277258570155,0.953652920897106,0.0787234771665969,0.193584094504748,Pn_vs_rest,Not significant,Pn,nrl,nrl,Photoreceptor regulation,FALSE,Not significant,nrl,nrl,royalblue,0.44767575134524196,0.3356980473144965,Pn higher,FALSE,No significant integrated evidence,0.8951299311329461,8.356969773234847e-5,0.3851575271420727,0.2163176520531368,FALSE,NA,NA,NA,NA,NA,NA
rdh8a,50.7547776545052,0.826909479018711,0.609206204126534,0.13634277030932,0.285404250915442,Pn_vs_rest,Not significant,Pn,rdh8a,rdh8a,Visual cycle,FALSE,Not significant,rdh8a,rdh8a,blue,0.23158457594357873,0.6050596647243174,Pn higher,FALSE,No significant integrated evidence,0.7911048238065811,0.00217964196066407,0.2171069855314447,0.4978989508496756,FALSE,NA,NA,NA,NA,NA,NA
pde6c,46.0198659559165,1.10464112650097,0.947912725769707,0.145923937958887,0.299418080140265,Pn_vs_rest,Not significant,Pn,pde6c,pde6c,Phototransduction,FALSE,Not significant,pde6c,pde6c,blue,0.23158457594357873,0.6050596647243174,Pn higher,FALSE,No significant integrated evidence,0.6316700128101932,0.02757428254117904,0.1558754809678234,0.6285587463953142,FALSE,NA,NA,NA,NA,NA,NA
pde6ga,44.2251257177041,-1.18689573325159,1.09674306379559,0.148472718135671,0.302587877733503,Pn_vs_rest,Not significant,Pn,pde6ga,pde6ga,Phototransduction,FALSE,Not significant,pde6ga,pde6ga,turquoise,-0.18966476099494292,0.6794958180364775,Pn lower,FALSE,No significant integrated evidence,0.7864175227147054,0.00241482315585698,-0.38213526254621144,0.22025182410288555,FALSE,NA,NA,NA,NA,NA,NA
abca4b,21.5803179388603,0.962948943080262,0.884243829752647,0.185954911180931,0.353948561917157,Pn_vs_rest,Not significant,Pn,abca4b,abca4b,Visual cycle,FALSE,Not significant,abca4b,abca4b,turquoise,-0.18966476099494292,0.6794958180364775,Pn lower,FALSE,No significant integrated evidence,0.5546613325602683,0.06125076895870668,0.1399818529107445,0.6643564102024014,FALSE,NA,NA,NA,NA,NA,NA
rpe65b,43.1908612564652,-0.649994302479512,0.60802885200926,0.241192693099968,0.423492608750443,Pn_vs_rest,Not significant,Pn,rpe65b,rpe65b,Visual cycle,FALSE,Not significant,rpe65b,rpe65b,black,-0.24122004932744578,0.6001094067569378,Pn lower,FALSE,No significant integrated evidence,0.6724854270045043,0.01657371743113325,-0.07343929419112516,0.8205638398521079,FALSE,NA,NA,NA,NA,NA,NA
opn1sw2,401.773466733748,0.664765674306627,0.90376756866276,0.36710222123581,0.556412660115019,Pn_vs_rest,Not significant,Pn,opn1sw2,opn1sw2,Opsin / photopigment,FALSE,Not significant,opn1sw2,opn1sw2,pink,0.03880578831704033,0.9387523487632145,Pn higher,FALSE,No significant integrated evidence,0.931749630204717,1.0392555094901696e-5,0.10938856341988974,0.7350505119713611,FALSE,NA,NA,NA,NA,NA,NA
cnga3a,16.6158102651795,0.481394043028948,0.811021486756713,0.484269802256022,0.664165433176443,Pn_vs_rest,Not significant,Pn,cnga3a,cnga3a,CNG channel,FALSE,Not significant,cnga3a,cnga3a,black,-0.24122004932744578,0.6001094067569378,Pn lower,FALSE,No significant integrated evidence,0.6073510702179594,0.03621064630874683,-0.07980467497497062,0.8052638769344171,FALSE,NA,NA,NA,NA,NA,NA
rdh12,4.65037736506299,-0.593870174153555,1.39169517540982,0.49129149773982,0.670492130709777,Pn_vs_rest,Not significant,Pn,rdh12,rdh12,Visual cycle,FALSE,Not significant,rdh12,rdh12,magenta,-0.13931182167716974,0.7667304315713559,Pn lower,FALSE,No significant integrated evidence,0.8992384011690393,6.89224433137074e-5,-0.32690076195798895,0.2996694983383631,FALSE,NA,NA,NA,NA,NA,NA
rcvrn3,74.7437159429161,0.431884519807589,0.773072127810426,0.516753756433253,0.691189552041772,Pn_vs_rest,Not significant,Pn,rcvrn3,rcvrn3,Photoreceptor recovery,FALSE,Not significant,rcvrn3,rcvrn3,royalblue,0.44767575134524196,0.3356980473144965,Pn higher,FALSE,No significant integrated evidence,0.6618217617377714,0.01906256392763336,0.35815835408154767,0.2529794832055271,FALSE,NA,NA,NA,NA,NA,NA
abca4a,34.1993308265369,0.275439179137529,0.706997278039873,0.659205095915677,0.800815866184374,Pn_vs_rest,Not significant,Pn,abca4a,abca4a,Visual cycle,FALSE,Not significant,abca4a,abca4a,green,-0.22581276319382,0.60679411217905,Pn lower,FALSE,No significant integrated evidence,0.7208743174028153,0.00816159352513431,-0.11732621877650026,0.7165016579585266,FALSE,NA,NA,NA,NA,NA,NA
rdh5,29.1153481606706,-0.356089225132284,1.72623877932865,0.660735073431888,0.801846898813746,Pn_vs_rest,Not significant,Pn,rdh5,rdh5,Visual cycle,FALSE,Not significant,rdh5,rdh5,blue,0.23158457594357873,0.6050596647243174,Pn higher,FALSE,No significant integrated evidence,0.6312445536566887,0.02771112244044754,-0.20702544855358568,0.518537565887929,FALSE,NA,NA,NA,NA,NA,NA
cngb1b,11.1476521119874,0.25722307628006,0.96697704165459,0.736395114053205,0.849882962197462,Pn_vs_rest,Not significant,Pn,cngb1b,cngb1b,CNG channel,FALSE,Not significant,cngb1b,cngb1b,turquoise,-0.18966476099494292,0.6794958180364775,Pn lower,FALSE,No significant integrated evidence,0.811099241795091,0.00136633239027895,-0.09373752281717448,0.7719991193538345,FALSE,NA,NA,NA,NA,NA,NA
guca1c,435.620949827032,-0.104135336825333,0.903026579777292,0.887452903053413,0.943039793538539,Pn_vs_rest,Not significant,Pn,guca1c,guca1c,Photoreceptor recovery,FALSE,Not significant,guca1c,guca1c,yellow,-0.3013011598833346,0.5025387803860338,Pn lower,FALSE,No significant integrated evidence,0.764709649381022,0.00376631303936747,-0.05833400807516287,0.8570929960069982,FALSE,NA,NA,NA,NA,NA,NA
NR2E3,14.6707132277912,0.0640354288057524,1.02497387028242,0.93503761485518,0.969335782518075,Pn_vs_rest,Not significant,Pn,nr2e3,nr2e3,Photoreceptor regulation,FALSE,Not significant,nr2e3,NR2E3,magenta,-0.13931182167716974,0.7667304315713559,Pn lower,FALSE,No significant integrated evidence,0.8411326819374478,6.064935861507699e-4,-0.19822602240784767,0.5368487774280672,FALSE,NA,NA,NA,NA,NA,NA
rpe65a,153.345016482509,0.0474467033998801,0.93796013959827,0.949664896410881,0.975406502919665,Pn_vs_rest,Not significant,Pn,rpe65a,rpe65a,Visual cycle,FALSE,Not significant,rpe65a,rpe65a,green,-0.22581276319382,0.60679411217905,Pn lower,FALSE,No significant integrated evidence,0.6385387172261918,0.02543204818584354,-0.09419382271503156,0.7709153314130075,FALSE,NA,NA,NA,NA,NA,NA
cnga1a,246.561509333681,1.97571780784958,0.974970668355167,NA,NA,Pn_vs_rest,Not significant,Pn,cnga1a,cnga1a,CNG channel,FALSE,Not significant,cnga1a,cnga1a,pink,0.03880578831704033,0.9387523487632145,Pn higher,FALSE,No significant integrated evidence,0.7136862352056048,0.0091446655012066,0.3631752787729596,0.24590892185714855,FALSE,NA,NA,NA,NA,NA,NA
pax6b,1.97341671449506,1.57553331504161,1.30190353239875,0.0785166099052707,NA,Pn_vs_rest,Not significant,Pn,pax6b,pax6b,Retinal regulation,FALSE,Not significant,pax6b,NA,NA,NA,NA,NA,NA,No significant integrated evidence,NA,NA,NA,NA,FALSE,NA,NA,NA,NA,NA,NA
guca1d,3.97266472864489,-1.13675222138332,1.43362333215057,0.205813446256399,NA,Pn_vs_rest,Not significant,Pn,guca1d,guca1d,Photoreceptor recovery,FALSE,Not significant,guca1d,guca1d,pink,0.03880578831704033,0.9387523487632145,Pn higher,FALSE,No significant integrated evidence,0.783044575499461,0.00259569199862227,-0.28327031696079114,0.37228925647432953,FALSE,NA,NA,NA,NA,NA,NA
otx2b,4.14644278012234,-0.962350113366121,1.32865663949545,0.270907179922204,NA,Pn_vs_rest,Not significant,Pn,otx2b,otx2b,Photoreceptor regulation,FALSE,Not significant,otx2b,NA,NA,NA,NA,NA,NA,No significant integrated evidence,NA,NA,NA,NA,FALSE,NA,NA,NA,NA,NA,NA
rx1,3.88729683371985,0.787621172354127,1.01781429997458,0.31702914230722,NA,Pn_vs_rest,Not significant,Pn,rx1,rx1,Retinal regulation,FALSE,Not significant,rx1,NA,NA,NA,NA,NA,NA,No significant integrated evidence,NA,NA,NA,NA,FALSE,NA,NA,NA,NA,NA,NA
pde6b,141.919563851369,-0.599266165195511,0.954680123363674,NA,NA,Pn_vs_rest,Not significant,Pn,pde6b,pde6b,Phototransduction,FALSE,Not significant,pde6b,pde6b,green,-0.22581276319382,0.60679411217905,Pn lower,FALSE,No significant integrated evidence,0.5010547987223853,0.09703559749143058,0.02571411724090497,0.936774921132524,FALSE,NA,NA,NA,NA,NA,NA
rx2,3.75072025411809,-0.385946815831587,1.28239591870449,0.648471023227486,NA,Pn_vs_rest,Not significant,Pn,rx2,rx2,Retinal regulation,FALSE,Not significant,rx2,rx2,blue,0.23158457594357873,0.6050596647243174,Pn higher,FALSE,No significant integrated evidence,0.5165674487988343,0.08551774031198775,-0.2572051492485366,0.419644799082347,FALSE,NA,NA,NA,NA,NA,NA
