Gene,Module
A3GALT2,brown
AANAT,black
ABCA1,turquoise
ABHD5,grey60
ABR,turquoise
ACTA1,green
ACVR1B,blue
ADAM12,turquoise
ADAMTS5,green
ADAP1,yellow
AHCYL1,turquoise
AK6,red
ALX4,turquoise
AMDHD1,yellow
AMZ2,green
ANKRD66,brown
ANKS6,blue
ANOS1,brown
AP3B2,pink
APBA3,turquoise
APCDD1,turquoise
APP,blue
AQP11,grey
AREL1,purple
ARF1,darkred
ARHGAP26,brown
ARHGAP42,blue
ARHGAP6,turquoise
ARHGAP9,turquoise
ARHGDIA,turquoise
ARHGEF12,turquoise
ARHGEF26,salmon
ARMC6,black
ASTN2,midnightblue
ATE1,turquoise
ATG14,blue
ATP1A1,blue
ATP8A1,brown
B3GALT2,turquoise
B3GNT10,brown
BET1L,red
BFSP1,darkgreen
BHLHE40,blue
BICD2,brown
BRK1,blue
BTBD1,turquoise
C12orf29,greenyellow
C12orf57,black
C12orf65,magenta
C14orf119,turquoise
C14orf28,lightyellow
C16orf72,green
C17orf75,lightcyan
C18orf25,pink
C18orf32,greenyellow
C1orf35,blue
C1orf50,lightgreen
C20orf27,brown
C2orf49,lightgreen
C5orf15,blue
C5orf51,brown
C6orf120,grey60
C6orf62,cyan
C7orf25,turquoise
C7orf26,turquoise
C9orf16,red
C9orf64,brown
CACNA1D,brown
CACNA2D3,brown
CACNG2,tan
CAPN15,brown
CAPZA2,turquoise
CARTPT,brown
CASP6,greenyellow
CBX2,brown
CCDC88A,turquoise
CDC37,blue
CDH2,blue
CDH4,midnightblue
CDHR1,royalblue
CDK2AP1,turquoise
CDKL5,yellow
CDYL2,blue
CHMP6,red
CHORDC1,brown
CHRNA1,green
CHST13,darkred
CIR1,blue
CKMT1A,black
CMKLR1,turquoise
CNNM1,yellow
CNP,blue
COG5,yellow
COLGALT1,lightyellow
COMTD1,cyan
COPS6,brown
CPEB4,midnightblue
CRYBB3,brown
CSNK1D,black
CSRNP3,yellow
CTNNB1,blue
CTSZ,red
CUL3,greenyellow
CYP19A1,brown
CYTL1,turquoise
DCAF7,pink
DCTN6,blue
DDA1,lightgreen
DDAH1,turquoise
DDX39A,blue
DDX5,salmon
DENND5B,salmon
DGKD,black
DIP2C,turquoise
DISP3,purple
DMXL1,turquoise
DNAJA4,red
DOCK2,turquoise
DOCK9,green
DPYSL2,pink
DXO,greenyellow
DYNC1I1,pink
DYNC1I2,red
EBF1,brown
ECHDC1,brown
ECM2,turquoise
EIF4ENIF1,turquoise
EIF4G1,green
EIF5AL1,tan
ENY2,turquoise
ERG28,tan
ERMP1,turquoise
EVC2,turquoise
EZH1,blue
F2R,blue
FABP6,darkred
FABP7,turquoise
FADS6,brown
FAHD2A,turquoise
FAM53C,darkgreen
FAR2,yellow
FARP1,turquoise
FAT4,turquoise
FBLN2,blue
FBN1,green
FBXO40,yellow
FCHSD2,brown
FDX1,red
FH,red
FILIP1L,brown
FOXC1,turquoise
FOXN2,turquoise
FOXQ1,brown
FRMD1,turquoise
FUCA1,turquoise
FYN,magenta
G6PC2,tan
GABRA5,purple
GADD45B,pink
GALNT3,yellow
GALNT5,yellow
GAS7,yellow
GCA,brown
GCDH,blue
GFOD1,turquoise
GHITM,turquoise
GLUL,turquoise
GMFG,turquoise
GNA12,magenta
GNG5,salmon
GOT1,tan
GPAT4,turquoise
GPATCH2L,greenyellow
GPR137B,brown
GPR180,lightcyan
GPS2,red
GTPBP1,brown
GTPBP2,blue
GXYLT1,turquoise
HDAC2,magenta
HERPUD2,turquoise
HGFAC,turquoise
HINT1,blue
HNRNPUL1,black
IFT122,yellow
IGFBP4,blue
IKZF5,yellow
ILRUN,greenyellow
INHBC,lightcyan
INPP5A,black
IQSEC1,yellow
ISCU,black
ISYNA1,pink
ITM2A,blue
ITM2C,turquoise
JAZF1,black
JMJD8,red
JMY,turquoise
KCNA5,lightcyan
KCNB1,pink
KCNB2,pink
KCNH7,brown
KCNIP2,lightyellow
KCNIP3,blue
KCNMA1,purple
KCNQ4,turquoise
KCTD15,midnightblue
KDM7A,tan
KHSRP,turquoise
KIF21A,turquoise
KIF2A,pink
KLHL12,magenta
KLHL28,turquoise
KMT2A,purple
LAMA2,blue
LAPTM4B,green
LEPROT,blue
LGR6,brown
LIMD1,turquoise
LIN28A,greenyellow
LIX1L,blue
LLGL1,yellow
LONRF3,green
LPIN2,turquoise
LRFN2,green
LRIT2,royalblue
LRRC17,turquoise
LTBP3,turquoise
LTN1,blue
MAF,brown
MAMDC2,black
MAP3K13,lightcyan
MAPKAPK2,green
MARF1,blue
MARK4,lightyellow
MCMDC2,red
MCOLN3,yellow
MCUB,grey
MED9,greenyellow
MEF2D,turquoise
MEP1B,magenta
METTL7A,yellow
MFAP2,brown
MFSD3,grey60
MME,blue
MMP23B,black
MOK,red
MPDZ,turquoise
MRPS12,turquoise
MSL3,turquoise
MSMP,turquoise
MSRB1,turquoise
MTCH1,turquoise
MTMR4,turquoise
MXI1,turquoise
MYH6,purple
MYH9,turquoise
MYO1D,grey60
MYO9A,salmon
NAA15,lightyellow
NASP,turquoise
NBEA,pink
NBL1,turquoise
NCBP1,midnightblue
NCKAP5,salmon
NDUFA13,turquoise
NDUFB1,purple
NDUFS1,turquoise
NEK9,turquoise
NEMF,salmon
NFX1,turquoise
NIPAL2,black
NPC1L1,green
NR2E3,magenta
NR2F6,turquoise
NRCAM,green
NRP1,turquoise
NSG1,yellow
NT5C3B,yellow
NT5E,cyan
NTN1,greenyellow
OGDH,blue
OSBPL8,blue
OTOP1,purple
OTUB2,yellow
OTUD7A,turquoise
P3H4,darkgreen
PABPN1L,red
PAIP2,turquoise
PAIP2B,green
PAK3,yellow
PBLD,yellow
PCBP2,cyan
PCDHAC2,green
PCLO,pink
PDCL3,blue
PDE3A,lightyellow
PDPR,turquoise
PER2,brown
PHB2,blue
PHF21B,yellow
PIAS1,turquoise
PIK3CA,royalblue
PIP4K2B,lightgreen
PITPNM2,yellow
PKP4,brown
PLCB4,pink
PLEKHA5,turquoise
PLEKHH3,turquoise
PLXND1,black
PM20D2,green
PPFIA1,turquoise
PPP1CA,brown
PPP1CB,black
PPP1R1B,brown
PPP2R2C,turquoise
PPP2R3B,red
PPTC7,lightyellow
PRDX6,black
PRKAB2,turquoise
PRKAR2B,green
PRKD3,turquoise
PRPSAP1,salmon
PRRC2B,turquoise
PRSS23,green
PSMA4,turquoise
PSTK,grey60
PTCHD3,black
PTDSS1,turquoise
PTGDR2,brown
PTK7,turquoise
PTPN14,turquoise
PTPRD,purple
QPRT,brown
RAB19,turquoise
RAB28,red
RAB31,blue
RAB39B,yellow
RAB7A,blue
RAB9A,green
RABGAP1L,black
RAI2,turquoise
RALGDS,midnightblue
RAMAC,blue
RAMP3,turquoise
RANBP2,turquoise
RAP1GDS1,pink
RASSF5,brown
RBMS3,turquoise
RBPMS,blue
RGS20,yellow
RHBDF2,black
RIC1,brown
RILPL1,turquoise
RIN2,blue
RNF146,cyan
RNF223,pink
RNF5,purple
RPA1,brown
RPL19,blue
RPL27A,blue
RPL37A,blue
RPL5,green
RPL7A,blue
RRM2,red
RS1,lightcyan
RSBN1L,black
RTKN,yellow
RUNDC1,brown
RYR3,purple
SAT1,green
SBNO2,brown
SBSPON,yellow
SCD,brown
SCYL1,brown
SDHB,blue
SEC61A1,blue
SECISBP2L,turquoise
SELE,blue
SELENOP,blue
SFMBT1,brown
SGK1,turquoise
SGK3,brown
SH2B2,tan
SH3RF3,greenyellow
SHC3,black
SHKBP1,darkgreen
SHMT2,black
SIPA1L2,green
SLC12A6,turquoise
SLC16A7,black
SLC22A23,yellow
SLC24A2,lightcyan
SLC25A29,red
SLC25A30,blue
SLC35E2A,brown
SLC35G1,pink
SLC39A12,green
SLC45A4,blue
SLC4A7,lightcyan
SLC5A10,turquoise
SLC6A1,royalblue
SMAD3,turquoise
SMAP1,turquoise
SMARCA4,green
SMARCB1,brown
SMARCC2,salmon
SMU1,blue
SNIP1,turquoise
SNTA1,brown
SNX14,tan
SNX18,turquoise
SP3,turquoise
SPAG9,turquoise
SPATA1,lightyellow
SPNS2,red
SPOCK2,turquoise
ST8SIA3,black
STT3B,yellow
STUB1,red
SUCNR1,greenyellow
SYDE1,brown
SYDE2,pink
TADA1,red
TANC2,yellow
TATDN3,turquoise
TBC1D13,green
TBL1XR1,greenyellow
TCERG1,turquoise
TCF24,salmon
TCF7L1,turquoise
TENM3,green
TENT5A,pink
TEX2,pink
TGFB1I1,brown
THAP1,turquoise
THEM6,purple
THSD4,black
TIMM21,purple
TIMP3,yellow
TINAGL1,turquoise
TKT,blue
TLK1,grey60
TLR5,brown
TMC6,yellow
TMCC1,pink
TMCC3,brown
TMEM132D,lightcyan
TMEM158,turquoise
TMEM164,pink
TMEM179,brown
TMEM19,grey60
TMEM38B,brown
TMEM43,tan
TMEM47,yellow
TMEM50B,greenyellow
TMEM69,brown
TMX3,turquoise
TNS3,turquoise
TOM1L2,turquoise
TPM1,blue
TPPP,greenyellow
TRA2B,turquoise
TRAPPC5,brown
TRIM67,turquoise
TSC22D3,turquoise
TTC28,turquoise
UBA3,turquoise
UBA6,yellow
UBE2K,cyan
UBE2O,midnightblue
UBL5,green
UNC119,blue
UNC13A,turquoise
UNC13B,pink
UNC79,green
UPF1,grey60
UPF2,turquoise
UQCRFS1,blue
USP24,purple
USP34,brown
UTP14C,turquoise
UTS2R,turquoise
VAT1,green
VAV1,turquoise
VDAC2,darkgreen
VMP1,turquoise
VPS13B,blue
VPS26B,blue
WDR25,magenta
WDR31,brown
WDR33,yellow
WDR7,blue
WHAMM,brown
WIPI1,turquoise
XKR4,blue
XPO1,yellow
YBX2,purple
YES1,blue
YTHDF1,blue
ZADH2,turquoise
ZBTB21,black
ZBTB5,blue
ZC3H7B,turquoise
ZCCHC24,red
ZDHHC14,turquoise
ZNF207,pink
ZNF423,turquoise
ZNF462,turquoise
ZNF503,blue
ZNF608,pink
ZNF821,pink
ZNF830,turquoise
ZRANB1,magenta
ZSWIM6,turquoise
aacs,brown
aadac,turquoise
aadacl4,magenta
aadat,yellow
aagab,red
aamdc,cyan
aamp,green
aanat2,salmon
aars1,blue
aars2,green
aarsd1,tan
aasdhppt,brown
aatka,brown
aatkb,turquoise
abat,green
abca12,salmon
abca1a,blue
abca4a,green
abca4b,turquoise
abcb11a,purple
abcb6a,magenta
abcb7,pink
abcc1,turquoise
abcc3,turquoise
abcc4,salmon
abcc5,blue
abcc8,pink
abcd2,salmon
abce1,black
abcf1,blue
abcf2a,darkturquoise
abcg1,pink
abcg2d,brown
abcg5,tan
abch1,turquoise
abhd13,red
abhd14a,turquoise
abhd16a,red
abhd3,pink
abi1a,salmon
abi1b,brown
abi2b,blue
abi3bpb,brown
abitram,yellow
abl1,purple
ablim1a,turquoise
ablim3,blue
abraxas2,yellow
abtb2b,black
acaa2,black
acaca,blue
acacb,turquoise
acad11,lightyellow
acad8,greenyellow
acad9,yellow
acadsb,brown
acadvl,turquoise
acat2,purple
acbd3,blue
acbd6,turquoise
acbd7,blue
ace,turquoise
ace2,midnightblue
acer2,magenta
acer3,tan
acin1b,blue
ackr4b,turquoise
aclyb,turquoise
acmsd,green
aco2,magenta
acod1,black
acot13,darkgreen
acox1,black
acp5a,yellow
acp5b,brown
acp7,turquoise
acsbg1,brown
acsf2,yellow
acsl1a,turquoise
acsl2,yellow
acsl4a,yellow
acss2,brown
acss2l,brown
acta2,blue
actb1,turquoise
actl6a,blue
actn1,turquoise
actn3b,turquoise
actr10,green
actr2b,turquoise
actr3,blue
actr3b,pink
actr6,turquoise
actr8,pink
acvr1l,cyan
acvr2aa,green
acvr2bb,turquoise
acvrl1,turquoise
acy3.2,blue
acyp2,lightgreen
ada,tan
ada2b,turquoise
adal,black
adam10b,pink
adam17b,red
adam22,pink
adam8b,turquoise
adamts10,red
adamts12,turquoise
adamts13,red
adamts14,green
adamts15b,turquoise
adamts17,magenta
adamts6,brown
adamts9,turquoise
adamtsl5,darkgreen
adat1,turquoise
adat3,brown
adck2,turquoise
adck5,darkred
adcy1b,pink
adcy2a,black
adcy2b,turquoise
adcy5,turquoise
adcy6a,brown
adcy6b,blue
adcy7,yellow
add1,turquoise
add3a,brown
add3b,turquoise
adgra1a,greenyellow
adgra2,brown
adgrb3,pink
adgrg6,turquoise
adgrv1,black
adi1,red
adma,brown
adnp2b,cyan
adob,turquoise
adora2b,turquoise
adpgk,turquoise
adprh,darkred
adprhl2,yellow
adrb3a,green
adrm1,red
adsl,green
adss1,turquoise
adssl,blue
aebp1,tan
aebp2,turquoise
afap1l1a,yellow
afap1l1b,turquoise
afap1l2,blue
afdna,turquoise
afg1la,lightyellow
afmid,lightyellow
aga,yellow
agap3,magenta
agbl2,brown
agbl5,black
aggf1,turquoise
agk,black
ago4,purple
agpat2,purple
agpat3,royalblue
agpat5,brown
agps,brown
agrn,green
agt,red
ahcyl1,turquoise
ahsa1b,blue
aida,turquoise
aif1l,black
aifm1,turquoise
aifm3,brown
aimp1a,yellow
aimp2,turquoise
aip,black
aipl1,pink
aipl2,greenyellow
ajuba,turquoise
ak1,green
ak3,blue
ak4,yellow
ak5,brown
akap10,turquoise
akap11,brown
akap12b,blue
akap8l,blue
akirin1,turquoise
akirin2,lightgreen
akr1a1a,turquoise
akr1a1b,green
akr1b1.2,blue
akt1,brown
akt1s1,green
akt3a,blue
aktip,brown
alas1,blue
alas2,turquoise
alcamb,turquoise
aldh16a1,green
aldh1a2,blue
aldh1l1,black
aldh1l2,greenyellow
aldh2.2,blue
aldh3a2b,turquoise
aldh3b1,tan
aldh3b2,red
aldh4a1,turquoise
aldh5a1,red
aldh6a1,green
aldh7a1,blue
aldh9a1b,grey60
aldocb,turquoise
alg1,pink
alg3,green
alg5,brown
alg8,turquoise
alkbh2,red
alkbh5,brown
alkbh6,red
alkbh7,black
alox12,yellow
alox5ap,black
alpl,blue
alx1,turquoise
alyref,blue
amd1,turquoise
amfra,turquoise
amigo3,brown
amot,brown
amotl2a,turquoise
amotl2b,turquoise
ampd1,green
ampd3a,yellow
amph,pink
anapc10,black
anapc13,turquoise
anapc16,magenta
anapc2,salmon
angptl1a,brown
angptl3,red
angptl7,brown
ank1a,green
ank3a,blue
ankdd1b,pink
ankfy1,blue
ankha,brown
ankhd1,turquoise
ankle2,greenyellow
ankrd11,blue
ankrd13a,darkturquoise
ankrd13d,blue
ankrd27,brown
ankrd28b,royalblue
ankrd33ba,pink
ankrd33bb,turquoise
ankrd39,magenta
ankrd40,brown
ankrd44,turquoise
ankrd54,turquoise
anks1b,turquoise
anks4b,red
ankzf1,tan
ano10a,brown
ano2a,turquoise
ano5a,salmon
ano6,blue
ano8a,red
ano8b,turquoise
anp32a,brown
anp32b,magenta
anpepa,turquoise
antxr1b,brown
antxr1c,blue
antxr1d,turquoise
anxa11a,turquoise
anxa13,blue
anxa1a,blue
anxa2a,blue
anxa6,brown
aox6,brown
ap1b1,brown
ap1g1,brown
ap1g2,yellow
ap1m1,turquoise
ap1s2,yellow
ap2a1,turquoise
ap2b1,brown
ap2m1a,turquoise
ap2s1,black
ap3d1,turquoise
ap3m2,turquoise
ap4m1,yellow
ap4s1,turquoise
ap5b1,red
ap5m1,turquoise
ap5z1,yellow
apba1b,black
apba2b,royalblue
apbb1,turquoise
apbb2b,yellow
apbb3,lightyellow
apc2,red
apeh,magenta
apex1,red
aplnr2,greenyellow
aplp1,magenta
aplp2,blue
apmap,turquoise
apoa1b,blue
apobec2b,red
apoda.1,blue
apoda.2,greenyellow
apodb,turquoise
apoeb,blue
apol1,blue
appb,blue
appl2,yellow
aprt,red
aptx,magenta
aqp10b,tan
aqp11,turquoise
aqp12,cyan
aqp1a.1,blue
aqp7,red
aqp9b,lightcyan
aqr,brown
arcn1b,turquoise
arf2b,blue
arf5,blue
arfgap2,tan
arfgef1,turquoise
arfgef3,brown
arfip1,magenta
arfip2a,turquoise
arg1,greenyellow
arg2,blue
arhgap10,purple
arhgap12b,turquoise
arhgap17a,turquoise
arhgap17b,yellow
arhgap18,brown
arhgap21a,brown
arhgap21b,black
arhgap23a,turquoise
arhgap24,brown
arhgap25,brown
arhgap29a,blue
arhgap29b,turquoise
arhgap32b,turquoise
arhgap35b,blue
arhgap36,blue
arhgap42b,midnightblue
arhgap5,salmon
arhgef10,purple
arhgef10la,salmon
arhgef16,black
arhgef18a,yellow
arhgef18b,turquoise
arhgef38,greenyellow
arhgef6,turquoise
arhgef7a,black
arhgef9b,brown
arid1aa,salmon
arid1ab,salmon
arid2,turquoise
arih1,black
arih2,turquoise
arl1,red
arl13a,blue
arl13b,turquoise
arl14ep,brown
arl16,yellow
arl2,tan
arl3b,yellow
arl3l2,royalblue
arl5a,turquoise
arl6,black
arl6ip1,blue
arl6ip5a,magenta
arl6ip5b,turquoise
armc1,brown
armc1l,yellow
armc2,brown
armc5,darkgreen
armc7,red
armc9,tan
arnt2,turquoise
arntl1b,red
arntl2,green
arpc1a,black
arpc1b,turquoise
arpc2,blue
arpc3,red
arpc4,turquoise
arpc4l,blue
arr3a,blue
arrb2a,brown
arrdc1b,green
arrdc2,salmon
arrdc3b,yellow
arsa,black
arsg,yellow
arvcfb,turquoise
asah2,brown
asap1b,turquoise
asb12b,magenta
asb14a,tan
asb15b,purple
asb2a.1,darkgreen
asb3,darkturquoise
asb6,brown
ascc2,tan
ascc3,green
asdurf,tan
ash1l,turquoise
ash2l,turquoise
asns,midnightblue
aspa,turquoise
aspdh,cyan
aspg,red
asphd2,greenyellow
aspn,magenta
asxl1,turquoise
atad1b,yellow
atad2b,yellow
atat1,grey60
atcayb,lightcyan
atf1,yellow
atf4b,turquoise
atf5a,yellow
atf5b,turquoise
atf6,yellow
atf7b,brown
atg101,turquoise
atg12,turquoise
atg13,purple
atg16l1,turquoise
atg3,turquoise
atg4b,lightyellow
atg4da,turquoise
atg5,black
atg7,turquoise
atg9b,yellow
atl1,turquoise
atl3,brown
atmin,yellow
atn1,darkturquoise
atoh1b,turquoise
atoh1c,turquoise
atox1,blue
atp10b,purple
atp13a1,blue
atp13a2,turquoise
atp1a2a,red
atp1a3a,pink
atp1b1a,blue
atp1b2b,lightcyan
atp1b3a,turquoise
atp1b4,pink
atp23,magenta
atp2a1,darkturquoise
atp2a1l,cyan
atp2b3b,pink
atp2b4,brown
atp2c1,turquoise
atp5f1b,lightgreen
atp5f1d,turquoise
atp5f1e,black
atp5fa1,blue
atp5l,cyan
atp5mc3b,green
atp5mf,darkgreen
atp5pb,blue
atp5pd,blue
atp5po,blue
atp6ap2,brown
atp6v0a1a,turquoise
atp6v0b,blue
atp6v0cb,cyan
atp6v1ab,blue
atp6v1ba,blue
atp6v1c1b,green
atp6v1c2,turquoise
atp6v1d,brown
atp6v1e1b,brown
atp6v1f,blue
atp6v1g1,blue
atp7a,tan
atp8a2,magenta
atpaf1,greenyellow
atpv0e2,yellow
atr,brown
atraid,tan
atrnl1a,magenta
atrnl1b,brown
atrx,turquoise
atxn10,pink
atxn1a,salmon
atxn2,turquoise
atxn2l,turquoise
atxn7,salmon
atxn7l2a,salmon
avpr2ab,tan
azi2,green
azin1b,blue
b2ml,blue
b3galnt2,turquoise
b3gat1b,yellow
b3gat2,pink
b3gnt2a,brown
b3gnt5a,turquoise
b3gnt7l,yellow
b3gnt9,turquoise
b4galnt1a,tan
b4galt3,yellow
b9d1,brown
baalcb,yellow
bace1,blue
bach1a,purple
bag1,tan
bag2,yellow
bag3,greenyellow
bag5,yellow
bahcc1a,salmon
baiap2a,yellow
baiap2b,midnightblue
banf1,tan
baz1b,blue
bbip1,black
bbs2,turquoise
bbs4,brown
bbs5,royalblue
bbs9,blue
bcan,turquoise
bcap29,grey60
bcap31,blue
bcar1,blue
bcat1,greenyellow
bcat2,turquoise
bccip,red
bckdha,greenyellow
bckdk,red
bcl2l1,blue
bcl2l10,turquoise
bcl2l13,yellow
bcl6aa,pink
bcl7a,pink
bcl7bb,yellow
bcl9l,tan
bco2a,turquoise
bcorl1,turquoise
bdh1,turquoise
becn1,darkgreen
best1,turquoise
bet1,greenyellow
bfsp2,purple
bgnb,blue
bhlhe40,blue
bhlhe41,blue
bhmt,turquoise
bicc1a,turquoise
bicc2,purple
bicd2,brown
bicdl2,tan
bicra,salmon
bin3,greenyellow
birc2,blue
birc6,turquoise
blk,brown
blm,purple
bloc1s1,lightgreen
bloc1s2,blue
bloc1s3,red
bloc1s6,darkred
blvrb,blue
blzf1,cyan
bmb,brown
bmp10,red
bmp1a,green
bmp2k,brown
bmp6,yellow
bmp7a,yellow
bmpr1aa,turquoise
bmpr2a,salmon
bmt2,brown
bnc2,turquoise
bnip1b,tan
bnip2,purple
bnip3la,midnightblue
bnip3lb,brown
bnipl,greenyellow
boc,brown
boka,turquoise
bokb,black
bop1,turquoise
bora,midnightblue
borcs7,brown
borcs8,red
bpnt1,red
bptf,turquoise
brat1,greenyellow
brcc3,turquoise
brd1a,greenyellow
brd4,turquoise
brd7,turquoise
brd9,blue
brf1a,pink
bri3,cyan
bri3bp,pink
bricd5,yellow
brms1la,black
brms1lb,brown
brox,turquoise
brpf1,blue
brpf3b,turquoise
brsk2b,midnightblue
brwd3,brown
bsg,green
bsk146,green
btbd10b,turquoise
btbd11b,brown
btbd17a,lightgreen
btbd17b,pink
btbd2b,turquoise
btbd6b,brown
btbd7,yellow
btd,red
btg1,turquoise
btg3,turquoise
btk,yellow
bub3,brown
bxdc2,red
bzw1a,turquoise
bzw1b,blue
c1galt1a,lightcyan
c1qbp,brown
c1qtnf6a,blue
c2cd2l,pink
c2cd3,magenta
c6,greenyellow
c7a,brown
c7b,yellow
ca16b,brown
ca2,magenta
ca4a,turquoise
ca4b,greenyellow
ca6,blue
ca7,turquoise
cab39,brown
cab39l,black
cab39l1,blue
cables2a,yellow
cables2b,turquoise
cabp1b,pink
cabp5a,royalblue
cabp7b,greenyellow
cacna1g,brown
cacnb1,greenyellow
cacnb2b,pink
cacng1a,red
cactin,black
cacybp,turquoise
cadm1a,blue
cadm1b,royalblue
cadm2a,lightcyan
cadm3,turquoise
cadpsb,pink
cahz,turquoise
calcoco1a,black
calcoco1b,yellow
calm1b,blue
calm2a,blue
calr3b,turquoise
calua,yellow
calub,blue
camk1a,brown
camk1b,red
camk1gb,pink
camk2d2,pink
camkk1a,black
camkk1b,royalblue
cand1,turquoise
cant1b,red
canx,blue
cap1,tan
cap2,green
capgb,black
capn12,turquoise
capn1b,turquoise
capn3b,greenyellow
capns1b,blue
caprin1a,blue
caprin1b,blue
capza1b,darkred
capzb,turquoise
card11,turquoise
card19,grey60
carmil3,brown
cars2,black
casc1,brown
casc4,turquoise
casd1,blue
caskb,brown
casp8ap2,purple
casp9,turquoise
casq2,green
castor2,turquoise
casz1,lightcyan
cav1,tan
cav3,yellow
cavin1b,blue
cavin2a,blue
cbl,turquoise
cbll1,turquoise
cbr1,turquoise
cbwd,pink
cbx2,turquoise
cbx3a,blue
cbx4,tan
cbx5,blue
cby1,turquoise
cc2d2a,green
ccar1,green
ccdc102a,salmon
ccdc106a,purple
ccdc114,brown
ccdc115,turquoise
ccdc12,yellow
ccdc136b,blue
ccdc137,darkgreen
ccdc149b,black
ccdc153,turquoise
ccdc167,turquoise
ccdc174,turquoise
ccdc181,pink
ccdc186,blue
ccdc191,brown
ccdc28b,turquoise
ccdc43,brown
ccdc47,turquoise
ccdc51,tan
ccdc58,magenta
ccdc80,turquoise
ccdc84,magenta
ccdc85al,greenyellow
ccdc85cb,turquoise
ccdc88b,brown
ccdc9,turquoise
ccdc92,black
ccdc96,black
ccl25b,turquoise
ccm2,yellow
ccn1,blue
ccn1l2,brown
ccn2a,blue
ccn4a,magenta
ccn6,lightyellow
ccnc,purple
ccnd1,red
ccnd2a,blue
ccnd2b,blue
ccndbp1,turquoise
ccng2,black
ccnh,darkturquoise
ccni,green
ccni2,pink
ccnl1a,turquoise
ccnt2a,turquoise
ccnt2b,brown
ccnyl1,black
cct2,blue
cct3,blue
cct4,blue
cct5,midnightblue
cct6a,green
cct7,darkred
cd276,brown
cd2bp2,turquoise
cd302,blue
cd3eap,greenyellow
cd59,purple
cd63,tan
cd81b,brown
cd82b,green
cd9a,darkgreen
cd9b,yellow
cdadc1,yellow
cdan1,midnightblue
cdc123,turquoise
cdc14ab,turquoise
cdc23,red
cdc27,turquoise
cdc40,blue
cdc42bpab,turquoise
cdc42bpb,turquoise
cdc42ep1a,red
cdc42ep1b,turquoise
cdc42ep5,red
cdc42l,blue
cdc42se2,red
cdc45,yellow
cdc7,yellow
cdc73,magenta
cdca4,turquoise
cdca8,brown
cdcp1a,brown
cdh15,yellow
cdh16,brown
cdh2,magenta
cdh24a,greenyellow
cdh24b,magenta
cdh5,turquoise
cdhr1a,blue
cdip1,lightgreen
cdipt,brown
cdk1,brown
cdk12,turquoise
cdk17,magenta
cdk2ap2,brown
cdk5r1b,brown
cdk5r2b,pink
cdk5rap3,magenta
cdk8,brown
cdkl1,turquoise
cdkl5,lightcyan
cdkn2a/b,turquoise
cdkn2aip,blue
cdkn2aipnl,turquoise
cdo1,blue
cdon,yellow
cdr2a,turquoise
cdr2l,yellow
cds1,greenyellow
cdt1,yellow
cdyl,greenyellow
cebpa,blue
cebpb,turquoise
cebpd,turquoise
celf2,turquoise
celsr2,red
cemip,yellow
cenpl,magenta
cenpv,magenta
cep104,red
cep131,magenta
cep135,yellow
cep19,brown
cep290,pink
cep72,yellow
cep83,black
cep85,red
cep89,brown
cers4b,royalblue
cers5,yellow
cert1b,brown
cetn4,greenyellow
cfap20,green
cfap298,black
cfap300,red
cfap36,turquoise
cfap410,blue
cfl1,blue
cfl1l,turquoise
cgas,black
cgnl1,green
ch25hl3,brown
chac1,turquoise
chadlb,yellow
chchd10,black
chchd2,turquoise
chchd3a,blue
chchd4a,pink
chd1,turquoise
chd2,turquoise
chd4a,turquoise
chd7,green
chd8,salmon
chd9,green
chdh,darkgreen
cherp,brown
ches1,turquoise
chfr,yellow
chia.4,lightyellow
chid1,midnightblue
chka,blue
chkb,brown
chmp1b,turquoise
chmp2a,blue
chmp5b,cyan
chmp7,yellow
chp2,black
chpf2,turquoise
chpt1,cyan
chrac1,yellow
chrdl2,blue
chrm5a,greenyellow
chrna7,brown
chrnb5a,green
chs1,turquoise
chst12a,magenta
chst12b,blue
chst14,yellow
chst6,magenta
chst7,lightcyan
chsy1,turquoise
chsy3,pink
chtopa,turquoise
churc1,turquoise
ciao1,yellow
ciapin1,yellow
cib1,darkgreen
cicb,blue
cilp,greenyellow
cilp2,darkturquoise
cinp,cyan
cipca,yellow
cirbpb,blue
cisd2,black
cish,red
citb,turquoise
cited4b,turquoise
ckap5,turquoise
ckbb,blue
ckma,darkgreen
ckmt2a,lightgreen
clasp2,turquoise
clasrp,turquoise
clcf1,turquoise
clcn1b,lightcyan
clcn2a,pink
clcn3,blue
clcn4,tan
clcn5b,turquoise
clcn6,pink
cldn1,red
cldn11a,purple
cldn15b,yellow
cldn15lb,cyan
cldn19,brown
cldn5b,turquoise
cldn7b,lightgreen
cldnd1a,black
clec11a,salmon
clec16a,turquoise
clec3bb,brown
clgn,brown
clic1,darkred
clic4,turquoise
clint1a,blue
clip2,greenyellow
clip3,blue
clk4a,turquoise
cln5,brown
cln6a,turquoise
cln6b,red
clpp,cyan
clptm1,turquoise
clpxb,blue
clrn1,pink
clstn1,blue
clstn2,royalblue
clstn3,royalblue
clta,blue
cltb,darkred
clu,blue
cluha,green
clul1,red
cmbl,green
cmc1,turquoise
cmc2,greenyellow
cmlc1,green
cmtm4,yellow
cmtr1,brown
cmya5,red
cnbpa,blue
cnga1a,pink
cnga1b,black
cnga2b,greenyellow
cnga3a,black
cngb1b,turquoise
cnih1,red
cnksr1,lightyellow
cnn1b,black
cnnm4a,pink
cnot1,turquoise
cnot10,brown
cnot11,blue
cnot3a,darkturquoise
cnot6l,turquoise
cnot7,red
cnot8,red
cnot9,greenyellow
cnppd1,brown
cnpy3,blue
cnrip1a,pink
cntn3a.1,blue
cntnap1,green
coa3a,yellow
coa6,lightgreen
coa8,turquoise
coasy,tan
cobl,turquoise
coch,turquoise
cog1,turquoise
cog2,magenta
cog4,tan
cog7,brown
col10a1b,red
col1a1b,magenta
col1a2,green
col2a1a,blue
col4a1,turquoise
col5a2a,magenta
col6a1,green
col8a2,turquoise
col9a3,yellow
colgalt1,brown
commd7,turquoise
comp,brown
copb2,blue
cope,blue
copg2,midnightblue
cops3,blue
cops7a,turquoise
copz1,blue
copz2,purple
coq3,pink
coq4,black
coq6,black
coq8aa,green
corin,brown
coro1a,blue
coro1b,magenta
coro2a,green
coro2ba,grey60
cox10,blue
cox15,darkgreen
cox18,darkturquoise
cox19,brown
cox4i1,blue
cox4i2,green
cox5ab,blue
cox5b2,purple
cox6a1,blue
cox6b1,purple
cox6b2,blue
cox7a2l,turquoise
cpda,green
cpdp,magenta
cpe,royalblue
cpeb3,turquoise
cplx4a,blue
cplx4c,blue
cpn1,blue
cpne1,blue
cpne3,turquoise
cpo,turquoise
cpox,red
cpsf1,magenta
cpsf2,turquoise
cpsf3,red
cpsf4,red
cpsf6,turquoise
cpt1ab,purple
cpt1b,black
cpt1cb,turquoise
cpt2,red
cpxm1a,yellow
cpxm1b,yellow
crabp2a,blue
cracr2ab,brown
cramp1,red
crata,yellow
crb1,turquoise
crbn,blue
crcp,magenta
creb3l2,turquoise
crebbpa,brown
crebl2,turquoise
crebrf,salmon
creg1,tan
creg2,darkred
creld1b,yellow
creld2,green
crip2,blue
crk,brown
crkl,blue
crlf1b,red
crlf3,turquoise
crls1,turquoise
crmp1,pink
crnkl1,blue
crtac1a,black
crtap,turquoise
crx,pink
cry-dash,turquoise
cry1a,cyan
cry2,brown
cry3b,green
cryaa,brown
cryba1a,brown
cryba2b,purple
crybb1,brown
crybb1l3,pink
crygm3,green
crygm6,green
crym,red
cryz,brown
cs,blue
csad,turquoise
csde1,blue
cse1l,pink
csgalnact2,lightgreen
csnk1a1,blue
csnk1e,yellow
csnk1g2b,brown
csnk2a1,blue
csnk2a2a,midnightblue
csnk2a2b,blue
csnk2a4,black
csnk2b,greenyellow
cspg5a,lightcyan
csrp1a,blue
csrp1b,turquoise
csrp2,midnightblue
cst3,turquoise
cstf2,yellow
cstf3,yellow
ctbs,turquoise
ctcf,blue
ctdsp2,turquoise
ctdsplb,black
cthrc1a,darkgreen
ctif,blue
ctnna1,turquoise
ctnna2,green
ctnnal1,yellow
ctnnb1,green
ctnnbl1,brown
ctns,grey60
ctps1a,cyan
ctr9,turquoise
ctsa,green
ctsba,blue
ctsd,turquoise
ctsf,blue
ctso,black
cttnbp2nla,turquoise
cttnbp2nlb,darkturquoise
cul1b,turquoise
cul2,brown
cul4a,turquoise
cutc,magenta
cuzd1.1,red
cwc15,turquoise
cwc22,black
cwf19l1,salmon
cx36.7,brown
cxcl12b,tan
cxcl19,yellow
cxcr5,black
cxxc1a,turquoise
cyb561d1,purple
cyb561d2,yellow
cyb5b,brown
cyb5d1,lightgreen
cyb5d2,green
cybc1,red
cybrd1,turquoise
cyc1,blue
cycsb,turquoise
cyfip1,lightgreen
cyfip2,blue
cyhr1,green
cylda,turquoise
cyp17a2,lightcyan
cyp1c1,turquoise
cyp20a1,yellow
cyp24a1,purple
cyp26b1,brown
cyp27c1,salmon
cyp2n13,turquoise
cyp2r1,lightyellow
cyp3a65,black
cyp51,yellow
cyth1a,brown
cyth1b,turquoise
czib,turquoise
daam1b,red
daam2,blue
dab2,blue
dab2ipb,royalblue
dag1,royalblue
daglb,turquoise
dalrd3,yellow
dap,green
dap3,turquoise
dars1,purple
dazap2,green
dbh,turquoise
dbi,turquoise
dbnlb,turquoise
dbpa,blue
dbpb,blue
dbr1,salmon
dbx1a,yellow
dcaf11,blue
dcaf12,blue
dcaf5,turquoise
dcaf6,greenyellow
dcaf8,turquoise
dcdc2b,greenyellow
dclk1a,pink
dclk1b,black
dcn,blue
dcp1b,brown
dcps,brown
dctn1b,pink
dctn2,turquoise
dctn3,brown
dctn4,blue
dctpp1,lightgreen
dcun1d2a,blue
dcun1d3,blue
dcxr,salmon
ddah2,red
ddb1,turquoise
ddb2,yellow
ddc,pink
ddit3,red
ddit4,black
ddost,blue
ddr1,yellow
ddr2l,turquoise
ddx1,black
ddx10,brown
ddx11,blue
ddx19,blue
ddx20,brown
ddx21,magenta
ddx23,blue
ddx24,blue
ddx27,brown
ddx31,pink
ddx3xb,salmon
ddx42,turquoise
ddx43,yellow
ddx46,magenta
ddx49,darkgreen
ddx5,turquoise
ddx55,red
ddx56,black
ddx6,turquoise
deaf1,yellow
decr1,turquoise
dedd1,turquoise
def6a,magenta
def8,brown
degs1,yellow
degs2,darkgreen
dennd10,red
dennd4a,yellow
dennd4b,salmon
dennd5a,blue
denr,salmon
deptor,blue
dera,brown
derl3,magenta
desi1b,yellow
desmb,brown
dffb,blue
dgat1a,lightcyan
dgcr8,tan
dgke,greenyellow
dgkg,turquoise
dgkzb,pink
dglucy,purple
dhcr7,turquoise
dhps,brown
dhrs1,turquoise
dhrs12,brown
dhrs3b,turquoise
dhrs4,blue
dhrs7,lightgreen
dhrs7b,darkred
dhx15,turquoise
dhx29,yellow
dhx30,turquoise
dhx32a,black
dhx32b,black
dhx34,yellow
dhx36,black
dhx38,blue
dhx40,turquoise
dio2,pink
dip2a,black
dipk1ab,turquoise
dipk1b,purple
dipk2ab,red
dis3,turquoise
dis3l,greenyellow
dis3l2,salmon
dixdc1a,brown
dkc1,turquoise
dkk3a,greenyellow
dlat,red
dlc1,turquoise
dldh,blue
dlg3,lightyellow
dlg5b.1,purple
dlgap2a,yellow
dlgap4b,purple
dlk2,greenyellow
dlst,blue
dmac2l,red
dmap1,turquoise
dmgdh,purple
dmtf1,darkturquoise
dmtn,turquoise
dmxl2,pink
dnai1.2,magenta
dnaja2a,turquoise
dnaja2b,blue
dnaja3a,turquoise
dnajb12a,turquoise
dnajb12b,yellow
dnajb13,pink
dnajb14,blue
dnajb1a,brown
dnajb6b,turquoise
dnajb9a,turquoise
dnajc14,darkred
dnajc15,darkturquoise
dnajc16l,turquoise
dnajc17,turquoise
dnajc19,turquoise
dnajc25,magenta
dnajc3a,cyan
dnajc3b,red
dnajc6,pink
dnajc7,midnightblue
dnajc8,purple
dnajc9,tan
dnali1,magenta
dnase2,red
dnm1a,royalblue
dnm1l,salmon
dnm2a,turquoise
dnm2b,yellow
dnmbp,blue
dnmt1,brown
dnmt3aa,brown
dnmt3ab,turquoise
dnmt3ba,black
dnpep,yellow
dock1,brown
dock4b,turquoise
dock6,turquoise
dock7,brown
dock8,salmon
dok1b,yellow
dolk,purple
dolpp1,brown
dop1a,brown
dpagt1,red
dpep1,magenta
dpep2,turquoise
dpf2,yellow
dpf3,yellow
dph1,brown
dph2,blue
dph5,greenyellow
dph7,lightyellow
dpm3,magenta
dpp3,red
dpp6a,turquoise
dpp9,black
dpysl3,blue
dqx1,purple
dr1,red
dram1,green
dram2b,turquoise
drap1,turquoise
drg1,turquoise
drosha,brown
drp2,turquoise
dscaml1,yellow
dspa,turquoise
dtd1,turquoise
dtnbp1b,pink
dtwd1,red
dtwd2,brown
dtx2,black
dtymk,blue
dusp1,turquoise
dusp5,turquoise
dusp7,purple
dusp8a,blue
dvl2,turquoise
dync1li1,turquoise
dync1li2,turquoise
dynll1,blue
dynlrb1,blue
dynlt3,turquoise
dyrk1ab,blue
dyrk2,green
dyrk3,tan
e4f1,turquoise
eaf2,turquoise
eapp,turquoise
ebag9,tan
ebna1bp2,turquoise
ece2b,turquoise
ech1,yellow
echdc2,red
echs1,turquoise
eci1,purple
ecpas,green
ecrg4a,cyan
ecsit,lightyellow
edem1,darkred
edem3,brown
edf1,blue
ednraa,blue
edrf1,yellow
eef1akmt1,brown
eef1b2,turquoise
eef1da,turquoise
eef1g,blue
eef2k,turquoise
eef2kmt,yellow
efcc1,salmon
efemp2a,yellow
efhc1,black
efna1a,turquoise
efna1b,green
efna5a,brown
efnb1,brown
efnb2a,turquoise
efr3ba,turquoise
efr3bb,red
efs,turquoise
egf,magenta
egfl6,brown
egfl7,red
egfra,turquoise
egln1a,pink
egln2,turquoise
ehbp1,turquoise
ehd1a,turquoise
ehd4,blue
ehhadh,yellow
ei24,green
eif1axb,blue
eif2a,magenta
eif2ak1,turquoise
eif2b1,tan
eif2b4,tan
eif2b5,red
eif2s1b,red
eif2s2,blue
eif2s3,turquoise
eif3bb,blue
eif3ea,blue
eif3eb,black
eif3f,blue
eif3g,yellow
eif3ha,blue
eif3i,turquoise
eif3jb,blue
eif3k,blue
eif3s10,magenta
eif3s6ip,blue
eif4a1a,blue
eif4a2,turquoise
eif4a3,turquoise
eif4bb,blue
eif4e1c,pink
eif4e2,lightgreen
eif4eb,yellow
eif4g1a,blue
eif4g2a,blue
eif4g2b,blue
eif4g3a,blue
eif4h,turquoise
eif5,turquoise
eif5b,turquoise
eipr1,salmon
ela3l,brown
elac1,green
elf1,brown
elf2b,blue
elk3,green
ell,green
ell2,blue
elmo1,blue
elmo3,midnightblue
elmod2,black
elmod3,blue
elmsan1a,magenta
elmsan1b,turquoise
eloa,blue
elob,greenyellow
elof1,red
elovl1b,blue
elovl5,cyan
elovl6,blue
elovl8b,turquoise
elp1,turquoise
elp3,turquoise
elp4,yellow
emc2,turquoise
emc3,salmon
emc4,blue
emc6,turquoise
emc7,blue
emc9,blue
emg1,turquoise
emilin1a,turquoise
emilin1b,turquoise
emilin2a,turquoise
eml2,brown
eml3,brown
emp1,darkred
emp2,blue
emp3b,green
emx1,brown
en2a,yellow
enc3,turquoise
endog,darkturquoise
endou2,lightcyan
engase,greenyellow
eno1a,blue
eno1b,blue
eno3,green
enoph1,turquoise
enosf1,yellow
enpp2,brown
enpp4,green
enpp6,tan
ensaa,blue
entpd1,grey60
entpd3,black
entpd5a,yellow
entpd5b,cyan
entpd6,pink
ep300a,red
ep300b,magenta
ep400,blue
epb41l5,blue
epcam,salmon
epdr1,brown
epg5,turquoise
epha2b,turquoise
epha3,turquoise
epha4a,brown
ephb2b,pink
ephb3a,brown
ephb4a,brown
ephx1,turquoise
ephx2,turquoise
ephx5,green
epm2a,lightyellow
epn1,blue
epn2,tan
epor,red
eps15,salmon
eps8a,pink
eps8l1a,yellow
eps8l2,black
epyc,yellow
eral1,blue
erap2,turquoise
erbb2,turquoise
erbin,turquoise
ercc2,yellow
ercc6l,turquoise
ercc6l2,yellow
ergic1,brown
ergic2,purple
ergic3,midnightblue
erh,grey60
eri1,lightgreen
erlec1,midnightblue
erlin1,blue
ern1,turquoise
ero1b,turquoise
erp44,tan
es1,blue
esamb,yellow
esco2,black
esf1,turquoise
espn,turquoise
esr1,darkgreen
esrra,blue
esrrb,pink
esyt1b,blue
etf1a,blue
etfb,turquoise
etfdh,pink
etnk1,yellow
etnk2,turquoise
etnppl,red
ets1,blue
etv4,turquoise
etv5a,purple
eva1a,blue
evi5b,turquoise
evla,black
evlb,yellow
evplb,brown
ewsr1b,blue
exd2,turquoise
exoc1,turquoise
exoc5,green
exoc6b,brown
exoc8,turquoise
exorh,brown
exosc10,brown
exosc4,brown
exosc5,cyan
exosc6,greenyellow
exosc8,black
ext1c,green
ext2,green
extl2,yellow
eya2,turquoise
eya4,purple
ezrb,pink
f13a1b,tan
f2,purple
f2r,salmon
f2rl2,red
f5,turquoise
f9b,cyan
faah2b,greenyellow
fabp11a,green
fabp11b,blue
fabp2,tan
fabp3,blue
fads2,red
faf2,turquoise
fahd1,turquoise
faim2b,royalblue
fam102aa,turquoise
fam102bb,turquoise
fam107b,royalblue
fam110b,turquoise
fam110c,turquoise
fam113,tan
fam118b,greenyellow
fam120a,turquoise
fam120b,turquoise
fam120c,turquoise
fam124b,red
fam135a,turquoise
fam13b,green
fam149b1,yellow
fam160a1a,turquoise
fam160a2,greenyellow
fam160b1,darkred
fam162a,black
fam167b,brown
fam168b,blue
fam171a1,turquoise
fam171a2b,turquoise
fam174b,darkred
fam177a1,brown
fam183a,turquoise
fam185a,greenyellow
fam193a,turquoise
fam199x,yellow
fam214a,salmon
fam222a,green
fam222ba,yellow
fam234a,purple
fam234b,brown
fam32a,darkred
fam3a,brown
fam43a,turquoise
fam49ba,salmon
fam49bb,brown
fam50a,blue
fam53b,turquoise
fam76b,turquoise
fam78ab,red
fam78ba,darkgreen
fam83hb,yellow
fanci,blue
fancl,turquoise
fap,turquoise
farp2,pink
farsa,brown
farsb,turquoise
fasn,greenyellow
fastk,purple
fastkd2,yellow
fastkd3,blue
fat1a,turquoise
faua,red
faxdc2,turquoise
fbl,turquoise
fbln1,blue
fbln7,brown
fbxl15,darkred
fbxl3a,blue
fbxl5,brown
fbxo10,turquoise
fbxo18,salmon
fbxo25,green
fbxo3,yellow
fbxo30a,lightgreen
fbxo31,turquoise
fbxo32,purple
fbxo33,pink
fbxo34,darkred
fbxo38,turquoise
fbxo42,greenyellow
fbxo45,turquoise
fbxo8,blue
fbxo9,turquoise
fbxw10,red
fbxw11a,turquoise
fbxw7,turquoise
fbxw8,yellow
fcho1,turquoise
fdft1,turquoise
fdxacb1,yellow
fen1,black
fer,black
fermt2,turquoise
fermt3b,yellow
fez1,blue
fgb,blue
fgd5a,lightgreen
fgd6,turquoise
fgf1a,salmon
fgf2,blue
fgf8b,turquoise
fgfr1op2,turquoise
fgfr2,turquoise
fgl2a,turquoise
fhl1a,darkturquoise
fhl2b,grey60
fhod1,turquoise
fhod3a,lightyellow
fibina,turquoise
ficd,red
filip1a,green
filip1b,brown
fip1l1b,black
fkbp10a,magenta
fkbp10b,midnightblue
fkbp1b,purple
fkbp3,tan
fkbp4,blue
fkbp5,blue
fkbp9,magenta
fktn,red
fli1a,brown
flii,grey60
flna,magenta
flnca,turquoise
flncb,turquoise
flot2a,blue
flr,black
flrt1b,purple
flrt3,brown
flt4,magenta
flvcr1,pink
fmnl1a,turquoise
fmnl2a,black
fmnl2b,pink
fmnl3,brown
fmodb,black
fn1a,green
fn1b,tan
fnbp1b,turquoise
fnbp4,brown
fndc3a,brown
fndc3ba,salmon
fnip1,turquoise
fntb,brown
fosb,turquoise
foxf2a,brown
foxf2b,blue
foxh1,turquoise
foxj2,turquoise
foxk1,turquoise
foxm1,turquoise
foxn4,brown
foxo3b,blue
foxo4,brown
foxq1a,turquoise
fpgs,turquoise
fra10ac1,turquoise
frem1a,brown
frem1b,blue
frem3,black
frmd3,pink
frrs1l,yellow
frs2b,greenyellow
frs3,turquoise
fryl,green
frzb,grey60
fscn1a,turquoise
fscn1b,blue
fscn2a,turquoise
fsta,turquoise
fstl1b,blue
fstl3,turquoise
fstl5,black
ftcd,brown
fth1b,cyan
ftr82,brown
fubp1,turquoise
fuca2,purple
fuk,yellow
fut11,yellow
fut8b,blue
fxr1,blue
fybb,brown
fyco1a,turquoise
fzd3a,brown
fzd4,red
fzd5,pink
fzd6,black
fzd7b,turquoise
fzd8b,blue
fzr1b,purple
g2e3,blue
g3bp1,royalblue
g6pc3,brown
gabarapl2,green
gabbr1a,pink
gabpa,tan
gabpb2a,yellow
gabra1,pink
gabra6a,pink
gabra6b,purple
gabrb2a,pink
gabrp,turquoise
gad1b,blue
gadd45ab,brown
gadd45gb.1,turquoise
gadd45gip1,black
gal3st4,royalblue
galk2,yellow
galns,salmon
galnt1,green
galnt13,pink
galnt16,blue
galnt2,greenyellow
galnt8b.1,turquoise
gamt,red
ganab,turquoise
gapdh,purple
gapdhs,green
gar1,black
garem,turquoise
gars1,magenta
gart,red
gask1a,salmon
gata1a,yellow
gata4,green
gatb,brown
gatd1,blue
gba,turquoise
gbe1b,lightyellow
gbf1,brown
gc2,royalblue
gcc1,black
gcdha,brown
gcfc2,brown
gch1,blue
gch2,pink
gchfr,pink
gck,tan
gclc,magenta
gclm,brown
gcn1,turquoise
gcna,brown
gcnt3,greenyellow
gcnt7,turquoise
gdap1l1,greenyellow
gdap2,blue
gde1,cyan
gdi1,yellow
gdi2,blue
gdnfa,turquoise
gdpd4b,brown
gdpd5b,grey60
gem,pink
gemin4,red
gemin5,black
get3,turquoise
get4,blue
gfap,blue
gfi1ab,purple
gfm1,red
gfm2,turquoise
gfpt1,salmon
ggcta,yellow
ggcx,red
ggh,pink
ggnbp2,turquoise
ggt1b,brown
ghsrb,black
gid8b,blue
gig2p,salmon
gigyf2,blue
ginm1,blue
gins3,darkred
gipc2,yellow
git2a,tan
git2b,black
gla,greenyellow
glb1l,tan
glcci1a,turquoise
gldc,brown
gle1,brown
glg1a,turquoise
glg1b,pink
gli1,brown
glipr2l,brown
glis2b,brown
glmna,brown
glmnb,magenta
glmp,green
glo1,purple
glod4,magenta
glra2,lightcyan
glra4b,red
glrx,turquoise
gls2a,green
glsa,blue
glsb,turquoise
glt1d1,red
gltpd2,greenyellow
glud1a,turquoise
glud1b,blue
glula,blue
glyctk,greenyellow
gmcl1,red
gmfb,yellow
gmnn,brown
gmppaa,brown
gna11a,red
gna13b,turquoise
gna15.4,tan
gnai2a,magenta
gnai3,yellow
gnaia,magenta
gnao1b,lightcyan
gnas,turquoise
gnat1,blue
gnat2,yellow
gnav1,midnightblue
gnb1a,cyan
gnb1l,magenta
gnb3b,blue
gnb4b,brown
gnb5b,blue
gne,yellow
gng3,yellow
gngt1,blue
gnpat,magenta
gnpnat1,red
gnptg,lightyellow
gnsa,blue
gnsb,black
golga2,brown
golga3,brown
golga4,blue
golga5,turquoise
golga7,blue
golga7ba,black
golgb1,black
gopc,blue
gorasp1a,tan
gosr1,lightgreen
gosr2,yellow
got1,darkred
got2a,turquoise
gp9,turquoise
gpam,red
gpatch3,purple
gpatch8,lightgreen
gpbp1l1,green
gpc1b,turquoise
gpc4,green
gpc6b,yellow
gphnb,pink
gpib,purple
gpkow,cyan
gpm6aa,brown
gpm6ab,lightcyan
gpn2,turquoise
gpn3,turquoise
gpnmb,turquoise
gpr1,turquoise
gpr108,blue
gpr137,black
gpr137c,greenyellow
gpr143,black
gpr155a,lightgreen
gpr161,turquoise
gpr174,cyan
gpr176,blue
gpr182,turquoise
gpr26,blue
gpr27,turquoise
gpr37a,pink
gpr37b,pink
gpr37l1b,lightcyan
gpr61,green
gprc5bb,pink
gps1,green
gpsm1b,blue
gpt2l,turquoise
gpx3,turquoise
gpx4b,blue
gpx7,purple
gramd2aa,turquoise
grb10b,turquoise
grhpra,yellow
grhprb,magenta
gria3a,brown
grid2ipb,pink
grik1a,green
grin1a,pink
grin2ab,lightcyan
grinaa,royalblue
grip2a,pink
grk1a,blue
grk5,greenyellow
grk7a,blue
grm3,brown
grnb,turquoise
grwd1,red
gse1,darkturquoise
gsg1l,greenyellow
gsg1l2b,turquoise
gsk3ba,red
gsna,turquoise
gsr,yellow
gstcd,magenta
gstr,blue
gstt1b,turquoise
gstt2,darkturquoise
gstz1,red
gtf2a1l,black
gtf2a2,black
gtf2b,yellow
gtf2e2,darkred
gtf2f1,black
gtf2h2,brown
gtf2h3,midnightblue
gtf2h4,tan
gtf3ab,brown
gtf3c3,turquoise
gtpbp4,blue
gtpbp6,midnightblue
guca1a,royalblue
guca1b,blue
guca1c,yellow
guca1d,pink
gucd1,black
gucy2d,green
gucy2f,lightcyan
guk1a,purple
guk1b,pink
gulp1a,magenta
gusb,midnightblue
gxylt2,turquoise
gyg1a,tan
h1-0,blue
h3f3d,darkturquoise
haao,yellow
hacd1,yellow
hacd3,red
hadhaa,brown
hadhab,blue
hagh,blue
hars,blue
haus5,greenyellow
hax1,brown
hbegfa,blue
hbp1,turquoise
hbs1l,lightgreen
hccsb,turquoise
hck,green
hcn1,lightcyan
hcn4,pink
hcn4l,green
hdac1,blue
hdac11,lightyellow
hdac4,green
hdac5,magenta
hdac6,yellow
hdac7a,turquoise
hdac9b,blue
hddc2,brown
hddc3,darkgreen
hdhd2,green
hdhd3,blue
hdhd5,greenyellow
hdlbpa,blue
hdlbpb,turquoise
hdx,pink
heatr5a,brown
hebp2,turquoise
hecw2a,midnightblue
helz,turquoise
hemk1,red
henmt1,yellow
hephl1b,blue
her4.2,lightcyan
her6,turquoise
her9,turquoise
herc2,magenta
herc3,turquoise
herc4,red
herpud2,blue
hes6,purple
hexa,black
hexb,red
hexdc,blue
hexim1,green
hey1,turquoise
hey2,brown
hgd,cyan
hgfb,turquoise
hgh1,green
hgs,pink
hhip,blue
hhipl2,lightyellow
hibadhb,green
hif1aa,red
hif1al,turquoise
hif1an,purple
higd2a,darkred
hinfp,turquoise
hint2,red
hint3,yellow
hip1,turquoise
hipk1a,turquoise
hipk2,turquoise
hipk3b,blue
hira,brown
hivep1,blue
hivep2a,turquoise
hlcs,lightyellow
hlfa,blue
hltf,tan
hm13,blue
hmbox1a,purple
hmbsb,greenyellow
hmces,yellow
hmcn1,brown
hmgb1a,blue
hmgb1b,turquoise
hmgb2a,blue
hmgcl,red
hmgcrb,brown
hmgcs1,turquoise
hmgxb4a,magenta
hmox1a,yellow
hmox2a,brown
hmox2b,turquoise
hnf1a,red
hnf4a,brown
hnrnpaba,blue
hnrnpc,turquoise
hnrnpd,tan
hnrnph1,tan
hnrnph3,yellow
hnrnpk,purple
hnrnpm,green
hnrnpr,blue
hnrnpub,blue
hnrpkl,brown
hoga1,magenta
homer2,pink
hook1,turquoise
hp,green
hp1bp3,blue
hpca,yellow
hpcal1,black
hpcal4,turquoise
hpgd,yellow
hpn,greenyellow
hps5,brown
hs3st1l2,magenta
hs3st3l,pink
hs6st1b,purple
hs6st2,pink
hsd11b2,salmon
hsd17b10,black
hsd17b12b,magenta
hsd17b3,yellow
hsd17b7,lightyellow
hsdl1,turquoise
hsf2,blue
hsp90ab1,blue
hsp90b1,blue
hspa12a,royalblue
hspa12b,tan
hspa4a,brown
hspa4b,blue
hspa4l,blue
hspa5,turquoise
hspa8,blue
hspa8b,purple
hspa9,blue
hspb1,turquoise
hspb11,pink
hspb6,blue
hspb7,green
hspbap1,red
hspd1,turquoise
hspe1,turquoise
htr2b,darkred
htt,salmon
huwe1,turquoise
hvcn1,yellow
hyal2a,turquoise
hyal3,salmon
hyi,purple
hyou1,green
hypk,red
iah1,turquoise
iars2,cyan
iba57,cyan
ibtk,magenta
icmt,royalblue
icn,blue
id1,turquoise
id2a,blue
id3,turquoise
id4,blue
ide,salmon
idh1,blue
idh2,tan
idh3b,brown
ido1,brown
ier3ip1,magenta
ier5l,grey60
iffo1a,turquoise
iffo1b,royalblue
iffo2b,turquoise
ifi30,tan
ifih1,turquoise
ifrd1,blue
ift172,brown
ift20,red
ift22,yellow
ift57,turquoise
ift74,turquoise
ift80,turquoise
ift88,turquoise
igbp1,turquoise
igf1,blue
igf1ra,brown
igf2b,blue
igfbp2a,turquoise
igfbp3,pink
igfbp7,magenta
ighmbp2,turquoise
ihha,red
il10ra,brown
il13ra2,blue
il17d,darkred
ilf2,turquoise
ilkap,brown
immp1l,midnightblue
imp3,brown
imp4,brown
impad1,blue
impdh1a,blue
impdh1b,black
impdh2,brown
inab,royalblue
ing2,turquoise
ing3,turquoise
ing5a,tan
inhbaa,brown
inhbb,turquoise
ino80b,turquoise
ino80c,brown
ino80da,turquoise
ino80e,turquoise
inpp5e,pink
inpp5f,purple
inpp5kb,turquoise
inpp5l,blue
inppl1a,tan
inppl1b,brown
insig1,purple
insra,blue
ints10,yellow
ints11,red
ints13,brown
ints14,lightyellow
ints5,turquoise
ints6,brown
ints9,red
intu,black
invs,black
ip6k1,yellow
ip6k2a,royalblue
ip6k2b,blue
ipo11,turquoise
ipo7,green
ipo9,turquoise
ippk,red
iqgap1,green
iqgap2,blue
iqsec1b,pink
iqsec2b,green
irak1bp1,midnightblue
irak4,purple
ireb2,black
irf10,yellow
irf2bp1,black
irf2bp2a,green
irf2bp2b,turquoise
irf3,red
irf7,black
irs2a,pink
irs2b,salmon
irx3a,brown
irx6a,lightyellow
irx7,yellow
isca1,blue
iscub,blue
isg20,yellow
ism2b,blue
isoc2,black
ist1,blue
itcha,turquoise
itchb,blue
itga10,yellow
itga2.2,brown
itga3b,red
itga4,cyan
itga5,yellow
itga6a,green
itga6b,lightyellow
itga9,blue
itgav,turquoise
itgb1a,blue
itgb1bp1,red
itgb2,blue
itgb3a,turquoise
itgbl1,blue
itih2,yellow
itih5,brown
itih6,green
itm2bb,blue
itm2cb,brown
itpa,black
itpka,blue
itpkcb,purple
itpr1a,yellow
itpr1b,salmon
itpr2,magenta
itsn2b,turquoise
ivns1abpa,turquoise
jag1b,midnightblue
jagn1b,grey60
jak1,black
jak2a,turquoise
jak2b,turquoise
jak3,turquoise
jakmip2,pink
jam2a,lightgreen
jam3a,turquoise
jazf1a,yellow
jcada,blue
jmjd4,lightyellow
jmjd6,pink
jmjd7,salmon
josd1,turquoise
jph2,greenyellow
jpt2,turquoise
jun,turquoise
junbb,turquoise
jund,turquoise
june,cyan
jupa,blue
kank2,blue
kank3,turquoise
kansl1a,brown
kansl2,yellow
kars1,turquoise
kat14,turquoise
kat2a,red
kat2b,black
kat6a,turquoise
kat8,turquoise
katna1,magenta
katnb1,pink
kbtbd3,turquoise
kcmf1,blue
kcnab1a,green
kcnab2a,turquoise
kcnc1b,yellow
kcne4,blue
kcnh3,brown
kcnh6a,green
kcnip1b,turquoise
kcnj10a,magenta
kcnj11,pink
kcnj11l,brown
kcnj8,turquoise
kcnk12l,lightyellow
kcnk3b,black
kcnk5a,turquoise
kcnk5b,darkgreen
kcnk6,black
kcnma1a,purple
kcnn2,green
kcnn4,tan
kcnq2b,yellow
kcnq3,green
kcnv2b,royalblue
kctd12b,turquoise
kctd3,brown
kctd7,pink
kctd9a,brown
kdelr3,darkturquoise
kdm1a,brown
kdm2ab,blue
kdm2bb,red
kdm3b,turquoise
kdm5a,lightyellow
kdm5ba,turquoise
kdm5bb,turquoise
kdm6a,turquoise
kdm8,brown
kdr,blue
kera,lightcyan
khdc4,yellow
khdrbs1a,blue
khdrbs2,brown
kidins220b,turquoise
kif13a,turquoise
kif15,midnightblue
kif17,brown
kif1ab,royalblue
kif1b,green
kif20a,midnightblue
kif25,turquoise
kif3b,turquoise
kif3ca,red
kif5ba,brown
kifap3b,blue
kifbp,magenta
kin,turquoise
kita,black
kl,purple
klc1a,turquoise
klf11a,salmon
klf13,greenyellow
klf6a,blue
klf9,cyan
klhl13,brown
klhl15,turquoise
klhl17,yellow
klhl18,pink
klhl21,lightgreen
klhl32,yellow
klhl36,black
klhl4,brown
klhl40a,red
klhl40b,purple
klhl5,turquoise
klhl7,brown
kmo,yellow
kmt2e,magenta
kpna1,brown
kpna4,green
kpna7,yellow
kptn,brown
kremen1,magenta
krit1,turquoise
krr1,turquoise
krt15,blue
krt18a.1,blue
krt18b,turquoise
krt5,brown
krt8,blue
krt98,magenta
kyat3,brown
l2hgdh,turquoise
l3hypdh,grey60
l3mbtl1a,green
lacc1,turquoise
lactb,brown
lactbl1b,lightcyan
lamb1b,yellow
lamc3,magenta
lamp1b,brown
lamp2,turquoise
lamtor1,brown
lamtor2,brown
lamtor3,turquoise
laptm4a,blue
laptm4b,yellow
larp1,green
larp1b,turquoise
larp4aa,green
larp6a,red
larp6b,pink
larp7,midnightblue
lars1b,green
lasp1,brown
lats1,yellow
lats2,turquoise
lbh,salmon
lbr,cyan
lck,turquoise
lclat1,black
lcp1,red
lctla,turquoise
lctlb,yellow
ldb1a,cyan
ldb1b,turquoise
ldha,cyan
ldhbb,turquoise
ldhd,turquoise
lemd3,turquoise
leo1,blue
letm2,turquoise
letmd1,turquoise
lfng,brown
lgals3a,yellow
lgals3b,brown
lgals8a,blue
lgalslb,turquoise
lgi1a,black
lgmn,turquoise
lhfpl3,brown
lhfpl4a,turquoise
lhfpl5b,brown
lhpp,brown
lhx4,brown
lhx8b,salmon
lifra,blue
lig3,lightyellow
lim2.2,brown
lim2.3,green
limk1b,turquoise
limk2,brown
lin54,purple
lin7b,blue
lin7c,black
lipca,grey60
lipf,lightyellow
lipg,brown
lipia,purple
lipib,pink
lipt1,green
lman1,turquoise
lman2,brown
lmbrd1,blue
lmbrd2b,green
lmf2a,turquoise
lmnb2,brown
lmnl3,turquoise
lmo1,brown
lmo2,turquoise
lmo3,greenyellow
lmo4b,blue
lmod1b,blue
lmtk2,turquoise
lmx1al,darkturquoise
lnpep,blue
lnx2b,salmon
lonp1,turquoise
lonp2,brown
lonrf1l,turquoise
loxa,turquoise
loxl1,blue
loxl2a,red
loxl3b,turquoise
lpar2a,black
lpar4,turquoise
lpcat3,red
lpin1,blue
lpin2,greenyellow
lpl,salmon
lpp,green
lratb.2,turquoise
lrba,greenyellow
lrfn1,brown
lrfn4b,brown
lrig2,brown
lrit1a,blue
lrit1b,royalblue
lrmda,turquoise
lrp12,grey
lrp1aa,green
lrpap1,yellow
lrrc14b,red
lrrc18a,yellow
lrrc24,lightcyan
lrrc29,yellow
lrrc39,cyan
lrrc4.1,turquoise
lrrc42,purple
lrrc51,brown
lrrc57,greenyellow
lrrc8aa,brown
lrrfip2,green
lrrk2,yellow
lrrtm1,brown
lrrtm2,turquoise
lrtm1,darkred
lrtm2a,yellow
lsm1,turquoise
lsm11,blue
lsm12b,yellow
lsm3,turquoise
lsm4,blue
lsm5,greenyellow
lsm7,brown
lsm8,yellow
lta4h,turquoise
ltb4r2b,lightgreen
ltbp1,blue
ltk,black
ltv1,turquoise
luc7l,turquoise
luc7l3,turquoise
lurap1,turquoise
lxn,darkgreen
ly75,turquoise
lyar,turquoise
lyn,turquoise
lypla1,yellow
lypla2,brown
lyrm7,black
lysmd1,grey60
lysmd2,tan
lysmd3,red
lyst,turquoise
lzic,turquoise
lzts1,purple
lzts2a,turquoise
lzts2b,brown
m6pr,turquoise
mab21l1,pink
mab21l2,turquoise
maco1a,green
maco1b,green
macroh2a1,brown
mad2l1bp,black
madd,turquoise
maea,brown
mafk,darkgreen
mag,green
magi2a,green
magi3b,salmon
magoh,red
magt1,turquoise
maip1,brown
mak,red
mak16,turquoise
maml1,turquoise
man2b2,yellow
man2c1,midnightblue
manba,greenyellow
manea,turquoise
manf,turquoise
map1aa,lightcyan
map1b,blue
map1lc3a,turquoise
map1lc3b,red
map1sa,salmon
map2k1,yellow
map2k2a,blue
map3k12,black
map3k22,turquoise
map3k3,turquoise
map3k4,green
map3k5,turquoise
map3k8,brown
map6a,blue
map6b,blue
map6d1,pink
map7d3,darkgreen
mapk10,pink
mapk13,brown
mapk3,red
mapk6,turquoise
mapk8a,cyan
mapk8ip3,black
mapk9,tan
mapkap1,brown
mapre1b,turquoise
mapre2,pink
mapta,royalblue
march2,blue
march5,blue
march6,blue
march7,greenyellow
march8,green
marcksl1a,blue
marcksl1b,blue
mark1,yellow
mark4a,pink
mars1,blue
mars2,blue
marveld1,brown
marveld2a,brown
mast2,green
mast3a,brown
mat1a,red
mat2aa,black
mat2ab,turquoise
mat2b,tan
matn4,brown
mau2,turquoise
maza,turquoise
mbd2,brown
mbd3a,brown
mblac2,pink
mbnl1,turquoise
mbnl2,green
mboat2b,turquoise
mbpa,salmon
mbtd1,turquoise
mbtps1,blue
mbtps2,brown
mc2r,grey60
mcamb,blue
mcee,brown
mcfd2,blue
mcl1b,blue
mcm3ap,brown
mcm8,turquoise
mcmbp,turquoise
mctp1a,turquoise
mcts1,red
mdc1,turquoise
mdh1aa,turquoise
mdh1ab,yellow
mdh1b,brown
mdh2,turquoise
mdkb,turquoise
mdm4,brown
mdn1,turquoise
me3,turquoise
mea1,green
meaf6,salmon
mecr,greenyellow
med1,turquoise
med12,turquoise
med13a,magenta
med13b,salmon
med14,turquoise
med15,lightgreen
med20,yellow
med21,yellow
med22,lightyellow
med23,purple
med24,yellow
med29,brown
mef2aa,green
mef2cb,green
megf6b,grey60
meis1b,royalblue
memo1,cyan
mesd,darkturquoise
mest,black
metap1,turquoise
metap2b,blue
metrnlb,brown
mettl13,black
mettl15,brown
mettl21a,red
mettl25,tan
mettl27,black
mettl5,lightyellow
mettl6,greenyellow
mettl8,turquoise
mex3b,turquoise
mfap1,yellow
mff,turquoise
mfge8b,blue
mfhas1,brown
mfn1b,turquoise
mfn2,green
mfrp,turquoise
mfsd2b,darkgreen
mfsd4aa,salmon
mfsd8,turquoise
mgat2,brown
mgrn1b,turquoise
mia,greenyellow
mib1,turquoise
mib2,blue
mibp,turquoise
mibp2,blue
mical3a,turquoise
micos13,green
micu1,lightgreen
micu2,lightyellow
mid1,brown
mief1,tan
mier1b,darkgreen
mier3b,brown
mif,brown
mif4gda,cyan
miga1,lightcyan
miga2,brown
mindy4b,turquoise
mink1,turquoise
minpp1a,turquoise
miox,brown
mipa,purple
mipep,yellow
mitd1,turquoise
mitfb,turquoise
mkks,red
mknk2b,brown
mkrn2,turquoise
mlf1,yellow
mlf2,blue
mlh1,magenta
mlpha,turquoise
mlx,tan
mlycd,midnightblue
mmaa,turquoise
mmab,red
mmd,yellow
mmgt1,yellow
mmp14a,brown
mmp14b,blue
mmp15a,midnightblue
mmp16b,green
mmp19,darkred
mmp2,blue
mmp28,yellow
mms19,black
mms22l,brown
mn1b,green
mnat1,red
mns1,turquoise
mnta,turquoise
mntb,brown
mob1bb,blue
mob3a,turquoise
mogat2,lightgreen
mogat3a,brown
mogat3b,lightyellow
mon2,turquoise
morc2,blue
morn4,turquoise
morn5,turquoise
mos,turquoise
mospd2,brown
mpc1,turquoise
mpc2,yellow
mpg,purple
mphosph10,blue
mpl,greenyellow
mpnd,turquoise
mpp1,turquoise
mpp4l,red
mpp5b,royalblue
mppe1,lightcyan
mprip,turquoise
mpv17l2,darkred
mpz,green
mpzl1l,blue
mrc2,black
mre11a,green
mrgbp,turquoise
mrm3a,black
mrpl13,yellow
mrpl14,tan
mrpl15,brown
mrpl17,purple
mrpl18,red
mrpl2,turquoise
mrpl22,yellow
mrpl30,yellow
mrpl32,brown
mrpl35,tan
mrpl36,magenta
mrpl37,black
mrpl39,brown
mrpl4,turquoise
mrpl43,red
mrpl44,turquoise
mrpl45,yellow
mrpl47,blue
mrpl48,tan
mrpl9,tan
mrps10,purple
mrps14,brown
mrps18a,blue
mrps18c,cyan
mrps22,brown
mrps23,turquoise
mrps25,cyan
mrps26,yellow
mrps28,turquoise
mrps30,cyan
mrps33,turquoise
mrps34,brown
mrps35,black
mrps36,tan
mrps7,yellow
mrs2,red
mrto4,greenyellow
msh2,turquoise
msh4,lightgreen
msh5,lightyellow
msh6,midnightblue
msi1,royalblue
msl2a,red
msmo1,purple
msna,turquoise
msra,red
msrb3,blue
mstnb,grey60
msto1,turquoise
msx3,yellow
mta2,turquoise
mta3,turquoise
mtap,tan
mterf3,brown
mtfr1,yellow
mtfr1l,blue
mtg1,greenyellow
mthfd2,purple
mthfr,lightcyan
mthfsd,darkturquoise
mtif3,brown
mtmr11,yellow
mtmr1a,magenta
mtmr3,magenta
mtmr6,turquoise
mtnr1bb,turquoise
mtnr1c,purple
mtor,turquoise
mtpn,black
mtres1,darkturquoise
mtrex,yellow
mturn,pink
mtx1a,blue
mul1a,black
mus81,black
mxd3,tan
mxi1,turquoise
mxra8b,blue
mybpc2a,yellow
mycbp,red
mycn,turquoise
mydgf,greenyellow
myef2,yellow
myh10,green
myh11a,blue
myh7ba,turquoise
myh9a,turquoise
myl1,cyan
myl13,darkred
mylipa,turquoise
mylka,blue
mylpfa,purple
mylpfb,green
mylz3,green
myo18aa,brown
myo1b,blue
myo1ca,turquoise
myo1cb,blue
myo1ha,darkturquoise
myo3a,blue
myo5aa,black
myo7ab,turquoise
myod1,green
myof,turquoise
myog,cyan
myot,purple
myrf,turquoise
myzap,brown
mzt2b,black
n4bp1,brown
n4bp2,brown
n4bp3,yellow
n6amt1,red
naa10,blue
naa20,blue
naa30,greenyellow
naa35,black
naa38,cyan
naa40,blue
naa50,blue
nab2,yellow
nabp1a,brown
nacc1a,blue
nadk2,yellow
nadka,magenta
nadkb,greenyellow
nadsyn1,turquoise
naif1,lightcyan
nanp,red
nap1l1,turquoise
napab,green
napepld,yellow
napgb,blue
narfl,red
nars1,blue
nat10,tan
naxe,yellow
nbas,black
nbeaa,green
nbeal2,turquoise
nbn,yellow
ncalda,turquoise
ncaldb,royalblue
ncam1a,blue
ncam1b,green
ncapd2,turquoise
ncapd3,green
ncbp3,turquoise
ncdn,turquoise
ncf1,turquoise
ncf2,tan
ncf4,turquoise
nck1b,brown
nckap1,black
nckipsd,pink
ncl,blue
ncln,brown
ncoa2,brown
ncoa3,brown
ncoa4,turquoise
ncoa5,pink
ndel1b,turquoise
ndfip1,red
ndfip1l,blue
ndfip2,blue
ndnl2,turquoise
ndor1,yellow
ndrg1a,tan
ndrg2,midnightblue
ndrg3a,blue
ndrg4,lightcyan
ndst2a,brown
ndst3,green
ndufa1,brown
ndufa10,blue
ndufa12,turquoise
ndufa3,brown
ndufa4l2a,blue
ndufa4l2b,blue
ndufa5,red
ndufa6,yellow
ndufab1b,darkred
ndufaf1,darkred
ndufaf2,grey60
ndufaf3,lightcyan
ndufaf5,turquoise
ndufaf6,magenta
ndufaf7,turquoise
ndufb11,brown
ndufb2,green
ndufb3,lightgreen
ndufb4,brown
ndufb5,turquoise
ndufb7,black
ndufb9,midnightblue
ndufc2,tan
ndufs2,green
ndufs3,blue
ndufs4,turquoise
ndufs5,brown
ndufs6,yellow
ndufs7,royalblue
ndufv1,turquoise
ndufv2,lightcyan
nedd4l,brown
nedd9,turquoise
nefma,pink
negr1,pink
neil1,red
neil3,turquoise
nek12,blue
nek6,salmon
nelfa,grey60
nelfb,turquoise
nelfcd,black
nelfe,tan
nemp1,tan
neo1a,green
neu1,brown
neu4,black
neurl1aa,yellow
neurl1b,brown
neurl4,greenyellow
neurod1,green
neurog3,brown
nexn,pink
nf2b,grey60
nfat5b,blue
nfatc1,green
nfe2,darkgreen
nfe2l2a,cyan
nfil3-5,purple
nfil3-6,magenta
nfkb1,purple
nfkbiab,tan
nfrkb,turquoise
nfs1,blue
nfu1,turquoise
nfybb,blue
nfyc,blue
ngdn,turquoise
ngrn,green
ngs,yellow
nhej1,brown
nhlrc2,black
nhp2,brown
nhsa,green
nhsl1b,yellow
niban2a,greenyellow
nid1a,blue
nid2a,black
nim1k,red
nin,blue
nip7,red
nipa1,darkturquoise
nipa2,salmon
nipal3,turquoise
nipbla,magenta
nipblb,magenta
nipsnap2,red
nipsnap3a,black
nisch,black
nit2,brown
nkain1,yellow
nkain4,turquoise
nkiras1,grey60
nkiras2,salmon
nkrf,red
nkx6.2,turquoise
nln,turquoise
nme6,red
nme7,blue
nmnat1,purple
nmnat2,yellow
nmrk1,turquoise
nmt1a,brown
nmur3,greenyellow
nnt,turquoise
nnt2,black
noc3l,blue
nol4lb,lightyellow
nol6,lightyellow
nol7,lightyellow
nol9,yellow
nomo,midnightblue
nono,blue
nop16,turquoise
nop56,turquoise
nop58,yellow
nosip,cyan
nostrin,greenyellow
notch1b,blue
notch2,magenta
notch3,black
notum1a,purple
nox1,midnightblue
npb,yellow
npc1,blue
npc2,turquoise
npdc1a,lightcyan
npdc1b,purple
npepl1,turquoise
npepps,blue
nphp3,turquoise
npm1a,blue
npm3,brown
npr2,turquoise
npr3,midnightblue
nprl2,greenyellow
nprl3,greenyellow
nptnb,grey60
nr1d2b,turquoise
nr1d4a,turquoise
nr1h4,green
nr1h5,cyan
nr2c2,brown
nr2c2ap,black
nr2e1,purple
nr2f1a,blue
nr2f2,turquoise
nr3c1,turquoise
nr4a3,green
nr5a5,brown
nrbp1,turquoise
nrbp2b,brown
nrf1,purple
nrg1,yellow
nrg2a,black
nrg2b,yellow
nrip1b,green
nrl,royalblue
nrn1lb,lightcyan
nrp1a,blue
nrp2a,turquoise
nrp2b,black
nrros,darkgreen
nrsn1,pink
nsa2,turquoise
nsfa,pink
nsfb,brown
nsfl1c,brown
nsg2,lightcyan
nsl1,yellow
nsmaf,yellow
nsmce4a,brown
nsmfa,turquoise
nsrp1,brown
nt5c2b,turquoise
nt5c2l1,blue
nt5c3a,purple
nt5dc1,turquoise
nt5dc2,blue
nt5e,turquoise
ntd5,brown
ntmt1,yellow
ntrk2a,turquoise
ntsr1,green
nuak1b,turquoise
nuak2,red
nubp1,brown
nubp2,greenyellow
nucb1,turquoise
nucb2a,cyan
nudcd1,turquoise
nudcd2,greenyellow
nudcd3,blue
nudt1,tan
nudt12,yellow
nudt13,purple
nudt17,brown
nudt2,green
nudt22,yellow
nudt3b,green
nudt6,blue
nufip2,brown
numb,turquoise
numbl,greenyellow
nup107,turquoise
nup153,turquoise
nup160,turquoise
nup188,turquoise
nup205,yellow
nup42,yellow
nup43,brown
nup50,lightgreen
nup88,black
nup93,turquoise
nus1,lightgreen
nvl,yellow
nxnl1,turquoise
nxnl2,blue
nxt2,purple
nyap2b,magenta
nyx,purple
oat,blue
oaz1b,turquoise
ociad2,tan
oclna,yellow
oga,turquoise
ogal,black
ogdhb,turquoise
ogdhl,pink
ogfod2,yellow
ogfrl1,green
ogg1,black
ogna,brown
ognb,red
ola1,blue
olfm1a,red
olfml2a,blue
olfml2ba,turquoise
olfml3a,purple
ompa,pink
ophn1,turquoise
opn1lw1,lightyellow
opn1sw2,pink
opn3,black
opn6a,greenyellow
opn7a,red
opn8b,brown
optn,turquoise
orai1a,brown
orai2,salmon
orc4,pink
orc5,pink
ormdl2,lightgreen
os9,magenta
osbpl1a,brown
osbpl2a,turquoise
osbpl2b,blue
osbpl5,blue
osbpl7,blue
osbpl9,turquoise
osgep,red
osgepl1,yellow
ost4,turquoise
ostc,black
otc,yellow
otofa,magenta
otol1b,tan
otop2,purple
otud5a,turquoise
otx1,yellow
oxgr1a.2,green
oxr1b,blue
oxsm,yellow
p2rx1,lightcyan
p2rx3a,tan
p2rx5,tan
p2rx7,yellow
p2ry10,magenta
p2ry13,magenta
p3h1,turquoise
p3h2,tan
p3h3,greenyellow
p4ha1a,lightgreen
p4ha2,magenta
p4hb,turquoise
pa2g4b,green
pabpc1b,turquoise
pabpn1,brown
pacsin1a,royalblue
pacsin2,blue
pacsin3,brown
padi2,tan
paf1,turquoise
pafah1b1b,blue
pafah1b2,turquoise
pafah1b3,turquoise
pagr1,turquoise
paics,blue
pak7,brown
pald1a,turquoise
palld,turquoise
palm1b,blue
palm2akap2,turquoise
pamr1,turquoise
paplna,turquoise
papolg,blue
pappa2,yellow
pappaa,turquoise
papss2a,black
paqr3a,yellow
paqr4b,purple
paqr6,salmon
parapinopsina,red
pard3ab,black
parga,turquoise
parietopsin,brown
parla,grey60
parn,brown
parp1,turquoise
parp12a,red
parvb,brown
patz1,magenta
pawr,blue
pax9,greenyellow
pbdc1,blue
pbk,magenta
pbrm1l,lightyellow
pbx1a,magenta
pbx1b,turquoise
pbx2,turquoise
pbx4,turquoise
pbxip1a,turquoise
pcbp2,turquoise
pcdh15a,salmon
pcdh18b,brown
pcdh2ac,turquoise
pcgf1,green
pcgf5a,blue
pcgf6,pink
pcif1,brown
pck1,green
pcm1,salmon
pcmt,turquoise
pcmtd1,yellow
pcna,brown
pcnp,black
pcnx1,turquoise
pcnx3,purple
pcnx4,red
pcolce2b,grey60
pcsk1,lightyellow
pcsk2,pink
pcsk7,yellow
pcyox1,turquoise
pcyt1aa,lightgreen
pcyt1ba,green
pcyt2,green
pdap1a,blue
pdcd10b,magenta
pdcd11,blue
pdcd4a,salmon
pdcd4b,red
pdcd5,blue
pdcd6ip,turquoise
pdcl,blue
pde11al,green
pde3a,turquoise
pde3b,turquoise
pde4ba,turquoise
pde4d,brown
pde6a,blue
pde6b,green
pde6c,blue
pde6d,blue
pde6ga,turquoise
pde7a,salmon
pde8a,brown
pde8b,pink
pdf,red
pdgfba,brown
pdgfbb,blue
pdgfd,brown
pdgfra,blue
pdgfrb,turquoise
pdgfrl,turquoise
pdha1a,blue
pdhb,brown
pdhx,brown
pdia3,turquoise
pdia4,tan
pdia6,cyan
pdk4,black
pdlim1,turquoise
pdlim2,salmon
pdpk1b,turquoise
pds5b,turquoise
pdss1,greenyellow
pdx1,yellow
pdxdc1,midnightblue
pdxka,turquoise
pdxp,cyan
pdzd11,yellow
pdzd8,pink
pdzk1,red
pdzrn3b,blue
peak1,turquoise
pear1,brown
pebp1,brown
pecam1,blue
pef1,yellow
peli2,brown
pelo,lightcyan
pepd,blue
per1b,blue
per2,lightcyan
per3,blue
perp,turquoise
pex10,brown
pex11b,tan
pex14,blue
pex16,turquoise
pex3,magenta
pex5,blue
pex5lb,brown
pfdn1,turquoise
pfdn2,turquoise
pfdn5,blue
pfkfb4a,turquoise
pfkfb4b,red
pfkla,brown
pfkpa,green
pfkpb,brown
pfn1,blue
pfn2l,turquoise
pgam2,purple
pgam5,yellow
pgap6,brown
pgbd5,yellow
pgm1,magenta
pgm5,turquoise
pgpep1l,darkred
pgr,yellow
pgrmc1,cyan
pgrmc2,turquoise
phactr1,yellow
phactr3b,turquoise
phax,brown
phf10,green
phf20a,blue
phf23b,blue
phf6,brown
phf8,blue
phgdh,brown
phkg1a,red
phkg2,blue
phlpp1,purple
phospho2,magenta
phpt1,blue
phtf1,blue
phyhd1,brown
phykpl,lightgreen
pi4k2a,greenyellow
pi4kab,magenta
pi4kb,turquoise
pias1a,grey60
pibf1,brown
picalmb,blue
pick1,brown
pid1,blue
pif1,yellow
pigb,magenta
pigf,greenyellow
pigh,turquoise
pigk,turquoise
pigl,turquoise
pigq,brown
pigr,blue
pigt,yellow
pigu,purple
pih1d2,yellow
pik3c2a,turquoise
pik3cb,turquoise
pik3cd,turquoise
pik3cg,blue
pik3ip1,royalblue
pik3r1,turquoise
pik3r3a,blue
pikfyve,turquoise
pim1,blue
pim2,turquoise
pim3,brown
pin1,salmon
pink1,green
pinx1,turquoise
pip4k2aa,blue
pip4k2ca,green
pip4p1a,blue
pip5k1ba,blue
pipox,yellow
pitpnb,turquoise
pitrm1,turquoise
pitx2,blue
piwil1,turquoise
pkd1a,turquoise
pkd2,blue
pkd2l1,cyan
pkdccb,salmon
pkig,turquoise
pkma,red
pkmb,purple
pkn1a,blue
pkn2,turquoise
pkn3,yellow
pla1a,salmon
pla2g15,red
pla2g1b,grey60
pla2g7,yellow
pla2r1,turquoise
plaa,turquoise
plag1,black
plcd1a,blue
plcd3a,turquoise
plcd4b,blue
plcg1,turquoise
plcg2,salmon
plch2a,magenta
plcl1,brown
plcl2,turquoise
plcxd2,pink
pld1a,green
pld7,yellow
pleca,salmon
plecb,turquoise
plek,brown
plekha8,turquoise
plekhb2,grey60
plekhd1,lightcyan
plekhh1,green
plekhn1,greenyellow
plekho1b,turquoise
plekho2,brown
plk2b,blue
plk3,turquoise
plk4,red
plod1a,black
plod2,turquoise
plp2,brown
plpbp,red
plpp1a,turquoise
plpp2a,turquoise
plpp3,grey60
plpp6,blue
plppr5b,pink
pls3,turquoise
plxdc1,brown
plxna1a,green
plxnb3,turquoise
pmela,turquoise
pmm2,turquoise
pmp22a,salmon
pmpca,purple
pmpcb,red
pms2,magenta
pmvk,darkred
pnisr,turquoise
pno1,turquoise
pnp5a,red
pnpla2,turquoise
pnpla3,blue
pnpla7b,green
pnrc2,blue
podn,turquoise
pola1,salmon
pola2,yellow
pold1,yellow
pold2,lightyellow
poldip2,blue
poldip3,blue
polg,turquoise
polk,purple
polm,brown
polr1a,black
polr1b,red
polr1d,turquoise
polr1e,cyan
polr2a,turquoise
polr2f,turquoise
polr2h,black
polr2j,turquoise
polr2l,turquoise
polr3c,brown
polr3d,red
polr3e,turquoise
polr3f,brown
pomgnt2,green
pon1,lightgreen
ponzr2,yellow
pop1,yellow
pop7,black
porcn,brown
postnb,blue
pou4f3,greenyellow
pou5f3,yellow
pou6f2,pink
ppa1a,blue
ppa1b,tan
ppa2,turquoise
ppap2d,turquoise
ppargc1b,royalblue
ppat,yellow
ppcdc,grey60
ppcs,blue
ppdpfa,blue
ppdpfb,blue
ppfia2,pink
ppfia4,brown
ppfibp1a,tan
ppfibp1b,blue
pphln1,black
ppiab,blue
ppib,turquoise
ppic,turquoise
ppid,salmon
ppifa,turquoise
ppifb,red
ppil1,darkturquoise
ppil4,turquoise
ppip5k1a,turquoise
ppm1bb,blue
ppm1e,pink
ppm1h,brown
ppm1k,salmon
ppm1lb,blue
ppm1na,royalblue
ppm1nb,turquoise
ppme1,blue
ppox,red
ppp1cb,blue
ppp1cbl,blue
ppp1r13l,brown
ppp1r14ba,turquoise
ppp1r16b,turquoise
ppp1r1b,purple
ppp1r2,yellow
ppp1r37,blue
ppp1r3b,brown
ppp1r3da,cyan
ppp1r9a,turquoise
ppp1r9ala,turquoise
ppp1r9bb,brown
ppp2ca,magenta
ppp2r1bb,green
ppp2r2aa,yellow
ppp2r2ca,turquoise
ppp2r2d,cyan
ppp2r3c,greenyellow
ppp2r5a,midnightblue
ppp2r5cb,turquoise
ppp2r5eb,brown
ppp3ca,turquoise
ppp3cca,brown
ppp3ccb,blue
ppp4cb,turquoise
ppp4r3b,lightgreen
ppp4r4,magenta
ppp5c,blue
ppp6r2a,turquoise
ppp6r3,turquoise
ppt1,cyan
pptc7b,pink
ppwd1,grey60
pqbp1,red
prc1a,pink
prcc,red
prcp,turquoise
prdm10,brown
prdm11,turquoise
prdm2b,turquoise
prdm4,purple
prdx1,green
prdx2,cyan
prdx3,yellow
prdx5,blue
prdx6,blue
preb,tan
prelid3b,brown
prelp,green
prepl,midnightblue
prex1,blue
prex2,turquoise
prf1.5,black
prickle1a,turquoise
prickle1b,yellow
prickle2a,yellow
prkaa2,blue
prkag1,turquoise
prkar1ab,blue
prkar1b,blue
prkar2aa,turquoise
prkar2ab,purple
prkcaa,brown
prkcba,brown
prkcda,blue
prkcdb,brown
prkci,brown
prkcsh,blue
prkcz,yellow
prkd2,turquoise
prkd4,brown
prkg1b,turquoise
prmt1,blue
prmt2,black
prmt6,lightyellow
prmt7,yellow
prmt9,tan
prodha,blue
prom1a,royalblue
prom1b,royalblue
prorp,turquoise
pros1,turquoise
proser1,black
prox1a,pink
proza,turquoise
prozb,red
prpf18,brown
prpf31,cyan
prpf38a,turquoise
prpf38b,turquoise
prpf4,magenta
prpf40a,blue
prpf4bb,turquoise
prpf8,blue
prph,blue
prph2b,pink
prph2la,yellow
prpsap2,turquoise
prr12a,turquoise
prrc2c,turquoise
prrg1,yellow
prrg4,turquoise
prrt4,pink
prss12,lightgreen
prxl2b,black
psap,greenyellow
psat1,blue
psen1,tan
psen2,brown
psma1,yellow
psma2,blue
psma3,turquoise
psma6a,turquoise
psma6l,brown
psma8,blue
psmb12,red
psmb13a,greenyellow
psmb2,magenta
psmb3,darkgreen
psmb4,turquoise
psmb7,turquoise
psmb8a,turquoise
psmb9a,brown
psmc1a,turquoise
psmc2,salmon
psmc3,midnightblue
psmc3ip,black
psmc4,blue
psmc5,cyan
psmd1,blue
psmd10,turquoise
psmd12,blue
psmd13,turquoise
psmd14,turquoise
psmd4a,salmon
psmd4b,turquoise
psmd6,turquoise
psmd7,turquoise
psmd8,brown
psmd9,darkred
psme1,green
psme2,red
psme3,brown
psme3ip1,tan
psme4a,turquoise
psmf1,greenyellow
psmg2,turquoise
psph,turquoise
pstpip2,tan
ptcd1,yellow
ptcd3,yellow
ptdss1a,pink
ptdss2,red
ptena,magenta
pter,yellow
ptgdsb.1,turquoise
ptger4a,blue
ptges3a,turquoise
ptges3b,blue
ptgr2,green
pth1r,brown
ptn,blue
ptp4a1,black
ptpa,yellow
ptpdc1b,blue
ptpn1,magenta
ptpn11b,blue
ptpn21,yellow
ptpn23a,turquoise
ptpn2b,turquoise
ptpn4a,turquoise
ptpn5,green
ptpn9a,turquoise
ptpn9b,blue
ptpra,blue
ptprk,purple
ptprn2,magenta
ptprna,lightcyan
ptpro,brown
ptprsa,blue
ptprub,turquoise
puf60b,turquoise
pum1,turquoise
purab,turquoise
pus7,brown
pvalb4,green
pvalb5,green
pvalb6,green
pvalb7,turquoise
pvrl2l,purple
pwp2h,turquoise
pxmp2,greenyellow
pxylp1,black
pygl,blue
pygma,darkgreen
pygmb,blue
pygo2,brown
pym1,turquoise
qdpra,blue
qpctla,blue
qrich1,tan
qrsl1,yellow
qser1,yellow
qsox1,brown
qtrt1,magenta
r3hcc1l,green
rab10,turquoise
rab11al,greenyellow
rab11ba,blue
rab11fip4a,green
rab14l,blue
rab18b,blue
rab1ab,blue
rab1ba,blue
rab20,yellow
rab21,blue
rab24,black
rab2a,green
rab30,turquoise
rab33ba,red
rab34a,turquoise
rab34b,lightgreen
rab38c,red
rab3ab,pink
rab3c,pink
rab3gap2,black
rab3ip,yellow
rab40c,purple
rab42a,pink
rab4a,green
rab5b,greenyellow
rab5c,blue
rab7a,red
rab9b,red
rabac1,brown
rabep1,turquoise
rabepk,yellow
rabgap1,turquoise
rabggta,green
rabl3,red
rabl6b,brown
rac3b,turquoise
rack1,blue
rad1,greenyellow
rad17,yellow
rad21a,turquoise
rad50,brown
rad51,yellow
rad51d,blue
rad54b,pink
rad54l,brown
rad54l2,yellow
rae1,green
raf1a,turquoise
ralaa,yellow
ralbp1,salmon
ralgapa1,green
ralgapb,salmon
ralgps2,turquoise
raly,turquoise
ramp2,tan
ran,blue
ranbp1,greenyellow
ranbp3b,blue
rap2c,brown
rapgef1b,tan
rapgef2,turquoise
rapgef3,blue
rapgef6,brown
raraa,salmon
rars2,red
rasa1a,red
rasal2,brown
rasd2,darkgreen
rasgef1ba,brown
rasgef1bb,black
rasgrp4,brown
rasip1,turquoise
rasl10a,pink
rasl11b,yellow
rassf1,salmon
rassf2a,turquoise
rassf4a,salmon
rassf7a,greenyellow
rassf8b,blue
rassf9,turquoise
rb1cc1,brown
rbbp4,brown
rbck1,yellow
rbks,red
rbm14a,yellow
rbm15b,turquoise
rbm18,turquoise
rbm19,brown
rbm22,purple
rbm25a,blue
rbm25b,turquoise
rbm27,turquoise
rbm33a,green
rbm34,red
rbm39b,turquoise
rbm41,brown
rbm45,brown
rbm47,turquoise
rbm48,red
rbm5,turquoise
rbm6,turquoise
rbm8a,blue
rbp3,blue
rbp4,magenta
rbp4l,blue
rbp5,blue
rbpms2a,blue
rbsn,cyan
rbx1,green
rc3h1b,yellow
rcan3,blue
rcbtb1,midnightblue
rcl1,red
rcn3,green
rcor1,darkred
rcor2,purple
rcvrn2,turquoise
rcvrn3,royalblue
rd3,yellow
rdh1,grey60
rdh10a,turquoise
rdh12,magenta
rdh12l,turquoise
rdh14b,tan
rdh5,blue
rdh8a,blue
recql5,midnightblue
reep1,cyan
reep3b,blue
reep5,magenta
rel,turquoise
rela,darkgreen
relch,salmon
relt,yellow
rem2,brown
rerea,salmon
rereb,magenta
rest,cyan
retreg2,blue
retreg3,green
rex1bd,grey60
rexo4,salmon
rfc2,yellow
rfc5,purple
rftn2,brown
rfwd3,magenta
rfx2,greenyellow
rfx7b,turquoise
rfxank,red
rfxap,yellow
rgcc,turquoise
rgl1,green
rgl2,turquoise
rgmd,turquoise
rgn,darkturquoise
rgp1,blue
rgra,green
rgrb,green
rgs11,green
rgs12b,brown
rgs14a,magenta
rgs19,turquoise
rgs20,pink
rgs5a,blue
rgs9a,lightcyan
rgs9b,blue
rhag,blue
rhbdf1a,yellow
rhd,lightgreen
rhobtb2a,turquoise
rhobtb4,magenta
rhof,lightgreen
rhot1b,blue
rhot2,tan
rhoub,blue
ric8a,yellow
ric8b,brown
rida,cyan
rif1,brown
rilp,turquoise
rimbp2,black
rimkla,lightcyan
rin2,midnightblue
riok3,blue
riox1,tan
ripor3,turquoise
rlbp1b,yellow
rlf,purple
rmdn1,yellow
rmdn3,yellow
rmnd1,blue
rnaseh2a,green
rnaseh2b,turquoise
rnaseh2c,red
rnf10,blue
rnf103,turquoise
rnf111,turquoise
rnf113a,red
rnf114,turquoise
rnf115,grey60
rnf13,turquoise
rnf144aa,turquoise
rnf145b,turquoise
rnf151,turquoise
rnf166,lightyellow
rnf168,brown
rnf185,red
rnf19b,turquoise
rnf20,blue
rnf215,yellow
rnf220a,turquoise
rnf32,purple
rnf34a,turquoise
rnf34b,pink
rnf40,turquoise
rnf41,black
rnf41l,green
rnf6,turquoise
rnf7,brown
rnft1,lightgreen
rnft2,black
rnls,turquoise
rnmt,brown
rnps1,yellow
ro60,blue
rock1,turquoise
rogdi,black
rom1a,blue
rom1b,blue
romo1,turquoise
roraa,turquoise
rorb,turquoise
rorc,blue
rorca,darkred
rorcb,salmon
rp2,brown
rpa2,black
rpap1,yellow
rpap2,black
rpe,magenta
rpe65a,green
rpe65b,black
rpf1,yellow
rpl10,blue
rpl10a,blue
rpl11,blue
rpl13,blue
rpl13a,turquoise
rpl14,blue
rpl17,turquoise
rpl18,blue
rpl18a,turquoise
rpl21,blue
rpl22l1,blue
rpl23,yellow
rpl23a,blue
rpl24,green
rpl26,blue
rpl28,turquoise
rpl29,blue
rpl3,blue
rpl30,turquoise
rpl31,blue
rpl32,turquoise
rpl35,blue
rpl35a,blue
rpl36,green
rpl36a,blue
rpl37,turquoise
rpl39,magenta
rpl4,turquoise
rpl5b,blue
rpl6,blue
rpl7,blue
rpl9,blue
rplp0,turquoise
rplp1,blue
rplp2l,blue
rpn1,turquoise
rpp21,tan
rprd1b,blue
rps10,turquoise
rps13,turquoise
rps14,blue
rps15,blue
rps15a,blue
rps16,blue
rps17,blue
rps19,magenta
rps21,turquoise
rps23,blue
rps24,blue
rps25,blue
rps26,turquoise
rps27a,blue
rps28,blue
rps3,blue
rps3a,turquoise
rps4x,blue
rps5,red
rps6,blue
rps6ka1,green
rps6ka2,pink
rps6ka4,purple
rps6kal,pink
rps6kb1a,salmon
rps6kb1b,brown
rps6kc1,turquoise
rps8a,blue
rps9,blue
rpsa,blue
rpusd4,red
rpz,brown
rpz6,pink
rreb1a,pink
rrm1,black
rrn3,turquoise
rrnad1,turquoise
rrp12,brown
rrp15,brown
rrp7a,pink
rrp9,yellow
rsad2,turquoise
rsl24d1,blue
rsph9,yellow
rspry1,blue
rtca,brown
rtel1,brown
rtf1,magenta
rtf2,salmon
rtn2a,brown
rtn2b,darkgreen
rtn4r,green
rufy1,greenyellow
rufy2,greenyellow
rufy3,yellow
rundc3aa,magenta
rundc3b,yellow
ruvbl1,grey60
ruvbl2,turquoise
rwdd,brown
rwdd1,turquoise
rx2,blue
rxfp3.3b,pink
rxrbb,lightgreen
rxylt1,magenta
ryr3,salmon
s100a10a,turquoise
s100t,lightcyan
s100u,magenta
s1pr2,green
saal1,magenta
saga,blue
sall1a,green
sall3a,pink
samd11,turquoise
samd13,greenyellow
samd4a,brown
samd7,royalblue
sap130a,green
sar1b,turquoise
sarm1,yellow
sars2,blue
sart3,red
sash1a,green
sash3,turquoise
sass6,yellow
satb1b,turquoise
satb2,turquoise
sav1,tan
sbds,greenyellow
sbf1,turquoise
sbno1,brown
sc5d,red
scaf1,magenta
scaf11,blue
scamp4,brown
scap,turquoise
scara3,blue
scarb1,brown
scarb2c,black
scarf1,yellow
sccpdha.1,brown
scfd1,blue
scfd2,brown
scg2b,pink
scg3,black
scg5,turquoise
scinla,black
scinlb,turquoise
sclt1,brown
scn1ba,pink
scn2b,greenyellow
scoca,turquoise
scp2b,turquoise
scpep1,yellow
scrib,turquoise
scrn2,brown
scrn3,purple
scrt2,lightcyan
scube1,turquoise
scube3,greenyellow
scyl3,yellow
sdad1,salmon
sdc2,green
sdcbp2,greenyellow
sdccag8,salmon
sdf2,turquoise
sdf2l1,turquoise
sdf4,green
sdha,blue
sdhaf2,red
sdr39u1,brown
sdr42e2,darkgreen
sdsl,brown
sec11a,turquoise
sec13,brown
sec14l7,greenyellow
sec22a,yellow
sec22ba,red
sec22bb,turquoise
sec22c,yellow
sec23a,salmon
sec23b,turquoise
sec23ip,blue
sec24b,turquoise
sec24d,black
sec31a,turquoise
sec31b,turquoise
sec61g,yellow
sec62,green
selenof,green
selenom,turquoise
selenoo1,turquoise
selenot2,magenta
selenou1b,blue
selenow2a,blue
selp,brown
sem1,blue
sema3aa,brown
sema3ab,magenta
sema3c,blue
sema3fa,brown
sema3ga,black
sema4ab,turquoise
sema4ba,purple
sema4e,grey60
sema4gb,turquoise
sema6ba,lightcyan
sema6dl,turquoise
sema6e,turquoise
sema7a,green
senp6a,brown
sephs2,turquoise
sept10,cyan
sept15,blue
sept2,turquoise
sept3,turquoise
sept5a,blue
sept6,blue
sept7b,turquoise
sept8a,midnightblue
sept8b,pink
sept9a,blue
serbp1a,blue
serbp1b,blue
sergef,black
serinc1,blue
serinc2l,blue
serinc4,turquoise
serinc5,yellow
serp1,turquoise
serpind1,salmon
serpine2,blue
serpinf1,blue
serping1,darkturquoise
serpinh1a,tan
serpinh1b,turquoise
serpini1,turquoise
sesn1,turquoise
sesn2,turquoise
sestd1,grey60
setb,blue
setbp1,blue
setd1a,turquoise
setd1ba,yellow
setd4,magenta
setd5,turquoise
setd7,turquoise
sez6a,royalblue
sf1,green
sf3a1,turquoise
sf3a2,brown
sf3a3,turquoise
sf3b1,green
sfpq,turquoise
sfr1,yellow
sfrp1a,blue
sfrp5,blue
sfxn4,black
sgcb,blue
sgce,black
sgip1a,lightcyan
sgsh,black
sgsm1a,turquoise
sgsm3,brown
sgta,brown
sh2d1ab,yellow
sh3bgrl,blue
sh3bp5la,turquoise
sh3d19,turquoise
sh3gl1b,turquoise
sh3gl2a,royalblue
sh3gl3a,brown
sh3glb1a,magenta
sh3pxd2aa,brown
sh3yl1,brown
shank1,turquoise
sharpin,black
shc1,brown
shc2,turquoise
shcbp1,green
she,turquoise
shisa2b,red
shisa3,turquoise
shisa4,cyan
shox2,turquoise
shq1,yellow
si:busm1-57f23.1,brown
si:ch1073-174d20.1,red
si:ch1073-174d20.2,green
si:ch1073-266p11.2,brown
si:ch1073-280e3.1,turquoise
si:ch1073-335m2.2,brown
si:ch1073-358c10.1,turquoise
si:ch1073-390k14.1,black
si:ch1073-440b2.1,blue
si:ch1073-82l19.1,pink
si:ch211-102c2.7,salmon
si:ch211-103n10.5,blue
si:ch211-106h4.6,midnightblue
si:ch211-106j24.1,turquoise
si:ch211-107o10.3,midnightblue
si:ch211-113d22.2,green
si:ch211-113j13.2,turquoise
si:ch211-114c17.1,brown
si:ch211-117c9.5,brown
si:ch211-11n16.2,brown
si:ch211-120g10.1,brown
si:ch211-122f10.4,yellow
si:ch211-125m10.6,black
si:ch211-129c21.1,darkturquoise
si:ch211-136a13.1,turquoise
si:ch211-137a8.4,pink
si:ch211-141o9.10,turquoise
si:ch211-149k23.9,blue
si:ch211-14i3.2,yellow
si:ch211-150g13.3,pink
si:ch211-153j24.3,turquoise
si:ch211-156l18.7,turquoise
si:ch211-156l18.8,red
si:ch211-157p22.10,brown
si:ch211-15b10.6,tan
si:ch211-15p9.2,cyan
si:ch211-160f23.7,greenyellow
si:ch211-160o17.2,yellow
si:ch211-160o17.4,turquoise
si:ch211-165b10.3,black
si:ch211-166a6.5,turquoise
si:ch211-175m2.5,lightyellow
si:ch211-176g6.2,turquoise
si:ch211-191d15.2,magenta
si:ch211-191j22.3,green
si:ch211-195b13.1,royalblue
si:ch211-195b15.7,royalblue
si:ch211-195e19.1,brown
si:ch211-196f5.2,turquoise
si:ch211-196h16.12,black
si:ch211-197h24.6,purple
si:ch211-198a12.6,brown
si:ch211-198n5.11,darkgreen
si:ch211-1a19.3,blue
si:ch211-1e14.1,brown
si:ch211-200p22.4,purple
si:ch211-203d1.3,red
si:ch211-203k16.3,turquoise
si:ch211-210c8.6,yellow
si:ch211-212d10.2,turquoise
si:ch211-212g7.6,turquoise
si:ch211-214j8.12,turquoise
si:ch211-215k15.4,brown
si:ch211-217a12.1,darkred
si:ch211-223p8.8,green
si:ch211-225b10.3,purple
si:ch211-225b11.4,tan
si:ch211-22d5.2,greenyellow
si:ch211-232b12.5,brown
si:ch211-233a24.2,magenta
si:ch211-235o23.1,turquoise
si:ch211-239f4.1,green
si:ch211-243j20.2,brown
si:ch211-243o19.4,tan
si:ch211-246m6.4,green
si:ch211-248l17.3,greenyellow
si:ch211-253b8.5,turquoise
si:ch211-256e16.3,pink
si:ch211-256m1.8,turquoise
si:ch211-257p13.3,yellow
si:ch211-260e23.9,turquoise
si:ch211-263k4.2,turquoise
si:ch211-269e2.1,turquoise
si:ch211-278j3.3,blue
si:ch211-283h6.4,brown
si:ch211-284o19.8,turquoise
si:ch211-285f17.1,turquoise
si:ch211-287a12.9,brown
si:ch211-39a7.1,lightgreen
si:ch211-48m9.1,turquoise
si:ch211-51c14.1,turquoise
si:ch211-57i17.1,blue
si:ch211-59d15.9,black
si:ch211-63o20.7,turquoise
si:ch211-69g19.2,brown
si:ch211-71n6.4,brown
si:ch211-76l23.4,brown
si:ch211-79k12.1,blue
si:ch211-79l17.1,turquoise
si:ch211-93g23.2,brown
si:ch211-93n23.7,purple
si:ch73-106g13.1,purple
si:ch73-141c7.1,pink
si:ch73-147o17.1,green
si:ch73-199g24.2,blue
si:ch73-206p6.1,brown
si:ch73-215d9.1,yellow
si:ch73-21k16.5,lightcyan
si:ch73-233k15.2,magenta
si:ch73-234b20.5,green
si:ch73-238c9.1,tan
si:ch73-281f12.4,brown
si:ch73-334d15.1,blue
si:ch73-335l21.1,blue
si:ch73-344o19.1,red
si:ch73-352p4.8,purple
si:ch73-61d6.3,brown
si:ch73-62l21.1,turquoise
si:ch73-86n18.1,turquoise
si:dkey-103i16.6,turquoise
si:dkey-106g10.7,pink
si:dkey-10o6.2,turquoise
si:dkey-118j18.2,blue
si:dkey-120c6.5,greenyellow
si:dkey-122a22.2,yellow
si:dkey-12j5.1,turquoise
si:dkey-13a21.4,black
si:dkey-145c18.3,blue
si:dkey-154p10.3,turquoise
si:dkey-156n14.3,turquoise
si:dkey-167k11.5,turquoise
si:dkey-16j16.4,blue
si:dkey-16l2.16,black
si:dkey-174m14.3,yellow
si:dkey-174n20.1,yellow
si:dkey-175m17.6,lightgreen
si:dkey-17m8.1,turquoise
si:dkey-183j2.10,yellow
si:dkey-183n20.15,black
si:dkey-190g11.3,black
si:dkey-194e6.1,pink
si:dkey-197i20.6,magenta
si:dkey-19b23.7,yellow
si:dkey-19b23.8,yellow
si:dkey-19e4.5,turquoise
si:dkey-205h13.1,pink
si:dkey-219e21.4,pink
si:dkey-220f10.4,blue
si:dkey-222b8.1,turquoise
si:dkey-222f8.3,turquoise
si:dkey-23o4.6,blue
si:dkey-256h2.1,brown
si:dkey-266m15.5,brown
si:dkey-283b1.7,pink
si:dkey-283b15.2,greenyellow
si:dkey-31f5.11,turquoise
si:dkey-32e23.4,turquoise
si:dkey-33c12.12,purple
si:dkey-33c12.3,turquoise
si:dkey-34d22.1,red
si:dkey-34d22.5,yellow
si:dkey-35m8.1,yellow
si:dkey-40c11.2,blue
si:dkey-40g16.6,yellow
si:dkey-44g23.5,greenyellow
si:dkey-4e7.3,grey60
si:dkey-57a22.13,purple
si:dkey-69o16.5,brown
si:dkey-6b12.5,blue
si:dkey-72l14.3,lightgreen
si:dkey-72l14.4,greenyellow
si:dkey-76k16.5,green
si:dkey-76k16.6,red
si:dkey-79d12.5,turquoise
si:dkey-85k7.10,pink
si:dkey-91m11.5,turquoise
si:dkey-97o5.1,grey60
si:dkey-98f17.5,tan
si:dkeyp-104h9.5,green
si:dkeyp-120h9.1,blue
si:dkeyp-69b9.6,turquoise
si:dkeyp-69e1.8,midnightblue
si:dkeyp-72e1.7,lightcyan
si:dkeyp-81f3.4,salmon
si:dkeyp-97b10.3,brown
si:dkeyp-97e7.9,purple
si:dkeyp-9d4.4,turquoise
si:rp71-19m20.1,grey60
si:rp71-39b20.4,pink
si:zfos-1192g2.3,lightyellow
si:zfos-80g12.1,blue
si:zfos-943e10.1,midnightblue
siah1,black
siah2l,lightyellow
sidt2,purple
sik1,purple
sik2b,blue
sik3,black
sin3aa,darkturquoise
sin3b,turquoise
sipa1l1,green
sipa1l3,grey60
sirt3,turquoise
sirt4,green
sirt7,red
six1b,purple
six3a,brown
six3b,blue
six4a,yellow
six5,turquoise
six6a,royalblue
six7,blue
six9,yellow
skap1,brown
skia,turquoise
skib,turquoise
skila,brown
skiv2l,black
skp1,blue
skp2,yellow
slbp2,brown
slc10a1,greenyellow
slc10a3,brown
slc12a1,lightcyan
slc12a4,yellow
slc12a7b,brown
slc13a3,turquoise
slc16a10,green
slc16a12b,tan
slc16a13,turquoise
slc16a1b,red
slc16a3,pink
slc16a5a,turquoise
slc16a6a,green
slc16a6b,greenyellow
slc16a7,yellow
slc16a9a,salmon
slc17a7a,pink
slc18b1,yellow
slc19a1,turquoise
slc1a2a,blue
slc1a2b,pink
slc1a5,red
slc1a7a,lightcyan
slc1a8b,lightgreen
slc20a1a,blue
slc20a1b,darkred
slc22a2,yellow
slc22a6l,turquoise
slc23a2,turquoise
slc24a1,green
slc24a5,turquoise
slc25a10,turquoise
slc25a12,cyan
slc25a13,turquoise
slc25a15a,lightcyan
slc25a17,brown
slc25a18,yellow
slc25a19,turquoise
slc25a1a,yellow
slc25a24,turquoise
slc25a26,lightgreen
slc25a28,salmon
slc25a32b,yellow
slc25a36a,green
slc25a36b,turquoise
slc25a39,turquoise
slc25a3b,blue
slc25a4,red
slc25a40,red
slc25a42,greenyellow
slc25a44a,tan
slc25a46,turquoise
slc25a55a,darkturquoise
slc25a55b,brown
slc26a11,black
slc26a5,grey60
slc26a6l,lightcyan
slc27a1a,purple
slc27a2a,greenyellow
slc29a4,turquoise
slc2a10,greenyellow
slc2a12,blue
slc2a3b,turquoise
slc2a5,green
slc2a8,brown
slc30a4,green
slc30a5,black
slc30a7,greenyellow
slc31a2,red
slc32a1,greenyellow
slc33a1,tan
slc35a1,blue
slc35b1,green
slc35d2,lightgreen
slc35e1,midnightblue
slc35e3,brown
slc37a4a,cyan
slc38a10,yellow
slc38a3a,magenta
slc38a4,grey
slc38a5a,blue
slc39a13,turquoise
slc39a7,turquoise
slc3a1,pink
slc3a2a,blue
slc40a1,blue
slc43a1a,green
slc43a2b,lightcyan
slc44a2,turquoise
slc44a4,red
slc45a1,brown
slc46a1,cyan
slc4a1a,turquoise
slc4a1ap,midnightblue
slc4a2b,blue
slc4a4a,midnightblue
slc4a4b,turquoise
slc51a,yellow
slc5a1,tan
slc5a2,turquoise
slc5a7a,brown
slc6a14,green
slc6a15,yellow
slc6a16a,red
slc6a1a,pink
slc6a1l,pink
slc6a22.1,salmon
slc6a6b,blue
slc6a9,black
slc7a10a,turquoise
slc7a3a,turquoise
slc7a5,lightyellow
slc7a6os,blue
slc7a7,yellow
slc7a8a,green
slc9a1b,blue
slc9a2,grey60
slc9a3r1b,turquoise
slc9a7,yellow
slco1c1,salmon
slco2b1,tan
slco3a1,green
slco5a1a,yellow
slit1a,turquoise
slit2,turquoise
slitrk3b,magenta
slka,turquoise
slmapa,blue
slmapb,blue
sltm,turquoise
slx1b,yellow
smad1,turquoise
smad2,red
smad3b,magenta
smad7,turquoise
smarca2,turquoise
smarca5,black
smarcad1a,black
smarcc1b,black
smarcc2,turquoise
smarcd1,brown
smarcd3b,blue
smarce1,turquoise
smc1al,blue
smc2,blue
smc3,black
smc4,yellow
smc6,pink
smcr8b,salmon
smdt1b,cyan
smg1,turquoise
smg5,blue
smim14,tan
smim19,darkturquoise
smim4,darkgreen
smim8,grey60
smn1,tan
smndc1,grey60
smpd1,darkred
smpdl3b,red
smpx,yellow
sms,greenyellow
smurf2,midnightblue
smyd1b,tan
smyd2a,brown
smyd5,green
snai1a,turquoise
snap25a,royalblue
snap47,turquoise
snap91b,pink
sncb,pink
sncgb,blue
snd1,turquoise
snf8,purple
snrka,turquoise
snrnp200,magenta
snrnp25,turquoise
snrnp40,black
snrpa,green
snrpb,turquoise
snrpd1,brown
snrpe,turquoise
snrpg,turquoise
sntb2,pink
snu13a,magenta
snw1,blue
snx12,turquoise
snx13,brown
snx14,magenta
snx1a,magenta
snx21,turquoise
snx24,grey60
snx25,blue
snx27a,brown
snx29,turquoise
snx3,tan
snx30,turquoise
snx33,purple
snx6,blue
snx7,turquoise
snx8a,midnightblue
snx9b,brown
socs1b,turquoise
sod1,blue
sod3a,red
sorbs1,blue
sorbs2a,blue
sorbs3,turquoise
sorcs2,magenta
sos1,turquoise
sos2,brown
sost,turquoise
soul3,blue
soul4,turquoise
soul5,green
sowahca,pink
sowahd,magenta
sox10,turquoise
sox11a,brown
sox13,green
sox17,turquoise
sox8a,brown
sox9b,turquoise
sp2,blue
spag9a,turquoise
sparc,blue
spata22,brown
spata5l1,green
spc25,yellow
spcs1,red
spcs2,turquoise
spcs3,turquoise
spdya,red
specc1la,turquoise
spen,salmon
spg11,salmon
spg21,black
spg7,brown
sphk2,salmon
spi1b,blue
spire1b,midnightblue
spns1,blue
spock1,blue
spock2,pink
spock3,blue
spon1a,blue
spon1b,turquoise
spop,turquoise
spopla,purple
spout1,turquoise
spp1,turquoise
sppl2,brown
sppl3,green
spred1,turquoise
spred2a,turquoise
sprn,purple
sprtn,lightgreen
spryd4,black
spryd7b,blue
spsb1,green
spsb3b,darkturquoise
spsb4a,brown
sptb,magenta
sptbn2,blue
sptlc2b,blue
sqor,blue
sqstm1,turquoise
src,turquoise
srd5a1,purple
srd5a3,purple
srebf1,turquoise
srebf2,turquoise
srek1,greenyellow
srgap2,blue
srm,green
srp14,lightyellow
srp54,magenta
srp72,turquoise
srpk1a,royalblue
srpk1b,turquoise
srpra,cyan
srprb,greenyellow
srpx,magenta
srpx2,tan
srrt,turquoise
srsf4,blue
srsf5a,blue
srsf7a,brown
srsf9,turquoise
ss18l2,brown
ssb,red
ssbp3b,turquoise
ssh1a,turquoise
ssna1,red
sspn,brown
ssr1,blue
ssr2,blue
ssr3,blue
ssr4,turquoise
ssrp1a,blue
ssu72,turquoise
ssx2ipa,turquoise
ssx2ipb,blue
st3gal4,green
st3gal5,blue
st6gal2a,yellow
st7,yellow
st7l,brown
st8sia1,purple
stag1a,turquoise
stag2a,turquoise
stag2b,magenta
stam2,blue
stap2b,black
stard14,black
stard3,turquoise
stat1a,salmon
stat2,blue
stat3,blue
stat4,brown
stat5a,brown
stat6,turquoise
stau1,blue
stau2,turquoise
steap2,tan
steap4,turquoise
stim1a,blue
stk10,turquoise
stk11,magenta
stk17al,brown
stk17b,turquoise
stk19,midnightblue
stk24b,turquoise
stk25b,brown
stk3,brown
stk38a,cyan
stk38l,yellow
stmn1a,green
stom,yellow
stox2a,yellow
stpg1,red
stra6,turquoise
strada,black
strap,yellow
strn3,blue
strn4,blue
stt3a,blue
stt3b,turquoise
stub1,turquoise
stum,black
stx12,green
stx17,tan
stx18,cyan
stx1b,pink
stx4,brown
stx5a,red
stxbp1a,yellow
stxbp1b,green
stxbp3,turquoise
stxbp5b,yellow
stxbp5l,pink
stxbp6l,turquoise
styk1b,yellow
styx,red
sucla2,blue
suclg1,turquoise
sugct,turquoise
sugt1,blue
sulf1,black
sult1st6,purple
sult3st1,black
sult4a1,pink
sumf1,magenta
sumf2,turquoise
sumo1,darkturquoise
sumo2b,brown
sun1,blue
supt20,red
supt5h,turquoise
supt6h,blue
supt7l,black
surf1,red
surf2,grey60
surf6,black
susd1,brown
susd6,turquoise
suv39h1a,green
suz12a,turquoise
sv2,turquoise
sv2a,darkturquoise
sv2ba,blue
sv2ca,grey60
svild,turquoise
svopa,brown
sybu,pink
syf2,turquoise
syk,yellow
sympk,greenyellow
syn1,lightcyan
syncrip,magenta
syngr2b,tan
synj1,darkred
synj2bp,turquoise
synm,turquoise
synrg,turquoise
sypl1,turquoise
sypl2a,purple
sypl2b,turquoise
sys1,darkgreen
syt10,turquoise
syt11b,turquoise
syt1a,pink
syt5a,blue
syt5b,tan
szrd1,darkred
tab2,turquoise
tab3,tan
tac1,midnightblue
tacc1,turquoise
tacr2,greenyellow
tacr3a,tan
tada2a,tan
tada2b,pink
tada3l,green
taf1,turquoise
taf10,tan
taf11,black
taf15,turquoise
taf3,blue
taf5l,brown
taf6,brown
taf7,green
taf8,yellow
taf9,brown
tagln,blue
tagln3b,yellow
taldo1,magenta
tanc1a,lightcyan
tango2,brown
tango6,purple
taok1b,brown
taok2b,blue
taok3a,turquoise
tap2a,brown
tap2t,brown
tapbp.2,blue
tapbpl,green
tapt1a,midnightblue
tarbp2,red
tardbp,blue
tars1,turquoise
tas1r1,red
tasp1,brown
tatdn3,red
tax1bp1a,turquoise
tax1bp1b,green
tax1bp3,yellow
taz,turquoise
tbc1d10b,turquoise
tbc1d16,magenta
tbc1d19,yellow
tbc1d20,lightgreen
tbc1d23,turquoise
tbc1d4,yellow
tbc1d5,grey60
tbc1d9,turquoise
tbcb,blue
tbcelb,turquoise
tbck,brown
tbk1,magenta
tbl1x,tan
tbp,magenta
tbpl1,black
tbx2b,blue
tbxa2r,brown
tcea1,red
tcea3,brown
tceanc2,yellow
tcf25,turquoise
tcf3a,turquoise
tcima,brown
tcn2,turquoise
tcp1,red
tcta,pink
tdg.1,brown
tdo2a,greenyellow
tdp2b,blue
tdrd1,brown
tdrd3,turquoise
tdrd6,black
tdrd7b,turquoise
tdrd9,cyan
tead1a,yellow
tead3b,blue
tecra,red
tecrl2a,cyan
tefa,turquoise
tegt,turquoise
tenm1,turquoise
tent5ab,purple
tent5bb,black
tepsin,grey60
tes,midnightblue
tesca,turquoise
tesk2,turquoise
tet2,yellow
tet3,turquoise
tex10,tan
tex11,lightcyan
tex2,brown
tex261,brown
tex264a,blue
tfa,turquoise
tfam,greenyellow
tfap2a,brown
tfdp1a,blue
tfe3a,greenyellow
tfg,red
tfpi2,turquoise
tfr1a,magenta
tgfa,lightgreen
tgfb3,tan
tgfbi,green
tgfbr3,brown
tgfbrap1,turquoise
tgif1,purple
tgm2b,turquoise
thap11,pink
thap12b,greenyellow
thap4,greenyellow
thbd,turquoise
thbs1a,turquoise
thbs3a,salmon
thbs4a,black
thbs4b,black
them6,brown
themis2,black
thg1l,salmon
thnsl2,green
thoc1,blue
thoc2,blue
thoc5,magenta
thoc6,tan
thraa,lightcyan
thrap3a,brown
thrap3b,brown
thrb,tan
thtpa,turquoise
thyn1,yellow
tial1,greenyellow
tiam2a,blue
tie1,turquoise
timm13,red
timm23a,greenyellow
timm29,salmon
timm50,yellow
timm8a,cyan
timp2b,magenta
tirap,green
tjap1,yellow
tjp1a,turquoise
tjp1b,turquoise
tjp2a,tan
tk2,midnightblue
tkta,lightcyan
tlcd4b,blue
tlk2,tan
tln1,tan
tlr22,yellow
tm2d3,brown
tm4sf5,greenyellow
tm6sf2,blue
tm7sf3,turquoise
tm9sf3,red
tm9sf5,blue
tma16,tan
tmbim1a,red
tmbim1b,turquoise
tmco1,blue
tmco3,turquoise
tmco4,turquoise
tmed10,blue
tmed1b,yellow
tmed2,brown
tmed4,tan
tmed5,salmon
tmed7,green
tmed8,turquoise
tmed9,blue
tmeff1a,black
tmeff2a,turquoise
tmem101,red
tmem106ba,blue
tmem11,brown
tmem110l,yellow
tmem119b,turquoise
tmem120b,yellow
tmem121b,pink
tmem127,turquoise
tmem129,brown
tmem131,turquoise
tmem134,brown
tmem138,grey60
tmem14ca,red
tmem150aa,cyan
tmem151bb,darkturquoise
tmem165,greenyellow
tmem167a,blue
tmem168b,lightcyan
tmem170b,red
tmem175,greenyellow
tmem177,brown
tmem178b,pink
tmem18,turquoise
tmem181,turquoise
tmem182a,purple
tmem184c,red
tmem187,purple
tmem189,turquoise
tmem192,lightgreen
tmem204,turquoise
tmem205,blue
tmem208,blue
tmem214,purple
tmem223,lightyellow
tmem242,grey60
tmem245,lightyellow
tmem251,red
tmem258,tan
tmem266,turquoise
tmem30ab,turquoise
tmem35,green
tmem38a,brown
tmem39a,green
tmem39b,brown
tmem50a,grey60
tmem53,green
tmem54a,red
tmem54b,brown
tmem59,blue
tmem59l,lightcyan
tmem62,black
tmem72,turquoise
tmem82,yellow
tmem86b,darkred
tmem88b,red
tmem9,blue
tmem94,magenta
tmem98,yellow
tmf1,turquoise
tmie,purple
tmod1,grey60
tmod2,turquoise
tmod4,turquoise
tmpob,lightgreen
tmtc2b,green
tmtc4,turquoise
tmtops2b,turquoise
tmtops3b,salmon
tmtopsb,brown
tmub1,turquoise
tmub2,tan
tmx2a,turquoise
tnc,turquoise
tnfrsf9a,purple
tnfsf12,brown
tnika,brown
tnip1,black
tnip2,turquoise
tnk2b,turquoise
tnksb,turquoise
tnn,turquoise
tnni1b,brown
tnnt2d,yellow
tnpo1,turquoise
tnpo3,brown
tnr,lightcyan
tnrc18,turquoise
tnrc6a,purple
tnrc6c1,turquoise
tns1b,green
tns2a,turquoise
tob1a,salmon
tob1b,turquoise
toe1,black
tomm20a,turquoise
tomm20b,lightyellow
tomm34,purple
tomm40l,yellow
tonsl,brown
top1,turquoise
top1l,blue
top3a,turquoise
topbp1,green
tor1,black
tox4a,yellow
tp53bp1,purple
tp53bp2a,black
tp53i11b,green
tp53inp1,turquoise
tp53rk,brown
tp63,greenyellow
tpbgb,turquoise
tpcn1,turquoise
tpd52,turquoise
tpgs2,turquoise
tpi1a,pink
tpi1b,salmon
tpk1,red
tpm4b,blue
tpra,magenta
tprg1l,darkred
tprkb,midnightblue
tpt1,blue
tpte,yellow
tpx2,darkturquoise
tra2b,turquoise
trabd,pink
tradd,brown
traf2b,turquoise
traf3,blue
traf3ip1,royalblue
traf4a,greenyellow
traf6,yellow
trafd1,greenyellow
trak2,blue
tram2,midnightblue
trap1,tan
trappc11,turquoise
trappc12,yellow
trappc2l,red
trappc3,green
trappc4,red
trappc8,yellow
trh,red
trhra,purple
triap1,lightcyan
trib3,pink
trim105,brown
trim23,cyan
trim25,turquoise
trim35-13,green
trim36,purple
trim3a,blue
trim3b,greenyellow
trim46b,turquoise
trim47,brown
trim59,black
trim65,tan
trim66,purple
trim69,yellow
trim8b,magenta
trioa,brown
triob,magenta
triobpb,turquoise
trip10a,blue
trip11,turquoise
trip13,black
trir,red
trit1,brown
trmt10c,greenyellow
trmt11,magenta
trmt13,brown
trmt2a,turquoise
trmt5,cyan
trmt6,yellow
trmt61a,turquoise
trmt61b,red
trnau1apa,blue
trnt1,yellow
trpa1b,brown
trpc1,turquoise
trpc4apa,blue
trpc6a,turquoise
trpm1b,green
trpm5,red
trpm6,purple
trpt1,yellow
trpv1,turquoise
trpv4,pink
trpv6,magenta
trub1,turquoise
tsc1b,magenta
tsen34,turquoise
tsg101a,blue
tshr,lightcyan
tshz1,midnightblue
tsku,turquoise
tsnax,green
tspan10,turquoise
tspan14,red
tspan31,blue
tspan33b,purple
tspan3a,darkgreen
tspan3b,grey60
tspan4b,blue
tspan7b,darkred
tspan9a,turquoise
tspan9b,turquoise
tspo,lightyellow
tspy,turquoise
tsr1,purple
tsr2,darkturquoise
tsta3,tan
ttbk2a,lightcyan
ttc1,brown
ttc17,black
ttc3,turquoise
ttc33,purple
ttc34,turquoise
ttc36,brown
ttc37,blue
ttc38,midnightblue
ttc5,yellow
ttc7a,turquoise
ttc7b,turquoise
ttc8,yellow
ttc9c,darkturquoise
ttll12,turquoise
ttll9,magenta
ttyh1,lightcyan
ttyh3b,brown
tube1,brown
tubgcp2,brown
tubgcp4,yellow
tubgcp5,turquoise
tufm,green
twf1a,tan
twnk,brown
txlnbb,lightcyan
txndc12,red
txndc17,turquoise
txndc5,grey60
txnl1,turquoise
txnrd3,blue
tyms,red
tyr,purple
tyro3,salmon
tyrp1a,blue
tyrp1b,turquoise
tyw5,black
u2af1,blue
u2af2a,blue
u2surp,turquoise
uacab,turquoise
uba5,darkgreen
uba52,turquoise
ubald1b,tan
ubap2a,black
ubap2l,greenyellow
ube2al,black
ube2b,turquoise
ube2c,yellow
ube2d2,blue
ube2e2,brown
ube2f,brown
ube2g1b,greenyellow
ube2g2,blue
ube2h,greenyellow
ube2l3b,brown
ube2na,blue
ube2q1,blue
ube2q2,salmon
ube2ql1,pink
ube2r2,magenta
ube2s,turquoise
ube2v1,turquoise
ube2v2,blue
ube3a,lightgreen
ube3c,pink
ube3d,brown
ubl3a,blue
ubn1,red
ubn2a,green
ubn2b,red
ubp1,blue
ubr3,turquoise
ubr4,green
ubr5,black
ubtd2,brown
ubtf,turquoise
ubtfl,lightyellow
ubxn1,turquoise
ubxn10,pink
ubxn2a,blue
ubxn7,blue
uchl1,turquoise
uck1,red
uck2a,yellow
uckl1b,brown
ucp1,red
ucp2,turquoise
uevld,yellow
ufl1,blue
ugcg,lightgreen
ugdh,black
uggt1,brown
ugp2b,blue
ugt1a1,brown
ugt8,black
uhrf1bp1,yellow
uhrf1bp1l,turquoise
ulk2,pink
unc119b,blue
unc13d,black
unc50,brown
unc93b1,blue
unga,turquoise
unk,magenta
uox,red
upb1,yellow
upf1,pink
upf3a,pink
upf3b,turquoise
uprt,cyan
uqcc1,green
uqcc2,red
uqcr10,yellow
uqcrb,darkred
uqcrc1,turquoise
uqcrc2b,turquoise
uqcrq,brown
urad,cyan
urahb,magenta
urod,turquoise
uros,turquoise
urp1,green
usb1,brown
usf2,turquoise
ush1ga,brown
uso1,turquoise
usp1,turquoise
usp10,turquoise
usp11,black
usp12b,red
usp13,greenyellow
usp14,darkgreen
usp19,turquoise
usp20,darkred
usp25,turquoise
usp28,purple
usp2a,blue
usp2b,turquoise
usp30,tan
usp32,brown
usp33,turquoise
usp36,brown
usp37,red
usp38,turquoise
usp39,red
usp4,lightgreen
usp40,brown
usp45,turquoise
usp46,black
usp47,blue
usp48,brown
usp5,turquoise
usp53b,magenta
usp6nl,turquoise
usp7,turquoise
usp8,turquoise
usp9,salmon
utp20,turquoise
utp23,red
utp3,midnightblue
utp4,red
utp6,red
uts2r2,turquoise
uvrag,brown
uxs1,tan
vamp1,pink
vamp2,green
vamp4,green
vapal,brown
vapb,blue
vars1,cyan
vars2,turquoise
vat1,blue
vat1l,turquoise
vax2,blue
vcla,brown
vclb,blue
vcp,magenta
vdac1,blue
vdac2,darkturquoise
vdac3,greenyellow
vdrb,brown
vezf1a,turquoise
vezt,salmon
vgll4l,yellow
vhl,midnightblue
vill,yellow
viml,turquoise
vipas39,greenyellow
virma,turquoise
vmp1,yellow
vps13d,green
vps18,turquoise
vps25,turquoise
vps26b,black
vps26c,purple
vps29,red
vps35,turquoise
vps35l,yellow
vps36,black
vps37b,turquoise
vps37c,brown
vps39,turquoise
vps45,green
vps4a,greenyellow
vps50,turquoise
vps53,brown
vps54,black
vrk2,midnightblue
vrk3,black
vsir,turquoise
vsnl1b,pink
vstm2l,turquoise
vsx1,red
vtg3,lightgreen
vti1a,tan
vtna,green
vwa2,magenta
vwa5b2,turquoise
vwde,red
vwf,turquoise
waca,magenta
wapla,brown
wars1,red
wars2,purple
wasf1,pink
wasf2,blue
wasf3b,yellow
wash1,turquoise
washc5,green
wbp2,cyan
wbp2nl,tan
wdcp,darkturquoise
wdhd1,brown
wdr11,purple
wdr12,turquoise
wdr13,turquoise
wdr19,turquoise
wdr20b,turquoise
wdr24,greenyellow
wdr32,brown
wdr34,magenta
wdr41,greenyellow
wdr44,grey60
wdr45,midnightblue
wdr46,red
wdr47a,black
wdr48b,tan
wdr5,turquoise
wdr53,cyan
wdr59,turquoise
wdr61,yellow
wdr73,royalblue
wdr74,tan
wdr76,pink
wdr81,turquoise
wdr83,brown
wdr83os,brown
wdr92,turquoise
wfdc1,darkturquoise
wfdc2,yellow
wfikkn1,black
wfs1a,lightgreen
wfs1b,red
whrna,lightcyan
wipf2a,black
wipf3,blue
wipi2,cyan
wls,blue
wnt2,magenta
wnt5b,salmon
wrap73,red
wu:fj29h11,turquoise
wwc3,black
wwox,red
wwp1,blue
xab2,brown
xaf1,lightgreen
xbp1,blue
xgb,brown
xiap,brown
xk,tan
xpc,turquoise
xpnpep1,pink
xpo4,brown
xpo6,green
xpo7,turquoise
xrcc3,brown
xrcc5,yellow
xrcc6,lightgreen
xylt1,turquoise
ybey,cyan
ybx1,turquoise
yeats2,turquoise
yeats4,blue
yipf3,blue
yipf6,brown
yju2,blue
ykt6,turquoise
ylpm1,turquoise
yme1l1b,blue
ypel2a,green
ypel3,turquoise
ypel5,blue
yrdc,red
yrk,blue
ythdc1,greenyellow
ythdf2,salmon
ythdf3,greenyellow
ywhabb,blue
ywhabl,blue
ywhae1,blue
ywhaqa,blue
ywhaz,brown
yy1b,turquoise
zbtb12.1,red
zbtb17,brown
zbtb20,brown
zbtb24,lightcyan
zbtb25,brown
zbtb2b,grey60
zbtb3,tan
zbtb4,green
zbtb41,greenyellow
zbtb7a,brown
zbtb8os,brown
zc2hc1a,tan
zc3h12a,red
zc3h12b,salmon
zc3h15,turquoise
zc3h18,green
zc3h4,brown
zc3h6,turquoise
zc3h7a,yellow
zc3h7bb,grey60
zc4h2,red
zcchc8,brown
zcrb1,black
zdhhc13,brown
zdhhc14,brown
zdhhc15b,midnightblue
zdhhc16b,yellow
zdhhc17,lightgreen
zdhhc2,darkturquoise
zdhhc22,tan
zdhhc3a,greenyellow
zdhhc4,brown
zdhhc6,yellow
zdhhc8b,purple
zeb1b,turquoise
zeb2a,turquoise
zeb2b,turquoise
zer1,turquoise
zfand4,turquoise
zfand5a,green
zfhx3,turquoise
zfhx4,brown
zfp36l1a,green
zfpl1,turquoise
zfpm2a,darkturquoise
zfyve1,grey60
zfyve19,cyan
zfyve21,brown
zfyve9a,brown
zgc:101583,lightyellow
zgc:101679,darkred
zgc:101744,green
zgc:101765,yellow
zgc:101858,grey60
zgc:103586,black
zgc:103759,yellow
zgc:109889,pink
zgc:109965,blue
zgc:109982,blue
zgc:110045,turquoise
zgc:110239,turquoise
zgc:110591,blue
zgc:112001,pink
zgc:112083,pink
zgc:112163,black
zgc:112334,black
zgc:112356,black
zgc:113425,brown
zgc:114045,turquoise
zgc:123238,greenyellow
zgc:136439,red
zgc:136864,green
zgc:136870,brown
zgc:136971,green
zgc:152830,turquoise
zgc:152951,green
zgc:153018,brown
zgc:153215,brown
zgc:153372,yellow
zgc:153675,green
zgc:153733,brown
zgc:153738,red
zgc:153896,purple
zgc:154006,tan
zgc:154046,turquoise
zgc:154055,blue
zgc:154058,black
zgc:158328,brown
zgc:158403,yellow
zgc:158564,blue
zgc:158640,yellow
zgc:158803,turquoise
zgc:162144,royalblue
zgc:162200,blue
zgc:162297,magenta
zgc:162331,turquoise
zgc:162344,brown
zgc:162613,brown
zgc:162707,red
zgc:162730,lightgreen
zgc:162780,brown
zgc:162872,red
zgc:162879,pink
zgc:162944,red
zgc:162989,brown
zgc:163080,red
zgc:163098,greenyellow
zgc:165481,yellow
zgc:165604,blue
zgc:171489,yellow
zgc:171704,green
zgc:171857,pink
zgc:172121,red
zgc:172122,blue
zgc:172139,yellow
zgc:172182,turquoise
zgc:172270,tan
zgc:172302,yellow
zgc:172341,black
zgc:173742,black
zgc:174895,blue
zgc:175088,turquoise
zgc:175214,red
zgc:193690,yellow
zgc:194224,magenta
zgc:194275,black
zgc:194887,red
zgc:194990,turquoise
zgc:195001,blue
zgc:195245,turquoise
zgc:55558,black
zgc:55888,lightgreen
zgc:56231,yellow
zgc:56622,lightyellow
zgc:63587,blue
zgc:64051,turquoise
zgc:64106,brown
zgc:65851,pink
zgc:66024,lightgreen
zgc:66427,turquoise
zgc:66440,turquoise
zgc:66447,turquoise
zgc:73226,green
zgc:77056,turquoise
zgc:77375,turquoise
zgc:77486,turquoise
zgc:85777,red
zgc:85843,pink
zgc:86609,greenyellow
zgc:86709,pink
zgc:86839,turquoise
zgc:91860,blue
zgc:91910,blue
zgc:91976,turquoise
zgc:92040,greenyellow
zgc:92107,purple
zgc:92162,pink
zgc:92335,red
zgc:92606,turquoise
zhx3,turquoise
zic2a,lightyellow
zic3,yellow
zic5,purple
zmat2,green
zmiz1b,turquoise
zmiz2,turquoise
zmp:0000000521,turquoise
zmp:0000000524,turquoise
zmp:0000000662,salmon
zmp:0000000735,brown
zmp:0000001048,salmon
zmp:0000001114,yellow
zmym2,turquoise
zmynd12,black
zmynd8,magenta
znf106a,brown
znf131,turquoise
znf142,greenyellow
znf16l,blue
znf207b,salmon
znf219,turquoise
znf281a,purple
znf292a,salmon
znf292b,turquoise
znf319b,midnightblue
znf362b,brown
znf366,brown
znf384l,blue
znf385a,brown
znf395b,turquoise
znf410,turquoise
znf438,purple
znf511,black
znf526,turquoise
znf536,turquoise
znf593,yellow
znf598,turquoise
znf609b,pink
znf622,blue
znf648,purple
znf653,turquoise
znf687a,purple
znf710a,greenyellow
znf711,purple
znf750,darkred
znf827,turquoise
znf839,darkturquoise
znhit1,purple
znhit3,darkgreen
znrf3,magenta
zp3c,blue
zp3f.2,green
zranb2,turquoise
zranb3,turquoise
zrsr2,yellow
zswim6,brown
zswim7,yellow
zte38,lightyellow
zwilch,magenta
zzz3,brown
