gene_id,module,species,module_size,module_trait_correlation,module_trait_direction,module_trait_expression_pattern,module_trait_pvalue,module_trait_FDR,MM,MM_pvalue,GS,GS_pvalue,aligned_GS,absolute_GS,passes_MM,passes_aligned_GS,passes_GS_pvalue,passes_all_support_criteria,exploratory_joint_score,MM_rank
acer2,magenta,On,202,0.9213597761125775,Positive,On higher,2.0734088254582805e-5,0.0024880905905499367,0.9950553833968298,2.3085073900057312e-11,0.9199326825929139,2.2629377114413173e-5,0.9199326825929139,0.9199326825929139,TRUE,TRUE,TRUE,TRUE,0.915383968176766,1
srp54,magenta,On,202,0.9213597761125775,Positive,On higher,2.0734088254582805e-5,0.0024880905905499367,0.9886699253940378,1.4427652918538752e-9,0.910454295957591,3.8952137827928096e-5,0.910454295957591,0.910454295957591,TRUE,TRUE,TRUE,TRUE,0.9001387808590726,2
gars1,magenta,On,202,0.9213597761125775,Positive,On higher,2.0734088254582805e-5,0.0024880905905499367,0.9813597097312388,1.717803656561957e-8,0.9203758475074902,2.2026785214759237e-5,0.9203758475074902,0.9203758475074902,TRUE,TRUE,TRUE,TRUE,0.9032197745535935,3
sh3glb1a,magenta,On,202,0.9213597761125775,Positive,On higher,2.0734088254582805e-5,0.0024880905905499367,0.980886001047116,1.9459093035901825e-8,0.9138697029865315,3.2258530408387976e-5,0.9138697029865315,0.9138697029865315,TRUE,TRUE,TRUE,TRUE,0.8964019984405744,4
gstcd,magenta,On,202,0.9213597761125775,Positive,On higher,2.0734088254582805e-5,0.0024880905905499367,0.9752960329889905,6.952133883681408e-8,0.8632074280294457,2.984624644041358e-4,0.8632074280294457,0.8632074280294457,TRUE,TRUE,TRUE,TRUE,0.841882780203748,5
slc38a3a,magenta,On,202,0.9213597761125775,Positive,On higher,2.0734088254582805e-5,0.0024880905905499367,0.9738893629562746,9.14837277095355e-8,0.9009736670036325,6.337884840568523e-5,0.9009736670036325,0.9009736670036325,TRUE,TRUE,TRUE,TRUE,0.8774486705985463,6
tpra,magenta,On,202,0.9213597761125775,Positive,On higher,2.0734088254582805e-5,0.0024880905905499367,0.9723036021713288,1.2252177391945695e-7,0.8907045108351563,1.019679314009586e-4,0.8907045108351563,0.8907045108351563,TRUE,TRUE,TRUE,TRUE,0.8660352043552739,7
snu13a,magenta,On,202,0.9213597761125775,Positive,On higher,2.0734088254582805e-5,0.0024880905905499367,0.9694089809312202,2.0042314451976886e-7,0.9083581992426049,4.3571691759474274e-5,0.9083581992426049,0.9083581992426049,TRUE,TRUE,TRUE,TRUE,0.8805705962482918,8
gulp1a,magenta,On,202,0.9213597761125775,Positive,On higher,2.0734088254582805e-5,0.0024880905905499367,0.9686573410855369,2.2599914237854109e-7,0.8919748599094139,9.639080017171482e-5,0.8919748599094139,0.8919748599094139,TRUE,TRUE,TRUE,TRUE,0.8640179961149972,9
cdh2,magenta,On,202,0.9213597761125775,Positive,On higher,2.0734088254582805e-5,0.0024880905905499367,0.9648712787335809,3.971584332314231e-7,0.8698865802159647,2.3511434368374615e-4,0.8698865802159647,0.8698865802159647,TRUE,TRUE,TRUE,TRUE,0.8393285770061595,10
mtmr3,magenta,On,202,0.9213597761125775,Positive,On higher,2.0734088254582805e-5,0.0024880905905499367,0.9609594039022782,6.689016643006034e-7,0.8411192703963923,6.067352016950485e-4,0.8411192703963923,0.8411192703963923,TRUE,TRUE,TRUE,TRUE,0.8082814726908363,11
sptb,magenta,On,202,0.9213597761125775,Positive,On higher,2.0734088254582805e-5,0.0024880905905499367,0.9553397421416444,1.2979345748701791e-6,0.8409463101760445,6.098578517275422e-4,0.8409463101760445,0.8409463101760445,TRUE,TRUE,TRUE,TRUE,0.8033894311185497,12
rps19,magenta,On,202,0.9213597761125775,Positive,On higher,2.0734088254582805e-5,0.0024880905905499367,0.9515640082404551,1.935109158217235e-6,0.872142959941728,2.1627628644656027e-4,0.872142959941728,0.872142959941728,TRUE,TRUE,TRUE,TRUE,0.8298998507208453,13
hsd17b12b,magenta,On,202,0.9213597761125775,Positive,On higher,2.0734088254582805e-5,0.0024880905905499367,0.9497357112881947,2.321739742573542e-6,0.8200642532040154,0.0010888026361537864,0.8200642532040154,0.8200642532040154,TRUE,TRUE,TRUE,TRUE,0.7788443068187377,14
wdr34,magenta,On,202,0.9213597761125775,Positive,On higher,2.0734088254582805e-5,0.0024880905905499367,0.9480103222112284,2.74048758805105e-6,0.868043328327205,2.514326434215343e-4,0.868043328327205,0.868043328327205,TRUE,TRUE,TRUE,TRUE,0.8229140353807807,15
ccn4a,magenta,On,202,0.9213597761125775,Positive,On higher,2.0734088254582805e-5,0.0024880905905499367,0.9472659167313918,2.938660788301306e-6,0.9015375236302602,6.165504634326628e-5,0.9015375236302602,0.9015375236302602,TRUE,TRUE,TRUE,TRUE,0.8539957687893672,16
cdk17,magenta,On,202,0.9213597761125775,Positive,On higher,2.0734088254582805e-5,0.0024880905905499367,0.9465824934078952,3.130441974013298e-6,0.8890437335084566,1.0963700515834602e-4,0.8890437335084566,0.8890437335084566,TRUE,TRUE,TRUE,TRUE,0.8415532340130991,17
pdcd10b,magenta,On,202,0.9213597761125775,Positive,On higher,2.0734088254582805e-5,0.0024880905905499367,0.9458363582271037,3.3510086206952515e-6,0.8309114771449703,8.134623296064107e-4,0.8309114771449703,0.8309114771449703,TRUE,TRUE,TRUE,TRUE,0.785906285551902,18
usp53b,magenta,On,202,0.9213597761125775,Positive,On higher,2.0734088254582805e-5,0.0024880905905499367,0.9441627791513728,3.890612741045926e-6,0.8864331663263538,1.2259763452451058e-4,0.8864331663263538,0.8864331663263538,TRUE,TRUE,TRUE,TRUE,0.8369372018506414,19
si:dkey-197i20.6,magenta,On,202,0.9213597761125775,Positive,On higher,2.0734088254582805e-5,0.0024880905905499367,0.9432456931053105,4.214197070217766e-6,0.8205436519108243,0.0010752965864792364,0.8205436519108243,0.8205436519108243,TRUE,TRUE,TRUE,TRUE,0.7739742656697881,20
c2cd3,magenta,On,202,0.9213597761125775,Positive,On higher,2.0734088254582805e-5,0.0024880905905499367,0.9431706756249753,4.2415802415639376e-6,0.8306516216822906,8.193530687296756e-4,0.8306516216822906,0.8306516216822906,TRUE,TRUE,TRUE,TRUE,0.7834462512310674,21
triob,magenta,On,202,0.9213597761125775,Positive,On higher,2.0734088254582805e-5,0.0024880905905499367,0.9431234302034791,4.258898134560979e-6,0.8468940198544211,5.093841673720158e-4,0.8468940198544211,0.8468940198544211,TRUE,TRUE,TRUE,TRUE,0.798725593023915,22
ier3ip1,magenta,On,202,0.9213597761125775,Positive,On higher,2.0734088254582805e-5,0.0024880905905499367,0.9422515773683672,4.588659058205791e-6,0.8652755341947193,2.775795398677898e-4,0.8652755341947193,0.8652755341947193,TRUE,TRUE,TRUE,TRUE,0.8153072369532307,23
pi4kab,magenta,On,202,0.9213597761125775,Positive,On higher,2.0734088254582805e-5,0.0024880905905499367,0.9407329871510353,5.211061276423397e-6,0.8775604268877415,1.7583726815852664e-4,0.8775604268877415,0.8775604268877415,TRUE,TRUE,TRUE,TRUE,0.8255500417916427,24
arfip1,magenta,On,202,0.9213597761125775,Positive,On higher,2.0734088254582805e-5,0.0024880905905499367,0.9404655231538389,5.327281302019612e-6,0.8403477298344635,6.207609071425115e-4,0.8403477298344635,0.8403477298344635,TRUE,TRUE,TRUE,TRUE,0.7903180673699096,25
HDAC2,magenta,On,202,0.9213597761125775,Positive,On higher,2.0734088254582805e-5,0.0024880905905499367,0.9386521075235389,6.170462684458796e-6,0.8503994175093302,4.565015727350151e-4,0.8503994175093302,0.8503994175093302,TRUE,TRUE,TRUE,TRUE,0.7982292054819227,26
cenpv,magenta,On,202,0.9213597761125775,Positive,On higher,2.0734088254582805e-5,0.0024880905905499367,0.9385828008668697,6.204662506604071e-6,0.845306936839646,5.348342247881467e-4,0.845306936839646,0.845306936839646,TRUE,TRUE,TRUE,TRUE,0.7933905523711491,27
phospho2,magenta,On,202,0.9213597761125775,Positive,On higher,2.0734088254582805e-5,0.0024880905905499367,0.9385075277574279,6.2419762380345624e-6,0.8566796403311862,3.725009963823214e-4,0.8566796403311862,0.8566796403311862,TRUE,TRUE,TRUE,TRUE,0.804000291327344,28
col1a1b,magenta,On,202,0.9213597761125775,Positive,On higher,2.0734088254582805e-5,0.0024880905905499367,0.9378223243677767,6.589870260612229e-6,0.8244941439013935,9.68850657249052e-4,0.8244941439013935,0.8244941439013935,TRUE,TRUE,TRUE,TRUE,0.773229014461225,29
p2ry10,magenta,On,202,0.9213597761125775,Positive,On higher,2.0734088254582805e-5,0.0024880905905499367,0.9375080553649878,6.754475894740993e-6,0.806061045045968,0.0015444817759882683,0.806061045045968,0.806061045045968,TRUE,TRUE,TRUE,TRUE,0.7556887228465153,30
ube2r2,magenta,On,202,0.9213597761125775,Positive,On higher,2.0734088254582805e-5,0.0024880905905499367,0.9364574556235606,7.328504727579976e-6,0.8685127534015051,2.471955515201874e-4,0.8685127534015051,0.8685127534015051,TRUE,TRUE,TRUE,TRUE,0.8133252432269864,31
p2ry13,magenta,On,202,0.9213597761125775,Positive,On higher,2.0734088254582805e-5,0.0024880905905499367,0.9361352749360526,7.5120525902598e-6,0.8648082671356553,2.8219503237632504e-4,0.8648082671356553,0.8648082671356553,TRUE,TRUE,TRUE,TRUE,0.809577524922008,32
waca,magenta,On,202,0.9213597761125775,Positive,On higher,2.0734088254582805e-5,0.0024880905905499367,0.9347448077494265,8.346358002160637e-6,0.8640089416523834,2.902288743224615e-4,0.8640089416523834,0.8640089416523834,TRUE,TRUE,TRUE,TRUE,0.8076278720586425,33
fkbp9,magenta,On,202,0.9213597761125775,Positive,On higher,2.0734088254582805e-5,0.0024880905905499367,0.9320768423309252,1.015148920458861e-5,0.7997121026154664,0.0017937705254290014,0.7997121026154664,0.7997121026154664,TRUE,TRUE,TRUE,TRUE,0.7453931313796488,34
agap3,magenta,On,202,0.9213597761125775,Positive,On higher,2.0734088254582805e-5,0.0024880905905499367,0.9301697339676599,1.1620944626040404e-5,0.8006866083380527,0.0017536322577180398,0.8006866083380527,0.8006866083380527,TRUE,TRUE,TRUE,TRUE,0.7447744494692744,35
pgm1,magenta,On,202,0.9213597761125775,Positive,On higher,2.0734088254582805e-5,0.0024880905905499367,0.9282722565146561,1.3244861953358177e-5,0.8160958748263891,0.0012056889438667008,0.8160958748263891,0.8160958748263891,TRUE,TRUE,TRUE,TRUE,0.7575591592573945,36
srpx,magenta,On,202,0.9213597761125775,Positive,On higher,2.0734088254582805e-5,0.0024880905905499367,0.9259633745741473,1.5457024935701373e-5,0.9512025958033423,2.0071580092534137e-6,0.9512025958033423,0.9512025958033423,TRUE,TRUE,TRUE,TRUE,0.8807787655137516,37
cpsf1,magenta,On,202,0.9213597761125775,Positive,On higher,2.0734088254582805e-5,0.0024880905905499367,0.9253227940969301,1.611966456868731e-5,0.8450376985029938,5.392476946982787e-4,0.8450376985029938,0.8450376985029938,TRUE,TRUE,TRUE,TRUE,0.7819326442960294,38
anapc16,magenta,On,202,0.9213597761125775,Positive,On higher,2.0734088254582805e-5,0.0024880905905499367,0.9249327297660217,1.6534010999692268e-5,0.8048625202378941,0.0015893693887061267,0.8048625202378941,0.8048625202378941,TRUE,TRUE,TRUE,TRUE,0.7444436879299953,39
tfr1a,magenta,On,202,0.9213597761125775,Positive,On higher,2.0734088254582805e-5,0.0024880905905499367,0.924648759214229,1.684091031010439e-5,0.8102788259408871,0.0013942074744355266,0.8102788259408871,0.8102788259408871,TRUE,TRUE,TRUE,TRUE,0.7492233110238035,40
nipbla,magenta,On,202,0.9213597761125775,Positive,On higher,2.0734088254582805e-5,0.0024880905905499367,0.9231338286702808,1.8554985479653772e-5,0.8411100319812246,6.069016796771427e-4,0.8411100319812246,0.8411100319812246,TRUE,TRUE,TRUE,TRUE,0.7764571241558101,41
ptena,magenta,On,202,0.9213597761125775,Positive,On higher,2.0734088254582805e-5,0.0024880905905499367,0.9213364795545251,2.0763986993233153e-5,0.8080309902404376,0.0014728240520940953,0.8080309902404376,0.8080309902404376,TRUE,TRUE,TRUE,TRUE,0.7444684279190816,42
selenot2,magenta,On,202,0.9213597761125775,Positive,On higher,2.0734088254582805e-5,0.0024880905905499367,0.9210092193019448,2.118759704695326e-5,0.8621782783512173,3.0929990071060855e-4,0.8621782783512173,0.8621782783512173,TRUE,TRUE,TRUE,TRUE,0.7940741430433494,43
psmb2,magenta,On,202,0.9213597761125775,Positive,On higher,2.0734088254582805e-5,0.0024880905905499367,0.920614535181469,2.17075147062081e-5,0.8285800201883856,8.675021382145052e-4,0.8285800201883856,0.8285800201883856,TRUE,TRUE,TRUE,TRUE,0.7628028101463827,44
flt4,magenta,On,202,0.9213597761125775,Positive,On higher,2.0734088254582805e-5,0.0024880905905499367,0.9201836067296312,2.2286609845480162e-5,0.8893072290631893,1.0839103530586975e-4,0.8893072290631893,0.8893072290631893,TRUE,TRUE,TRUE,TRUE,0.8183259335300997,45
unk,magenta,On,202,0.9213597761125775,Positive,On higher,2.0734088254582805e-5,0.0024880905905499367,0.9198971879863953,2.2678197034006375e-5,0.8231706575856592,0.0010035621350456497,0.8231706575856592,0.8231706575856592,TRUE,TRUE,TRUE,TRUE,0.7572323731459598,46
krt98,magenta,On,202,0.9213597761125775,Positive,On higher,2.0734088254582805e-5,0.0024880905905499367,0.9198012917567493,2.281050971812945e-5,0.9933250256864441,1.0319553264388763e-10,0.9933250256864441,0.9933250256864441,TRUE,TRUE,TRUE,TRUE,0.9136616417606974,47
hs3st1l2,magenta,On,202,0.9213597761125775,Positive,On higher,2.0734088254582805e-5,0.0024880905905499367,0.918769026368311,2.4273680926311907e-5,0.9853198546800508,5.2389793174093674e-9,0.9853198546800508,0.9853198546800508,TRUE,TRUE,TRUE,TRUE,0.905281363545756,48
reep5,magenta,On,202,0.9213597761125775,Positive,On higher,2.0734088254582805e-5,0.0024880905905499367,0.9185508758403753,2.4592150538480686e-5,0.7807588857676824,0.002724007214816964,0.7807588857676824,0.7807588857676824,TRUE,TRUE,TRUE,TRUE,0.7171667583420602,49
eif2a,magenta,On,202,0.9213597761125775,Positive,On higher,2.0734088254582805e-5,0.0024880905905499367,0.9156036539725095,2.9226720775087064e-5,0.9081330047225998,4.4092531587557885e-5,0.9081330047225998,0.9081330047225998,TRUE,TRUE,TRUE,TRUE,0.8314898974170467,50
WDR25,magenta,On,202,0.9213597761125775,Positive,On higher,2.0734088254582805e-5,0.0024880905905499367,0.9146945538173991,3.0786885468124495e-5,0.7611111995380407,0.004036596731893925,0.7611111995380407,0.7611111995380407,TRUE,TRUE,TRUE,TRUE,0.6961842690668736,51
crcp,magenta,On,202,0.9213597761125775,Positive,On higher,2.0734088254582805e-5,0.0024880905905499367,0.9146881651144997,3.079807676642046e-5,0.9955334695179091,1.3895249128772764e-11,0.9955334695179091,0.9955334695179091,TRUE,TRUE,TRUE,TRUE,0.910602682543408,52
abcb6a,magenta,On,202,0.9213597761125775,Positive,On higher,2.0734088254582805e-5,0.0024880905905499367,0.9146779841004862,3.0815917799552614e-5,0.8390864748610662,6.442284069528956e-4,0.8390864748610662,0.8390864748610662,TRUE,TRUE,TRUE,TRUE,0.7674939253119033,53
dnali1,magenta,On,202,0.9213597761125775,Positive,On higher,2.0734088254582805e-5,0.0024880905905499367,0.9141247916309219,3.179762899661813e-5,0.9664388851121947,3.1694482684014235e-7,0.9664388851121947,0.9664388851121947,TRUE,TRUE,TRUE,TRUE,0.8834457444772054,54
setd4,magenta,On,202,0.9213597761125775,Positive,On higher,2.0734088254582805e-5,0.0024880905905499367,0.9135153045426929,3.290758064634001e-5,0.9796484804349168,2.6573361088949082e-8,0.9796484804349168,0.9796484804349168,TRUE,TRUE,TRUE,TRUE,0.8949238799492893,55
aadacl4,magenta,On,202,0.9213597761125775,Positive,On higher,2.0734088254582805e-5,0.0024880905905499367,0.9131730543971595,3.3544098463089864e-5,0.9748128832924399,7.652861257444974e-8,0.9748128832924399,0.9748128832924399,TRUE,TRUE,TRUE,TRUE,0.8901728581018591,56
saal1,magenta,On,202,0.9213597761125775,Positive,On higher,2.0734088254582805e-5,0.0024880905905499367,0.9130586112334046,3.375908853521197e-5,0.9073833416507627,4.586176080178319e-5,0.9073833416507627,0.9073833416507627,TRUE,TRUE,TRUE,TRUE,0.8284941737839713,57
gclc,magenta,On,202,0.9213597761125775,Positive,On higher,2.0734088254582805e-5,0.0024880905905499367,0.9117266262099629,3.6342033326971694e-05,0.8030591540866153,0.001658788259080566,0.8030591540866153,0.8030591540866153,TRUE,TRUE,TRUE,TRUE,0.7321704132024165,58
rhobtb4,magenta,On,202,0.9213597761125775,Positive,On higher,2.0734088254582805e-5,0.0024880905905499367,0.9103781116102808,3.9112978653742214e-5,0.8134444290352671,0.0012890084284646428,0.8134444290352671,0.8134444290352671,TRUE,TRUE,TRUE,TRUE,0.7405420032050296,59
plch2a,magenta,On,202,0.9213597761125775,Positive,On higher,2.0734088254582805e-5,0.0024880905905499367,0.9101779217347761,3.9538112237774366e-5,0.9685157146150403,2.3109633499686533e-7,0.9685157146150403,0.9685157146150403,TRUE,TRUE,TRUE,TRUE,0.8815216202957888,60
grhprb,magenta,On,202,0.9213597761125775,Positive,On higher,2.0734088254582805e-5,0.0024880905905499367,0.9100949812437897,3.9715310383715456e-5,0.9640591384428732,4.446298363082036e-7,0.9640591384428732,0.9640591384428732,TRUE,TRUE,TRUE,TRUE,0.8773853835190707,61
mlh1,magenta,On,202,0.9213597761125775,Positive,On higher,2.0734088254582805e-5,0.0024880905905499367,0.9100226354906664,3.987038304985847e-5,0.8027030395706574,0.0016727671336485414,0.8027030395706574,0.8027030395706574,TRUE,TRUE,TRUE,TRUE,0.7304779355864583,62
mrpl36,magenta,On,202,0.9213597761125775,Positive,On higher,2.0734088254582805e-5,0.0024880905905499367,0.9094764076431486,4.1056657241636306e-5,0.9874472611631866,2.4034509799127815e-9,0.9874472611631866,0.9874472611631866,TRUE,TRUE,TRUE,TRUE,0.8980599878197609,63
glod4,magenta,On,202,0.9213597761125775,Positive,On higher,2.0734088254582805e-5,0.0024880905905499367,0.9094356431528272,4.11462885018676e-5,0.9506156386909987,2.128689115864271e-6,0.9506156386909987,0.9506156386909987,TRUE,TRUE,TRUE,TRUE,0.8645237447640841,64
egf,magenta,On,202,0.9213597761125775,Positive,On higher,2.0734088254582805e-5,0.0024880905905499367,0.9076219539503863,4.5292681914561974e-5,0.7988255622450067,0.0018308937421080008,0.7988255622450067,0.7988255622450067,TRUE,TRUE,TRUE,TRUE,0.7250316176703289,65
MEP1B,magenta,On,202,0.9213597761125775,Positive,On higher,2.0734088254582805e-5,0.0024880905905499367,0.907311442800083,4.603433363749677e-5,0.9881119739843612,1.833052571285173e-9,0.9881119739843612,0.9881119739843612,TRUE,TRUE,TRUE,TRUE,0.8965253007637889,66
nipblb,magenta,On,202,0.9213597761125775,Positive,On higher,2.0734088254582805e-5,0.0024880905905499367,0.9071823180979645,4.634554255811869e-5,0.7950584328404158,0.0019952480016132185,0.7950584328404158,0.7950584328404158,TRUE,TRUE,TRUE,TRUE,0.7212629521275031,67
pms2,magenta,On,202,0.9213597761125775,Positive,On higher,2.0734088254582805e-5,0.0024880905905499367,0.9056544341550552,5.0155117875732995e-5,0.9876106948054971,2.2516268593062975e-9,0.9876106948054971,0.9876106948054971,TRUE,TRUE,TRUE,TRUE,0.8944340049695534,68
wnt2,magenta,On,202,0.9213597761125775,Positive,On higher,2.0734088254582805e-5,0.0024880905905499367,0.905372967162972,5.088298716323444e-5,0.9871132810760913,2.7391238133055723e-9,0.9871132810760913,0.9871132810760913,TRUE,TRUE,TRUE,TRUE,0.8937056802138376,69
gnai2a,magenta,On,202,0.9213597761125775,Positive,On higher,2.0734088254582805e-5,0.0024880905905499367,0.9048706253474652,5.220264702525781e-5,0.8100746260383396,0.0014012129568001428,0.8100746260383396,0.8100746260383396,TRUE,TRUE,TRUE,TRUE,0.7330127334414264,70
prpf4,magenta,On,202,0.9213597761125775,Positive,On higher,2.0734088254582805e-5,0.0024880905905499367,0.9046423825268225,5.2811059301452386e-5,0.8904821193913387,1.0296974593292201e-4,0.8904821193913387,0.8904821193913387,TRUE,TRUE,TRUE,TRUE,0.805567866083715,71
gnb1l,magenta,On,202,0.9213597761125775,Positive,On higher,2.0734088254582805e-5,0.0024880905905499367,0.9043434322723932,5.361636597260279e-5,0.9714802253086894,1.4165270168093792e-7,0.9714802253086894,0.9714802253086894,TRUE,TRUE,TRUE,TRUE,0.878551761340418,72
FYN,magenta,On,202,0.9213597761125775,Positive,On higher,2.0734088254582805e-5,0.0024880905905499367,0.9039764703090414,5.46180395298374e-5,0.849077942081246,4.759105770840791e-4,0.849077942081246,0.849077942081246,TRUE,TRUE,TRUE,TRUE,0.7675464810998694,73
dpm3,magenta,On,202,0.9213597761125775,Positive,On higher,2.0734088254582805e-5,0.0024880905905499367,0.9038326019141848,5.501473626809872e-5,0.9829729033200462,1.0954405829813095e-8,0.9829729033200462,0.9829729033200462,TRUE,TRUE,TRUE,TRUE,0.8884429568188977,74
pbk,magenta,On,202,0.9213597761125775,Positive,On higher,2.0734088254582805e-5,0.0024880905905499367,0.9026314701166298,5.841579103205902e-5,0.9616064010331747,6.159557386230611e-7,0.9616064010331747,0.9616064010331747,TRUE,TRUE,TRUE,TRUE,0.867976199438136,75
tbp,magenta,On,202,0.9213597761125775,Positive,On higher,2.0734088254582805e-5,0.0024880905905499367,0.900526152485996,6.477372273082702e-5,0.9011536634687441,6.282450983760567e-5,0.9011536634687441,0.9011536634687441,TRUE,TRUE,TRUE,TRUE,0.8115124413621682,76
kremen1,magenta,On,202,0.9213597761125775,Positive,On higher,2.0734088254582805e-5,0.0024880905905499367,0.9005233444392414,6.47825506677248e-5,0.9680474729354317,2.4860327748843225e-7,0.9680474729354317,0.9680474729354317,TRUE,TRUE,TRUE,TRUE,0.871749347903771,77
ndufaf6,magenta,On,202,0.9213597761125775,Positive,On higher,2.0734088254582805e-5,0.0024880905905499367,0.9004185167986306,6.51127842995242e-5,0.982963869549204,1.0983329676738671e-8,0.982963869549204,0.982963869549204,TRUE,TRUE,TRUE,TRUE,0.8850788694861369,78
flna,magenta,On,202,0.9213597761125775,Positive,On higher,2.0734088254582805e-5,0.0024880905905499367,0.8999515381596864,6.65999796963223e-5,0.860437119707776,3.283303327577626e-4,0.860437119707776,0.860437119707776,TRUE,TRUE,TRUE,TRUE,0.7743517093707033,79
herc2,magenta,On,202,0.9213597761125775,Positive,On higher,2.0734088254582805e-5,0.0024880905905499367,0.8996196664888061,6.767300921481253e-5,0.8200928374697627,0.0010879936893466238,0.8200928374697627,0.8200928374697627,TRUE,TRUE,TRUE,TRUE,0.7377716449344066,80
kmt2e,magenta,On,202,0.9213597761125775,Positive,On higher,2.0734088254582805e-5,0.0024880905905499367,0.8993632856499082,6.851121053757408e-5,0.7562692097054312,0.004423176144894565,0.7562692097054312,0.7562692097054312,TRUE,TRUE,TRUE,TRUE,0.680160761276536,81
qtrt1,magenta,On,202,0.9213597761125775,Positive,On higher,2.0734088254582805e-5,0.0024880905905499367,0.8992653841310184,6.883342731362965e-5,0.9819764099645754,1.4533365265637813e-8,0.9819764099645754,0.9819764099645754,TRUE,TRUE,TRUE,TRUE,0.8830573935143923,82
rdh12,magenta,On,202,0.9213597761125775,Positive,On higher,2.0734088254582805e-5,0.0024880905905499367,0.8992384011690393,6.89224433137074e-5,0.980702285873967,2.0406108482091812e-8,0.980702285873967,0.980702285873967,TRUE,TRUE,TRUE,TRUE,0.8818851555721282,83
kifbp,magenta,On,202,0.9213597761125775,Positive,On higher,2.0734088254582805e-5,0.0024880905905499367,0.8985996553467839,7.105617369256835e-5,0.8120827168962935,0.001333483881433361,0.8120827168962935,0.8120827168962935,TRUE,TRUE,TRUE,TRUE,0.7297372495160892,84
nadka,magenta,On,202,0.9213597761125775,Positive,On higher,2.0734088254582805e-5,0.0024880905905499367,0.8984467626123959,7.157451807866192e-5,0.8647178812647186,2.830946894777721e-4,0.8647178812647186,0.8647178812647186,TRUE,TRUE,TRUE,TRUE,0.7769029809953365,85
apeh,magenta,On,202,0.9213597761125775,Positive,On higher,2.0734088254582805e-5,0.0024880905905499367,0.8982411845866066,7.22761513735424e-5,0.7403101526356515,0.00589793468864982,0.7403101526356515,0.7403101526356515,TRUE,TRUE,TRUE,TRUE,0.6649770684649391,86
atrnl1a,magenta,On,202,0.9213597761125775,Positive,On higher,2.0734088254582805e-5,0.0024880905905499367,0.8979806375890759,7.317313586797331e-5,0.8060790785345018,0.0015438138964405548,0.8060790785345018,0.8060790785345018,TRUE,TRUE,TRUE,TRUE,0.7238434048896266,87
tbc1d16,magenta,On,202,0.9213597761125775,Positive,On higher,2.0734088254582805e-5,0.0024880905905499367,0.8975980358742038,7.450612603389047e-5,0.9804884130267247,2.1554495438377503e-8,0.9804884130267247,0.9804884130267247,TRUE,TRUE,TRUE,TRUE,0.8800844737302033,88
tsc1b,magenta,On,202,0.9213597761125775,Positive,On higher,2.0734088254582805e-5,0.0024880905905499367,0.8966022897318947,7.80647857717775e-5,0.8103962976817951,0.001390189588372461,0.8103962976817951,0.8103962976817951,TRUE,TRUE,TRUE,TRUE,0.7266031760917476,89
gnpat,magenta,On,202,0.9213597761125775,Positive,On higher,2.0734088254582805e-5,0.0024880905905499367,0.8959409794552297,8.050094545812868e-5,0.9517190133249374,1.9048442264940558e-6,0.9517190133249374,0.9517190133249374,TRUE,TRUE,TRUE,TRUE,0.8526840649645091,90
cutc,magenta,On,202,0.9213597761125775,Positive,On higher,2.0734088254582805e-5,0.0024880905905499367,0.8958889340447949,8.069517343535844e-5,0.9532580121764521,1.6242359511596832e-6,0.9532580121764521,0.9532580121764521,TRUE,TRUE,TRUE,TRUE,0.8540133043984217,91
aptx,magenta,On,202,0.9213597761125775,Positive,On higher,2.0734088254582805e-5,0.0024880905905499367,0.8956866769027617,8.145346848053649e-5,0.9680791481760118,2.473867090314656e-7,0.9680791481760118,0.9680791481760118,TRUE,TRUE,TRUE,TRUE,0.8670955952086282,92
si:ch73-233k15.2,magenta,On,202,0.9213597761125775,Positive,On higher,2.0734088254582805e-5,0.0024880905905499367,0.8955761052410273,8.187037604669861e-5,0.9377743641802461,6.614783125784396e-6,0.9377743641802461,0.9377743641802461,TRUE,TRUE,TRUE,TRUE,0.8398483126674254,93
fkbp10a,magenta,On,202,0.9213597761125775,Positive,On higher,2.0734088254582805e-5,0.0024880905905499367,0.8946892826837166,8.527500307068439e-5,0.9780363347516119,3.879805713672721e-8,0.9780363347516119,0.9780363347516119,TRUE,TRUE,TRUE,TRUE,0.875038626777531,94
KLHL12,magenta,On,202,0.9213597761125775,Positive,On higher,2.0734088254582805e-5,0.0024880905905499367,0.8939073994459387,8.836795639876616e-5,0.9605250386502389,7.064305550555951e-7,0.9605250386502389,0.9605250386502389,TRUE,TRUE,TRUE,TRUE,0.8586204394025447,95
ccdc84,magenta,On,202,0.9213597761125775,Positive,On higher,2.0734088254582805e-5,0.0024880905905499367,0.893742743010437,8.903036673295894e-5,0.9599284668106869,7.606804636316517e-7,0.9599284668106869,0.9599284668106869,TRUE,TRUE,TRUE,TRUE,0.8579291010211866,96
snx14,magenta,On,202,0.9213597761125775,Positive,On higher,2.0734088254582805e-5,0.0024880905905499367,0.8933037051279094,9.081565291390498e-5,0.9191033141123229,2.3791982854241085e-5,0.9191033141123229,0.9191033141123229,TRUE,TRUE,TRUE,TRUE,0.8210383958918788,97
notch2,magenta,On,202,0.9213597761125775,Positive,On higher,2.0734088254582805e-5,0.0024880905905499367,0.8927977473918758,9.290773794913943e-5,0.735319227902644,0.006427327080962227,0.735319227902644,0.735319227902644,TRUE,TRUE,TRUE,TRUE,0.6564913502854139,98
stk11,magenta,On,202,0.9213597761125775,Positive,On higher,2.0734088254582805e-5,0.0024880905905499367,0.8916843915539734,9.76444093417129e-5,0.8362538402957556,6.994369024488773e-4,0.8362538402957556,0.8362538402957556,TRUE,TRUE,TRUE,TRUE,0.7456744967687944,99
elmsan1a,magenta,On,202,0.9213597761125775,Positive,On higher,2.0734088254582805e-5,0.0024880905905499367,0.8911815095857171,9.984493557923494e-5,0.7601888667459826,0.004108180736849817,0.7601888667459826,0.7601888667459826,TRUE,TRUE,TRUE,TRUE,0.6774662618369404,100
hoga1,magenta,On,202,0.9213597761125775,Positive,On higher,2.0734088254582805e-5,0.0024880905905499367,0.8908214601413952,1.0144417891036784e-4,0.9383491691986332,6.321056056168033e-6,0.9383491691986332,0.9383491691986332,TRUE,TRUE,TRUE,TRUE,0.8359015770279915,101
dpep1,magenta,On,202,0.9213597761125775,Positive,On higher,2.0734088254582805e-5,0.0024880905905499367,0.890261070068929,1.0397314025512388e-4,0.9732833831986709,1.024992636148656e-7,0.9732833831986709,0.9732833831986709,TRUE,TRUE,TRUE,TRUE,0.8664763062067562,102
rpe,magenta,On,202,0.9213597761125775,Positive,On higher,2.0734088254582805e-5,0.0024880905905499367,0.888780068283207,1.1089497846902156e-4,0.7548214585738056,0.004544024558174914,0.7548214585738056,0.7548214585738056,TRUE,TRUE,TRUE,TRUE,0.6708702674928568,103
ptprn2,magenta,On,202,0.9213597761125775,Positive,On higher,2.0734088254582805e-5,0.0024880905905499367,0.8877658364154141,1.1583973998114942e-4,0.9033166367989709,5.6456092690813375e-5,0.9033166367989709,0.9033166367989709,TRUE,TRUE,TRUE,TRUE,0.8019336496157972,104
rgs14a,magenta,On,202,0.9213597761125775,Positive,On higher,2.0734088254582805e-5,0.0024880905905499367,0.886937838085928,1.2000313746676979e-4,0.9641117149160928,4.414263946759627e-7,0.9641117149160928,0.9641117149160928,TRUE,TRUE,TRUE,TRUE,0.8551071601009959,105
adamts17,magenta,On,202,0.9213597761125775,Positive,On higher,2.0734088254582805e-5,0.0024880905905499367,0.8868986427370817,1.2020308576016884e-4,0.9442691342887279,3.854398636097915e-6,0.9442691342887279,0.9442691342887279,TRUE,TRUE,TRUE,TRUE,0.837471013579192,106
arl6ip5a,magenta,On,202,0.9213597761125775,Positive,On higher,2.0734088254582805e-5,0.0024880905905499367,0.8862259770703566,1.2367541100321558e-4,0.769978713315739,0.0033955909485402637,0.769978713315739,0.769978713315739,TRUE,TRUE,TRUE,TRUE,0.6823751375316167,107
pbx1a,magenta,On,202,0.9213597761125775,Positive,On higher,2.0734088254582805e-5,0.0024880905905499367,0.8855911739289185,1.2702383052727318e-4,0.8206871007161249,0.001071280423724301,0.8206871007161249,0.8206871007161249,TRUE,TRUE,TRUE,TRUE,0.7267932529515136,108
vwa2,magenta,On,202,0.9213597761125775,Positive,On higher,2.0734088254582805e-5,0.0024880905905499367,0.8841194695077698,1.350598053651943e-4,0.9515643116969205,1.9350495377110436e-6,0.9515643116969205,0.9515643116969205,TRUE,TRUE,TRUE,TRUE,0.8412965344600074,109
sema3ab,magenta,On,202,0.9213597761125775,Positive,On higher,2.0734088254582805e-5,0.0024880905905499367,0.8832061928497228,1.402430392551756e-4,0.7214327809243863,0.00808867550572932,0.7214327809243863,0.7214327809243863,TRUE,TRUE,TRUE,TRUE,0.6371738998372154,110
cdk5rap3,magenta,On,202,0.9213597761125775,Positive,On higher,2.0734088254582805e-5,0.0024880905905499367,0.8819672779616583,1.4752169093939263e-4,0.7025696742246061,0.01083550842211016,0.7025696742246061,0.7025696742246061,TRUE,TRUE,TRUE,TRUE,0.619643463154285,111
zgc:162297,magenta,On,202,0.9213597761125775,Positive,On higher,2.0734088254582805e-5,0.0024880905905499367,0.880948021930598,1.537285118329533e-4,0.9285629648604559,1.2985091092838922e-5,0.9285629648604559,0.9285629648604559,TRUE,TRUE,TRUE,TRUE,0.8180157071318299,112
ppp2ca,magenta,On,202,0.9213597761125775,Positive,On higher,2.0734088254582805e-5,0.0024880905905499367,0.8808020686781965,1.5463375531239604e-4,0.743683981358717,0.005559141128864186,0.743683981358717,0.743683981358717,TRUE,TRUE,TRUE,TRUE,0.6550383892235954,113
cdc73,magenta,On,202,0.9213597761125775,Positive,On higher,2.0734088254582805e-5,0.0024880905905499367,0.8806249208207956,1.5573806965261898e-4,0.7508939935732913,0.004884450806043321,0.7508939935732913,0.7508939935732913,TRUE,TRUE,TRUE,TRUE,0.6612559636352907,114
slitrk3b,magenta,On,202,0.9213597761125775,Positive,On higher,2.0734088254582805e-5,0.0024880905905499367,0.8804664769269768,1.567310008206328e-4,0.959641482307979,7.879298403527927e-7,0.959641482307979,0.959641482307979,TRUE,TRUE,TRUE,TRUE,0.844932155040688,115
gnaia,magenta,On,202,0.9213597761125775,Positive,On higher,2.0734088254582805e-5,0.0024880905905499367,0.8782882257412178,1.7089020751999965e-4,0.7605188337436637,0.004082461795943791,0.7605188337436637,0.7605188337436637,TRUE,TRUE,TRUE,TRUE,0.6679547371315026,116
ccdc58,magenta,On,202,0.9213597761125775,Positive,On higher,2.0734088254582805e-5,0.0024880905905499367,0.8764804816526718,1.8338338919681352e-4,0.9326431565162451,9.74472904459081e-6,0.9326431565162451,0.9326431565162451,TRUE,TRUE,TRUE,TRUE,0.8174435230334266,117
rfwd3,magenta,On,202,0.9213597761125775,Positive,On higher,2.0734088254582805e-5,0.0024880905905499367,0.8747033840116476,1.9634909414218882e-4,0.7514546064648584,0.004834715727387927,0.7514546064648584,0.7514546064648584,TRUE,TRUE,TRUE,TRUE,0.6572998872059526,118
cdh24b,magenta,On,202,0.9213597761125775,Positive,On higher,2.0734088254582805e-5,0.0024880905905499367,0.8746031091208443,1.9710145994881776e-4,0.9546046801575626,1.4065680633145445e-6,0.9546046801575626,0.9546046801575626,TRUE,TRUE,TRUE,TRUE,0.8349002212471134,119
coro1b,magenta,On,202,0.9213597761125775,Positive,On higher,2.0734088254582805e-5,0.0024880905905499367,0.8743409366888745,1.9907918703286967e-4,0.778223450090486,0.002871938539690722,0.778223450090486,0.778223450090486,TRUE,TRUE,TRUE,TRUE,0.6804326203053631,120
timp2b,magenta,On,202,0.9213597761125775,Positive,On higher,2.0734088254582805e-5,0.0024880905905499367,0.8743210443110538,1.992298772990263e-4,0.705921865818764,0.010303034918817476,0.705921865818764,0.705921865818764,TRUE,TRUE,TRUE,TRUE,0.6172023429246694,121
cog2,magenta,On,202,0.9213597761125775,Positive,On higher,2.0734088254582805e-5,0.0024880905905499367,0.8737536403770653,2.035657526184835e-4,0.7757666004719737,0.003021046270951563,0.7757666004719737,0.7757666004719737,TRUE,TRUE,TRUE,TRUE,0.6778288912453273,122
cenpl,magenta,On,202,0.9213597761125775,Positive,On higher,2.0734088254582805e-5,0.0024880905905499367,0.8730461872025063,2.0907461423532882e-4,0.8523246101511333,4.293316573664617e-4,0.8523246101511333,0.8523246101511333,TRUE,TRUE,TRUE,TRUE,0.7441187511513094,123
p4ha2,magenta,On,202,0.9213597761125775,Positive,On higher,2.0734088254582805e-5,0.0024880905905499367,0.8720407672635118,2.1710312703579243e-4,0.8940035325599349,8.798300495708825e-5,0.8940035325599349,0.8940035325599349,TRUE,TRUE,TRUE,TRUE,0.7796075264698555,124
cpdp,magenta,On,202,0.9213597761125775,Positive,On higher,2.0734088254582805e-5,0.0024880905905499367,0.8698700573016954,2.3525685169661575e-4,0.8797628758358927,1.6120025201234205e-4,0.8797628758358927,0.8797628758358927,TRUE,TRUE,TRUE,TRUE,0.7652793832152723,125
def6a,magenta,On,202,0.9213597761125775,Positive,On higher,2.0734088254582805e-5,0.0024880905905499367,0.8698167032347247,2.3571748370481438e-4,0.694851405036149,0.012139015418950506,0.694851405036149,0.694851405036149,TRUE,FALSE,TRUE,FALSE,0.6043933583665595,126
pex3,magenta,On,202,0.9213597761125775,Positive,On higher,2.0734088254582805e-5,0.0024880905905499367,0.8688074119392051,2.4456450398028173e-4,0.755211852853661,0.004511194202169588,0.755211852853661,0.755211852853661,TRUE,TRUE,TRUE,TRUE,0.656133655343601,127
ttll9,magenta,On,202,0.9213597761125775,Positive,On higher,2.0734088254582805e-5,0.0024880905905499367,0.8671253722824503,2.5988171816728573e-4,0.9737171101550386,9.451400182445767e-8,0.9737171101550386,0.9737171101550386,TRUE,TRUE,TRUE,TRUE,0.8443348116409796,128
sumf1,magenta,On,202,0.9213597761125775,Positive,On higher,2.0734088254582805e-5,0.0024880905905499367,0.8660058946284872,2.7048334019891637e-4,0.7451629815411529,0.005415339139447684,0.7451629815411529,0.7451629815411529,TRUE,TRUE,TRUE,TRUE,0.645315534473577,129
otofa,magenta,On,202,0.9213597761125775,Positive,On higher,2.0734088254582805e-5,0.0024880905905499367,0.8651919950153584,2.7840036060104023e-4,0.9101026199720722,3.969896455596059e-5,0.9101026199720722,0.9101026199720722,TRUE,TRUE,TRUE,TRUE,0.7874135014423417,130
katna1,magenta,On,202,0.9213597761125775,Positive,On higher,2.0734088254582805e-5,0.0024880905905499367,0.8649210769813883,2.810753042198152e-4,0.8766159818150797,1.8242295237561867e-4,0.8766159818150797,0.8766159818150797,TRUE,TRUE,TRUE,TRUE,0.7582036390905958,131
GNA12,magenta,On,202,0.9213597761125775,Positive,On higher,2.0734088254582805e-5,0.0024880905905499367,0.8613903785514032,3.1780195564240927e-4,0.6866529832037616,0.01364722072635276,0.6866529832037616,0.6866529832037616,TRUE,FALSE,TRUE,FALSE,0.5914762731353385,132
med13a,magenta,On,202,0.9213597761125775,Positive,On higher,2.0734088254582805e-5,0.0024880905905499367,0.8610256353611322,3.217988832664239e-4,0.7693542293763966,0.0034380155001963696,0.7693542293763966,0.7693542293763966,TRUE,TRUE,TRUE,TRUE,0.6624337141665861,133
chst6,magenta,On,202,0.9213597761125775,Positive,On higher,2.0734088254582805e-5,0.0024880905905499367,0.8608296339160642,3.2396280481123704e-4,0.9029413725740065,5.75229062658702e-5,0.9029413725740065,0.9029413725740065,TRUE,TRUE,TRUE,TRUE,0.7772786912005505,134
ankrd39,magenta,On,202,0.9213597761125775,Positive,On higher,2.0734088254582805e-5,0.0024880905905499367,0.8606148770700321,3.263467766800015e-4,0.9354508030767287,7.91406814500365e-6,0.9354508030767287,0.9354508030767287,TRUE,TRUE,TRUE,TRUE,0.8050628778949417,135
cep131,magenta,On,202,0.9213597761125775,Positive,On higher,2.0734088254582805e-5,0.0024880905905499367,0.8588974662566271,3.459063801184063e-4,0.8517449576131929,4.373762870521841e-4,0.8517449576131929,0.8517449576131929,TRUE,TRUE,TRUE,TRUE,0.7315615859908297,136
atp23,magenta,On,202,0.9213597761125775,Positive,On higher,2.0734088254582805e-5,0.0024880905905499367,0.8583904632766002,3.518514311202128e-4,0.8924425491400553,9.439887810048986e-5,0.8924425491400553,0.8924425491400553,TRUE,TRUE,TRUE,TRUE,0.766064173204082,137
dnai1.2,magenta,On,202,0.9213597761125775,Positive,On higher,2.0734088254582805e-5,0.0024880905905499367,0.8550722665399744,3.927489255581475e-4,0.9302704650410025,1.1539359089668525e-5,0.9302704650410025,0.9302704650410025,TRUE,TRUE,TRUE,TRUE,0.795448475037806,138
nfil3-6,magenta,On,202,0.9213597761125775,Positive,On higher,2.0734088254582805e-5,0.0024880905905499367,0.8531053272544724,4.186787534225834e-4,0.7400152800078531,0.005928266652289384,0.7400152800078531,0.7400152800078531,TRUE,TRUE,TRUE,TRUE,0.6313109776244096,139
stag2b,magenta,On,202,0.9213597761125775,Positive,On higher,2.0734088254582805e-5,0.0024880905905499367,0.8518355850074879,4.361108685402711e-4,0.7200381489950968,0.008271688946825376,0.7200381489950968,0.7200381489950968,TRUE,TRUE,TRUE,TRUE,0.613354117876947,140
rbp4,magenta,On,202,0.9213597761125775,Positive,On higher,2.0734088254582805e-5,0.0024880905905499367,0.8510118583160624,4.477176073095205e-4,0.8617091442393535,3.143405976816226e-4,0.8617091442393535,0.8617091442393535,TRUE,TRUE,TRUE,TRUE,0.7333247001670761,141
trpv6,magenta,On,202,0.9213597761125775,Positive,On higher,2.0734088254582805e-5,0.0024880905905499367,0.8497445806945142,4.660410036579106e-4,0.8600759955973706,3.3238892445222086e-4,0.8600759955973706,0.8600759955973706,TRUE,TRUE,TRUE,TRUE,0.7308449162443045,142
zgc:194224,magenta,On,202,0.9213597761125775,Positive,On higher,2.0734088254582805e-5,0.0024880905905499367,0.8486118870319935,4.8290629701327667e-4,0.9259400192289984,1.5480800394089647e-5,0.9259400192289984,0.9259400192289984,TRUE,TRUE,TRUE,TRUE,0.7857637069963607,143
ddx21,magenta,On,202,0.9213597761125775,Positive,On higher,2.0734088254582805e-5,0.0024880905905499367,0.8420120623646529,5.908130313005996e-4,0.7889721657429466,0.002284365837181466,0.7889721657429466,0.7889721657429466,TRUE,TRUE,TRUE,TRUE,0.6643240804255252,144
NR2E3,magenta,On,202,0.9213597761125775,Positive,On higher,2.0734088254582805e-5,0.0024880905905499367,0.8411326819374478,6.064935861507699e-4,0.7939645259819106,0.0020450240607718436,0.7939645259819106,0.7939645259819106,TRUE,TRUE,TRUE,TRUE,0.6678295111023589,145
s100u,magenta,On,202,0.9213597761125775,Positive,On higher,2.0734088254582805e-5,0.0024880905905499367,0.8411028969070438,6.070302792729003e-4,0.7383641404094423,0.006100285689035817,0.7383641404094423,0.7383641404094423,TRUE,TRUE,TRUE,TRUE,0.6210402174706612,146
lamc3,magenta,On,202,0.9213597761125775,Positive,On higher,2.0734088254582805e-5,0.0024880905905499367,0.838435680742889,6.566029079617209e-4,0.8105102361488877,0.001386301057926495,0.8105102361488877,0.8105102361488877,TRUE,TRUE,TRUE,TRUE,0.6795607015945724,147
itpr2,magenta,On,202,0.9213597761125775,Positive,On higher,2.0734088254582805e-5,0.0024880905905499367,0.8383791174024128,6.576870559704346e-4,0.8227455952933959,0.0010149113249469034,0.8227455952933959,0.8227455952933959,TRUE,TRUE,TRUE,TRUE,0.6897727260287999,148
derl3,magenta,On,202,0.9213597761125775,Positive,On higher,2.0734088254582805e-5,0.0024880905905499367,0.8327953038156318,7.717295176767721e-4,0.7214120796673826,0.008091369717402328,0.7214120796673826,0.7214120796673826,TRUE,TRUE,TRUE,TRUE,0.6007885920628647,149
rxylt1,magenta,On,202,0.9213597761125775,Positive,On higher,2.0734088254582805e-5,0.0024880905905499367,0.8298961834236874,8.366656444442935e-4,0.8929647241945363,9.221317301487752e-5,0.8929647241945363,0.8929647241945363,TRUE,TRUE,TRUE,TRUE,0.7410680165410314,150
si:ch211-233a24.2,magenta,On,202,0.9213597761125775,Positive,On higher,2.0734088254582805e-5,0.0024880905905499367,0.8271624566519707,9.016883084477447e-4,0.8014265833528053,0.0017236166309391892,0.8014265833528053,0.8014265833528053,TRUE,TRUE,TRUE,TRUE,0.6629099815123018,151
aco2,magenta,On,202,0.9213597761125775,Positive,On higher,2.0734088254582805e-5,0.0024880905905499367,0.8258159121664653,9.351159546587965e-4,0.8031624188429255,0.0016547515254378884,0.8031624188429255,0.8031624188429255,TRUE,TRUE,TRUE,TRUE,0.6632643055345951,152
trmt11,magenta,On,202,0.9213597761125775,Positive,On higher,2.0734088254582805e-5,0.0024880905905499367,0.8245324977284266,9.678587431254441e-4,0.8835412584399372,1.3832364780473275e-4,0.8835412584399372,0.8835412584399372,TRUE,TRUE,TRUE,TRUE,0.7285084806675988,153
snrnp200,magenta,On,202,0.9213597761125775,Positive,On higher,2.0734088254582805e-5,0.0024880905905499367,0.8211170905709216,0.0010593111409281822,0.8750651899426308,1.9365307441754297e-4,0.8750651899426308,0.8750651899426308,TRUE,TRUE,TRUE,TRUE,0.7185309828255839,154
ibtk,magenta,On,202,0.9213597761125775,Positive,On higher,2.0734088254582805e-5,0.0024880905905499367,0.8190478777135065,0.001117869007891829,0.7880974458601814,0.0023284129397037885,0.7880974458601814,0.7880974458601814,TRUE,TRUE,TRUE,TRUE,0.6454895404632166,155
C12orf65,magenta,On,202,0.9213597761125775,Positive,On higher,2.0734088254582805e-5,0.0024880905905499367,0.8190003201075712,0.0011192435478867713,0.8128018794823989,0.0013098504718378936,0.8128018794823989,0.8128018794823989,TRUE,TRUE,TRUE,TRUE,0.6656849994801202,156
sorcs2,magenta,On,202,0.9213597761125775,Positive,On higher,2.0734088254582805e-5,0.0024880905905499367,0.8176389049692567,0.0011591472608344217,0.6769253892627527,0.01561130338814022,0.6769253892627527,0.6769253892627527,TRUE,FALSE,TRUE,FALSE,0.5534805340226849,157
rpl39,magenta,On,202,0.9213597761125775,Positive,On higher,2.0734088254582805e-5,0.0024880905905499367,0.8120507235545841,0.001334542822285307,0.7430562369200963,0.005621038415946792,0.7430562369200963,0.7430562369200963,TRUE,TRUE,TRUE,TRUE,0.6033993548327106,158
zmynd8,magenta,On,202,0.9213597761125775,Positive,On higher,2.0734088254582805e-5,0.0024880905905499367,0.8099632789006871,0.0014050443197683076,0.8386247661005616,6.529887528663271e-4,0.8386247661005616,0.8386247661005616,TRUE,TRUE,TRUE,TRUE,0.6792552653181326,159
aspn,magenta,On,202,0.9213597761125775,Positive,On higher,2.0734088254582805e-5,0.0024880905905499367,0.805960224226987,0.0015482198143141964,0.807145251067795,0.0015047199787397993,0.807145251067795,0.807145251067795,TRUE,TRUE,TRUE,TRUE,0.6505269675343478,160
taldo1,magenta,On,202,0.9213597761125775,Positive,On higher,2.0734088254582805e-5,0.0024880905905499367,0.8017796323939808,0.0017094354609581103,0.873024703766886,2.0924370437429312e-4,0.873024703766886,0.873024703766886,TRUE,TRUE,TRUE,TRUE,0.6999734260570778,161
sowahd,magenta,On,202,0.9213597761125775,Positive,On higher,2.0734088254582805e-5,0.0024880905905499367,0.7971854596906921,0.0019011207159020846,0.9050988857843986,5.159971063522848e-5,0.9050988857843986,0.9050988857843986,FALSE,TRUE,TRUE,FALSE,0.721531671329569,162
rundc3aa,magenta,On,202,0.9213597761125775,Positive,On higher,2.0734088254582805e-5,0.0024880905905499367,0.7957187029904165,0.001965655801619651,0.8444611931621493,5.487929698785788e-4,0.8444611931621493,0.8444611931621493,FALSE,TRUE,TRUE,FALSE,0.671953565348725,163
thoc5,magenta,On,202,0.9213597761125775,Positive,On higher,2.0734088254582805e-5,0.0024880905905499367,0.7949703213020295,0.0019992226501356473,0.8019045843896286,0.0017044379211533325,0.8019045843896286,0.8019045843896286,FALSE,TRUE,TRUE,FALSE,0.6374903451057935,164
ptpn1,magenta,On,202,0.9213597761125775,Positive,On higher,2.0734088254582805e-5,0.0024880905905499367,0.7928421239634217,0.0020970786162002046,0.766614940859611,0.0036288864411114273,0.766614940859611,0.766614940859611,FALSE,TRUE,TRUE,FALSE,0.6078046179732269,165
hmgxb4a,magenta,On,202,0.9213597761125775,Positive,On higher,2.0734088254582805e-5,0.0024880905905499367,0.7820709064946276,0.002649775545183069,0.7490002504363339,0.005055317238708029,0.7490002504363339,0.7490002504363339,FALSE,TRUE,TRUE,FALSE,0.5857713048234467,166
trim8b,magenta,On,202,0.9213597761125775,Positive,On higher,2.0734088254582805e-5,0.0024880905905499367,0.78134628630241,0.0026905798419945177,0.8682273691044227,2.497647745487472e-4,0.8682273691044227,0.8682273691044227,FALSE,TRUE,TRUE,FALSE,0.6783862305158525,167
atp8a2,magenta,On,202,0.9213597761125775,Positive,On higher,2.0734088254582805e-5,0.0024880905905499367,0.7786771376735669,0.0028450287849875627,0.8406888994369777,6.145282171668914e-4,0.8406888994369777,0.8406888994369777,FALSE,TRUE,TRUE,FALSE,0.6546252258875269,168
vcp,magenta,On,202,0.9213597761125775,Positive,On higher,2.0734088254582805e-5,0.0024880905905499367,0.772440606056558,0.0032322040462966074,0.8009251200731283,0.0017439140911316366,0.8009251200731283,0.8009251200731283,FALSE,TRUE,TRUE,FALSE,0.6186670851552087,169
mtmr1a,magenta,On,202,0.9213597761125775,Positive,On higher,2.0734088254582805e-5,0.0024880905905499367,0.7643212300745509,0.0037948070370883037,0.5969608691428407,0.040432024367060955,0.5969608691428407,0.5969608691428407,FALSE,FALSE,TRUE,FALSE,0.456269865809629,170
pigb,magenta,On,202,0.9213597761125775,Positive,On higher,2.0734088254582805e-5,0.0024880905905499367,0.7625854263111935,0.003924146835096975,0.7953504053083016,0.001982120539997601,0.7953504053083016,0.7953504053083016,FALSE,TRUE,TRUE,FALSE,0.6065226278988117,171
col5a2a,magenta,On,202,0.9213597761125775,Positive,On higher,2.0734088254582805e-5,0.0024880905905499367,0.7613492050905694,0.00401827907677814,0.8224678642028332,0.0010223800405239295,0.8224678642028332,0.8224678642028332,FALSE,TRUE,TRUE,FALSE,0.6261852546233654,172
syncrip,magenta,On,202,0.9213597761125775,Positive,On higher,2.0734088254582805e-5,0.0024880905905499367,0.7568606684757465,0.004374511311055603,0.7839417063533604,0.0025466089685008907,0.7839417063533604,0.7839417063533604,FALSE,TRUE,TRUE,FALSE,0.5933346439166217,173
chst12a,magenta,On,202,0.9213597761125775,Positive,On higher,2.0734088254582805e-5,0.0024880905905499367,0.7512774720609658,0.004850388760983767,0.8178045865810702,0.0011542333860981783,0.8178045865810702,0.8178045865810702,FALSE,TRUE,TRUE,FALSE,0.6143981624464897,174
tbk1,magenta,On,202,0.9213597761125775,Positive,On higher,2.0734088254582805e-5,0.0024880905905499367,0.7509985481637967,0.004875146002926677,0.8844161937016962,1.334084458299401e-4,0.8844161937016962,0.8844161937016962,FALSE,TRUE,TRUE,FALSE,0.664195277442525,175
kcnj10a,magenta,On,202,0.9213597761125775,Positive,On higher,2.0734088254582805e-5,0.0024880905905499367,0.7480033551181797,0.005147056694007493,0.6181657712908555,0.03216124347192822,0.6181657712908555,0.6181657712908555,FALSE,FALSE,TRUE,FALSE,0.46239007094477724,176
dnajc25,magenta,On,202,0.9213597761125775,Positive,On higher,2.0734088254582805e-5,0.0024880905905499367,0.7473742646377551,0.005205591883212085,0.7543759704098802,0.004581708452534729,0.7543759704098802,0.7543759704098802,FALSE,TRUE,TRUE,FALSE,0.5638011861454771,177
ddx46,magenta,On,202,0.9213597761125775,Positive,On higher,2.0734088254582805e-5,0.0024880905905499367,0.7435040890821601,0.0055768262143621105,0.8513432321056332,4.430199023080638e-4,0.8513432321056332,0.8513432321056332,FALSE,TRUE,TRUE,FALSE,0.6329771742829609,178
aplp1,magenta,On,202,0.9213597761125775,Positive,On higher,2.0734088254582805e-5,0.0024880905905499367,0.7393769616783419,0.005994329129489457,0.7637509136350207,0.003836940740022084,0.7637509136350207,0.7637509136350207,FALSE,TRUE,TRUE,FALSE,0.5646998300025193,179
scaf1,magenta,On,202,0.9213597761125775,Positive,On higher,2.0734088254582805e-5,0.0024880905905499367,0.7327029107964933,0.006718711006851934,0.768583477371818,0.0034909306149912673,0.768583477371818,0.768583477371818,FALSE,TRUE,TRUE,FALSE,0.5631433510604218,180
nyap2b,magenta,On,202,0.9213597761125775,Positive,On higher,2.0734088254582805e-5,0.0024880905905499367,0.7320583437461743,0.0067919956409183925,0.8164569089526252,0.0011946726103572705,0.8164569089526252,0.8164569089526252,FALSE,TRUE,TRUE,FALSE,0.5976940925079799,181
urahb,magenta,On,202,0.9213597761125775,Positive,On higher,2.0734088254582805e-5,0.0024880905905499367,0.6991085290716009,0.011406472742383735,0.7741243696691664,0.003123950592079409,0.7741243696691664,0.7741243696691664,FALSE,TRUE,TRUE,FALSE,0.5411969493978912,182
anp32b,magenta,On,202,0.9213597761125775,Positive,On higher,2.0734088254582805e-5,0.0024880905905499367,0.6976054597797058,0.01166125640050935,0.701858909539772,0.010950986475730784,0.701858909539772,0.701858909539772,FALSE,TRUE,TRUE,FALSE,0.4896206072899756,183
znrf3,magenta,On,202,0.9213597761125775,Positive,On higher,2.0734088254582805e-5,0.0024880905905499367,0.6952360723515035,0.012071428925193063,0.8048752118354622,0.0015888888750167601,0.8048752118354622,0.8048752118354622,FALSE,TRUE,TRUE,FALSE,0.5595782810095711,184
snx1a,magenta,On,202,0.9213597761125775,Positive,On higher,2.0734088254582805e-5,0.0024880905905499367,0.6932059366374217,0.01243129572150895,0.6695650476014134,0.017230060673338453,0.6695650476014134,0.6695650476014134,FALSE,FALSE,TRUE,FALSE,0.46414646596221765,185
tmem94,magenta,On,202,0.9213597761125775,Positive,On higher,2.0734088254582805e-5,0.0024880905905499367,0.6783472665283081,0.01531198005354638,0.6975857693614071,0.01166462186370348,0.6975857693614071,0.6975857693614071,FALSE,FALSE,TRUE,FALSE,0.4732053998153573,186
os9,magenta,On,202,0.9213597761125775,Positive,On higher,2.0734088254582805e-5,0.0024880905905499367,0.6781387830360479,0.015355601854396148,0.7259032171535373,0.007522405334704872,0.7259032171535373,0.7259032171535373,FALSE,TRUE,TRUE,FALSE,0.49226312428245184,187
ep300b,magenta,On,202,0.9213597761125775,Positive,On higher,2.0734088254582805e-5,0.0024880905905499367,0.6732058147603671,0.016414679082450773,0.7650478660871398,0.0037416343033855074,0.7650478660871398,0.7650478660871398,FALSE,TRUE,TRUE,FALSE,0.5150346720198732,188
ppp4r4,magenta,On,202,0.9213597761125775,Positive,On higher,2.0734088254582805e-5,0.0024880905905499367,0.652827710871422,0.02136554777768142,0.8245134211335572,9.683520077605111e-4,0.8245134211335572,0.8245134211335572,FALSE,TRUE,TRUE,FALSE,0.5382652093013849,189
asb12b,magenta,On,202,0.9213597761125775,Positive,On higher,2.0734088254582805e-5,0.0024880905905499367,0.6503493260250173,0.02203427942780347,0.814305700942612,0.0012614729890471315,0.814305700942612,0.814305700942612,FALSE,TRUE,TRUE,FALSE,0.529583163786357,190
zwilch,magenta,On,202,0.9213597761125775,Positive,On higher,2.0734088254582805e-5,0.0024880905905499367,0.6408875800667786,0.024727958995173206,0.8170683661734282,0.0011761919561443465,0.8170683661734282,0.8170683661734282,FALSE,TRUE,TRUE,FALSE,0.5236489679460049,191
ZRANB1,magenta,On,202,0.9213597761125775,Positive,On higher,2.0734088254582805e-5,0.0024880905905499367,0.6401367410141163,0.02495147185127772,0.7385702024828276,0.006078615158048237,0.7385702024828276,0.7385702024828276,FALSE,TRUE,TRUE,FALSE,0.47278592242749323,192
glmnb,magenta,On,202,0.9213597761125775,Positive,On higher,2.0734088254582805e-5,0.0024880905905499367,0.6209822106153713,0.03116241694727182,0.8183917817319293,0.001136947080106056,0.8183917817319293,0.8183917817319293,FALSE,TRUE,TRUE,FALSE,0.5082067377693459,193
rtf1,magenta,On,202,0.9213597761125775,Positive,On higher,2.0734088254582805e-5,0.0024880905905499367,0.6084203167675359,0.035794878808342215,0.6710236513393173,0.016899905814462327,0.6710236513393173,0.6710236513393173,FALSE,FALSE,TRUE,FALSE,0.408264422506376,194
eif3s10,magenta,On,202,0.9213597761125775,Positive,On higher,2.0734088254582805e-5,0.0024880905905499367,0.5886039233487178,0.044072140270854335,0.7111128419029336,0.009517224932880814,0.7111128419029336,0.7111128419029336,FALSE,TRUE,TRUE,FALSE,0.4185638086877232,195
hdac5,magenta,On,202,0.9213597761125775,Positive,On higher,2.0734088254582805e-5,0.0024880905905499367,0.5649913971883883,0.055600828480158744,0.7070822346764154,0.010123335723914896,0.7070822346764154,0.7070822346764154,FALSE,TRUE,TRUE,FALSE,0.3994953796969158,196
si:ch211-191d15.2,magenta,On,202,0.9213597761125775,Positive,On higher,2.0734088254582805e-5,0.0024880905905499367,0.5434894533910214,0.06779673716080603,0.799222025752606,0.0018142200948234643,0.799222025752606,0.799222025752606,FALSE,TRUE,TRUE,FALSE,0.43436874191434865,197
rereb,magenta,On,202,0.9213597761125775,Positive,On higher,2.0734088254582805e-5,0.0024880905905499367,0.522789309523631,0.08117098175018479,0.6918215443597674,0.012681211590190708,0.6918215443597674,0.6918215443597674,FALSE,FALSE,TRUE,FALSE,0.36167690748941483,198
ca2,magenta,On,202,0.9213597761125775,Positive,On higher,2.0734088254582805e-5,0.0024880905905499367,0.46721249492803546,0.12566303377149407,0.5558482041060643,0.060582184674113373,0.5558482041060643,0.5558482041060643,FALSE,FALSE,FALSE,FALSE,0.2596992262416622,199
patz1,magenta,On,202,0.9213597761125775,Positive,On higher,2.0734088254582805e-5,0.0024880905905499367,0.3824837756051217,0.21979597146750168,0.5849257488237737,0.04574545907360749,0.5849257488237737,0.5849257488237737,FALSE,FALSE,TRUE,FALSE,0.22372460885877002,200
smad3b,magenta,On,202,0.9213597761125775,Positive,On higher,2.0734088254582805e-5,0.0024880905905499367,0.3494496650294026,0.26553202894867417,0.5325240573476997,0.07467590260634006,0.5325240573476997,0.5325240573476997,FALSE,FALSE,FALSE,FALSE,0.18609035346025204,201
igfbp7,magenta,On,202,0.9213597761125775,Positive,On higher,2.0734088254582805e-5,0.0024880905905499367,0.2472963371158041,0.4383905283658379,0.41706318382879604,0.1773888306493818,0.41706318382879604,0.41706318382879604,FALSE,FALSE,FALSE,FALSE,0.10313819770671652,202
nup50,lightgreen,Pn,70,0.8422028913680637,Positive,Pn higher,5.874521642419884e-4,0.035247129854519305,0.991885897330699,2.732566744573626e-10,0.8241531574271377,9.777038332387004e-4,0.8241531574271377,0.8241531574271377,TRUE,TRUE,TRUE,TRUE,0.8174658940925453,1
ppp4r3b,lightgreen,Pn,70,0.8422028913680637,Positive,Pn higher,5.874521642419884e-4,0.035247129854519305,0.9790213348259574,3.0895412385687385e-8,0.8901075272394301,1.0467460338255519e-4,0.8901075272394301,0.8901075272394301,TRUE,TRUE,TRUE,TRUE,0.8714342594565792,2
ugcg,lightgreen,Pn,70,0.8422028913680637,Positive,Pn higher,5.874521642419884e-4,0.035247129854519305,0.9770075660331581,4.869221895445611e-8,0.8486353787163734,4.8255177675069177e-4,0.8486353787163734,0.8486353787163734,TRUE,TRUE,TRUE,TRUE,0.8291231858093113,3
PIP4K2B,lightgreen,Pn,70,0.8422028913680637,Positive,Pn higher,5.874521642419884e-4,0.035247129854519305,0.9746263181631517,7.938028702625009e-8,0.8504511442961611,4.557545477922563e-4,0.8504511442961611,0.8504511442961611,TRUE,TRUE,TRUE,TRUE,0.8288720675430067,4
coa6,lightgreen,Pn,70,0.8422028913680637,Positive,Pn higher,5.874521642419884e-4,0.035247129854519305,0.9713832984848572,1.44052682626544e-7,0.8563443668468829,3.7665583416304587e-4,0.8563443668468829,0.8563443668468829,TRUE,TRUE,TRUE,TRUE,0.8318386157066516,5
pcyt1aa,lightgreen,Pn,70,0.8422028913680637,Positive,Pn higher,5.874521642419884e-4,0.035247129854519305,0.9696686618953677,1.9214370712652504e-7,0.8467421093233654,5.117786698967625e-4,0.8467421093233654,0.8467421093233654,TRUE,TRUE,TRUE,TRUE,0.8210592881180488,6
atp5f1b,lightgreen,Pn,70,0.8422028913680637,Positive,Pn higher,5.874521642419884e-4,0.035247129854519305,0.9650011807694652,3.899548650622417e-7,0.7586920125869825,0.004226396213079321,0.7586920125869825,0.7586920125869825,TRUE,TRUE,TRUE,TRUE,0.7321386879868,7
xaf1,lightgreen,Pn,70,0.8422028913680637,Positive,Pn higher,5.874521642419884e-4,0.035247129854519305,0.9547881687517833,1.3787990662680995e-6,0.7236824443534055,0.007799865041708488,0.7236824443534055,0.7236824443534055,TRUE,TRUE,TRUE,TRUE,0.6909634358020023,8
rxrbb,lightgreen,Pn,70,0.8422028913680637,Positive,Pn higher,5.874521642419884e-4,0.035247129854519305,0.9540489234981613,1.4933940783222612e-6,0.7334648148613566,0.006632853238185654,0.7334648148613566,0.7334648148613566,TRUE,TRUE,TRUE,TRUE,0.6997613170422554,9
rhof,lightgreen,Pn,70,0.8422028913680637,Positive,Pn higher,5.874521642419884e-4,0.035247129854519305,0.9539637191037211,1.5070732475597645e-6,0.7322696351563482,0.00676790688334081,0.7322696351563482,0.7322696351563482,TRUE,TRUE,TRUE,TRUE,0.698558664540475,10
klhl21,lightgreen,Pn,70,0.8422028913680637,Positive,Pn higher,5.874521642419884e-4,0.035247129854519305,0.952992352138026,1.6701676002176493e-6,0.8623473733833188,3.0749854173542086e-4,0.8623473733833188,0.8623473733833188,TRUE,TRUE,TRUE,TRUE,0.8218104517206175,11
nus1,lightgreen,Pn,70,0.8422028913680637,Positive,Pn higher,5.874521642419884e-4,0.035247129854519305,0.9515082479158565,1.946089224493209e-6,0.8503295597134704,4.575119494508675e-4,0.8503295597134704,0.8503295597134704,TRUE,TRUE,TRUE,TRUE,0.8090955895140258,12
gpr155a,lightgreen,Pn,70,0.8422028913680637,Positive,Pn higher,5.874521642419884e-4,0.035247129854519305,0.9506633904912096,2.1185892343144144e-6,0.7730739086805785,0.003191158108171912,0.7730739086805785,0.7730739086805785,TRUE,TRUE,TRUE,TRUE,0.7349330631265705,13
cdip1,lightgreen,Pn,70,0.8422028913680637,Positive,Pn higher,5.874521642419884e-4,0.035247129854519305,0.9436291220518088,4.076414542184706e-6,0.8654467817282099,2.759028282128947e-4,0.8654467817282099,0.8654467817282099,TRUE,TRUE,TRUE,TRUE,0.8166607868247541,14
ormdl2,lightgreen,Pn,70,0.8422028913680637,Positive,Pn higher,5.874521642419884e-4,0.035247129854519305,0.9425822678079228,4.461285839943847e-6,0.8961413912384226,7.975645202598979e-5,0.8961413912384226,0.8961413912384226,TRUE,TRUE,TRUE,TRUE,0.8446869848300593,15
rnft1,lightgreen,Pn,70,0.8422028913680637,Positive,Pn higher,5.874521642419884e-4,0.035247129854519305,0.9402949345366758,5.402471434263988e-6,0.7027139779072131,0.010812174338857764,0.7027139779072131,0.7027139779072131,TRUE,TRUE,TRUE,TRUE,0.66075839385427,16
fgd5a,lightgreen,Pn,70,0.8422028913680637,Positive,Pn higher,5.874521642419884e-4,0.035247129854519305,0.9353779879799908,7.95781643165406e-6,0.803995722485842,0.0016224518262238702,0.803995722485842,0.803995722485842,TRUE,TRUE,TRUE,TRUE,0.7520399012433259,17
bloc1s1,lightgreen,Pn,70,0.8422028913680637,Positive,Pn higher,5.874521642419884e-4,0.035247129854519305,0.9350105555891564,8.181501115179038e-6,0.774621091101881,0.0030925484000354285,0.774621091101881,0.774621091101881,TRUE,TRUE,TRUE,TRUE,0.7242788967622483,18
acyp2,lightgreen,Pn,70,0.8422028913680637,Positive,Pn higher,5.874521642419884e-4,0.035247129854519305,0.9342795529608515,8.64129511063188e-6,0.7269838805031688,0.007390096019253188,0.7269838805031688,0.7269838805031688,TRUE,TRUE,TRUE,TRUE,0.6792061748862456,19
DDA1,lightgreen,Pn,70,0.8422028913680637,Positive,Pn higher,5.874521642419884e-4,0.035247129854519305,0.9342005718634945,8.692170892808482e-6,0.9174415042344082,2.6263010276912414e-5,0.9174415042344082,0.9174415042344082,TRUE,TRUE,TRUE,TRUE,0.8570743779070887,20
dctpp1,lightgreen,Pn,70,0.8422028913680637,Positive,Pn higher,5.874521642419884e-4,0.035247129854519305,0.9284050916881543,1.3125659018633225e-5,0.8470589298802567,5.067946066037695e-4,0.8470589298802567,0.8470589298802567,TRUE,TRUE,TRUE,TRUE,0.7864138234607496,21
C1orf50,lightgreen,Pn,70,0.8422028913680637,Positive,Pn higher,5.874521642419884e-4,0.035247129854519305,0.9201239763475002,2.2367692794229463e-5,0.8298081134304943,8.387022103599965e-4,0.8298081134304943,0.8298081134304943,TRUE,TRUE,TRUE,TRUE,0.7635263409350839,22
sprtn,lightgreen,Pn,70,0.8422028913680637,Positive,Pn higher,5.874521642419884e-4,0.035247129854519305,0.9198820011499895,2.269911062661244e-5,0.928663775193094,1.2895954868047517e-5,0.928663775193094,0.928663775193094,TRUE,TRUE,TRUE,TRUE,0.8542610919201272,23
rab34b,lightgreen,Pn,70,0.8422028913680637,Positive,Pn higher,5.874521642419884e-4,0.035247129854519305,0.918247142409183,2.50410337350784e-5,0.9125310730729609,3.476417568359069e-5,0.9125310730729609,0.9125310730729609,TRUE,TRUE,TRUE,TRUE,0.8379290502088317,24
micu1,lightgreen,Pn,70,0.8422028913680637,Positive,Pn higher,5.874521642419884e-4,0.035247129854519305,0.91528220020346,2.97710961969747e-5,0.8329196052855016,7.690352561565965e-4,0.8329196052855016,0.8329196052855016,TRUE,TRUE,TRUE,TRUE,0.7623564889183113,25
xrcc6,lightgreen,Pn,70,0.8422028913680637,Positive,Pn higher,5.874521642419884e-4,0.035247129854519305,0.9118321916004691,3.613182331936001e-5,0.6680109248021863,0.01758701885266292,0.6680109248021863,0.6680109248021863,TRUE,FALSE,TRUE,FALSE,0.6091138655754337,26
csgalnact2,lightgreen,Pn,70,0.8422028913680637,Positive,Pn higher,5.874521642419884e-4,0.035247129854519305,0.9117074690573354,3.6380283499476885e-5,0.7263243228307399,0.007470638638300816,0.7263243228307399,0.7263243228307399,TRUE,TRUE,TRUE,TRUE,0.6621953100827969,27
hbs1l,lightgreen,Pn,70,0.8422028913680637,Positive,Pn higher,5.874521642419884e-4,0.035247129854519305,0.894744248690824,8.506080828766511e-5,0.7912440121833839,0.002172937097242764,0.7912440121833839,0.7912440121833839,TRUE,TRUE,TRUE,TRUE,0.7079610292121351,28
ube3a,lightgreen,Pn,70,0.8422028913680637,Positive,Pn higher,5.874521642419884e-4,0.035247129854519305,0.893254249922262,9.101850103833559e-5,0.8147771972429005,0.0012465918926541316,0.8147771972429005,0.8147771972429005,TRUE,TRUE,TRUE,TRUE,0.72780319417697,29
jam2a,lightgreen,Pn,70,0.8422028913680637,Positive,Pn higher,5.874521642419884e-4,0.035247129854519305,0.8887758096112607,1.1091538936794897e-4,0.971025681327645,1.5318912138727704e-7,0.971025681327645,0.971025681327645,TRUE,TRUE,TRUE,TRUE,0.8630241360753037,30
tgfa,lightgreen,Pn,70,0.8422028913680637,Positive,Pn higher,5.874521642419884e-4,0.035247129854519305,0.8887323982429666,1.1112361863241972e-4,0.8645928893896191,2.843424773404786e-4,0.8645928893896191,0.8645928893896191,TRUE,TRUE,TRUE,TRUE,0.7683917120910521,31
cldn7b,lightgreen,Pn,70,0.8422028913680637,Positive,Pn higher,5.874521642419884e-4,0.035247129854519305,0.8886739366955618,1.1140452203151604e-4,0.985333801936331,5.214261301910328e-9,0.985333801936331,0.985333801936331,TRUE,TRUE,TRUE,TRUE,0.8756404687259642,32
slc35d2,lightgreen,Pn,70,0.8422028913680637,Positive,Pn higher,5.874521642419884e-4,0.035247129854519305,0.8876445461516465,1.1644244129486454e-4,0.9732944707298933,1.0228866111073138e-7,0.9732944707298933,0.9732944707298933,TRUE,TRUE,TRUE,TRUE,0.8639395287429431,33
ckmt2a,lightgreen,Pn,70,0.8422028913680637,Positive,Pn higher,5.874521642419884e-4,0.035247129854519305,0.887085730431137,1.1925103390523078e-4,0.8023404351534829,0.0016870934136660458,0.8023404351534829,0.8023404351534829,TRUE,TRUE,TRUE,TRUE,0.7117447509725636,34
zgc:55888,lightgreen,Pn,70,0.8422028913680637,Positive,Pn higher,5.874521642419884e-4,0.035247129854519305,0.8848723323503153,1.3090075120459284e-4,0.9840382151957541,7.9445452614951e-9,0.9840382151957541,0.9840382151957541,TRUE,TRUE,TRUE,TRUE,0.8707481906021084,35
zgc:162730,lightgreen,Pn,70,0.8422028913680637,Positive,Pn higher,5.874521642419884e-4,0.035247129854519305,0.8807340555469075,1.5505701293563168e-4,0.6771142480917584,0.015571300238036202,0.6771142480917584,0.6771142480917584,TRUE,FALSE,TRUE,FALSE,0.5963575777904492,36
slc25a26,lightgreen,Pn,70,0.8422028913680637,Positive,Pn higher,5.874521642419884e-4,0.035247129854519305,0.8806815086573632,1.5538464120804676e-4,0.9444306183306985,3.799924031215888e-6,0.9444306183306985,0.9444306183306985,TRUE,TRUE,TRUE,TRUE,0.8317425817736859,37
cyb5d1,lightgreen,Pn,70,0.8422028913680637,Positive,Pn higher,5.874521642419884e-4,0.035247129854519305,0.8804943024502218,1.565562674547215e-4,0.9608800601032743,6.756358303770314e-7,0.9608800601032743,0.9608800601032743,TRUE,TRUE,TRUE,TRUE,0.8460494182589596,38
tbc1d20,lightgreen,Pn,70,0.8422028913680637,Positive,Pn higher,5.874521642419884e-4,0.035247129854519305,0.8796650162817712,1.6182965978551255e-4,0.7865730311371136,0.0024067230253451847,0.7865730311371136,0.7865730311371136,TRUE,TRUE,TRUE,TRUE,0.6919207782420311,39
eri1,lightgreen,Pn,70,0.8422028913680637,Positive,Pn higher,5.874521642419884e-4,0.035247129854519305,0.8793320189486218,1.6398581603417367e-4,0.9549709543689855,1.351570848313647e-6,0.9549709543689855,0.9549709543689855,TRUE,TRUE,TRUE,TRUE,0.8397365373425721,40
tmpob,lightgreen,Pn,70,0.8422028913680637,Positive,Pn higher,5.874521642419884e-4,0.035247129854519305,0.8733803841338796,2.0645794883555126e-4,0.6471979134103716,0.022906460845962658,0.6471979134103716,0.6471979134103716,TRUE,FALSE,TRUE,FALSE,0.5652499622249957,41
fbxo30a,lightgreen,Pn,70,0.8422028913680637,Positive,Pn higher,5.874521642419884e-4,0.035247129854519305,0.8726434041146336,2.1226260694873116e-4,0.8614867534140765,3.167523437355199e-4,0.8614867534140765,0.8614867534140765,TRUE,TRUE,TRUE,TRUE,0.7517707330989237,42
akirin2,lightgreen,Pn,70,0.8422028913680637,Positive,Pn higher,5.874521642419884e-4,0.035247129854519305,0.8684359989126471,2.478845122935537e-4,0.7461756699562325,0.005318506560734172,0.7461756699562325,0.7461756699562325,TRUE,TRUE,TRUE,TRUE,0.6480058133027545,43
phykpl,lightgreen,Pn,70,0.8422028913680637,Positive,Pn higher,5.874521642419884e-4,0.035247129854519305,0.8644803172643688,2.8546994234259735e-4,0.8068076466628296,0.0015170158793861978,0.8068076466628296,0.8068076466628296,TRUE,TRUE,TRUE,TRUE,0.6974693303584016,44
dhrs7,lightgreen,Pn,70,0.8422028913680637,Positive,Pn higher,5.874521642419884e-4,0.035247129854519305,0.8602789760322629,3.301028988276998e-4,0.9716964548959218,1.3641333017925067e-7,0.9716964548959218,0.9716964548959218,TRUE,TRUE,TRUE,TRUE,0.8359300312320436,45
gosr1,lightgreen,Pn,70,0.8422028913680637,Positive,Pn higher,5.874521642419884e-4,0.035247129854519305,0.8580108598325958,3.563544030204457e-4,0.7102100328725359,0.009650570701733483,0.7102100328725359,0.7102100328725359,TRUE,TRUE,TRUE,TRUE,0.6093679209667007,46
si:dkey-72l14.3,lightgreen,Pn,70,0.8422028913680637,Positive,Pn higher,5.874521642419884e-4,0.035247129854519305,0.8549078813858658,3.9486689984946427e-4,0.977498576212207,4.374650184217631e-8,0.977498576212207,0.977498576212207,TRUE,TRUE,TRUE,TRUE,0.8356712368472782,47
usp4,lightgreen,Pn,70,0.8422028913680637,Positive,Pn higher,5.874521642419884e-4,0.035247129854519305,0.850376116661702,4.568383879654151e-4,0.8848416868615789,1.3106806463462992e-4,0.8848416868615789,0.8848416868615789,TRUE,TRUE,TRUE,TRUE,0.7524482375337392,48
p4ha1a,lightgreen,Pn,70,0.8422028913680637,Positive,Pn higher,5.874521642419884e-4,0.035247129854519305,0.8499360937512911,4.6323525108417796e-4,0.7902650587165394,0.0022204306241791175,0.7902650587165394,0.7902650587165394,TRUE,TRUE,TRUE,TRUE,0.6716747970336702,49
ltb4r2b,lightgreen,Pn,70,0.8422028913680637,Positive,Pn higher,5.874521642419884e-4,0.035247129854519305,0.849370831457561,4.715545786754278e-4,0.979088102644073,3.041029603982988e-8,0.979088102644073,0.979088102644073,TRUE,TRUE,TRUE,TRUE,0.831608875813002,50
wfs1a,lightgreen,Pn,70,0.8422028913680637,Positive,Pn higher,5.874521642419884e-4,0.035247129854519305,0.8420039244638041,5.909566858817894e-4,0.9996837344118198,2.4904700862000806e-17,0.9996837344118198,0.9996837344118198,TRUE,TRUE,TRUE,TRUE,0.8417376275973836,51
mogat2,lightgreen,Pn,70,0.8422028913680637,Positive,Pn higher,5.874521642419884e-4,0.035247129854519305,0.8392397226067043,6.413409295195987e-4,0.9962306473090383,5.954621081958193e-12,0.9962306473090383,0.9962306473090383,TRUE,TRUE,TRUE,TRUE,0.8360763320999348,52
si:dkey-175m17.6,lightgreen,Pn,70,0.8422028913680637,Positive,Pn higher,5.874521642419884e-4,0.035247129854519305,0.8390985789643424,6.439999773509503e-4,0.9959987360254235,8.023025295329394e-12,0.9959987360254235,0.9959987360254235,TRUE,TRUE,TRUE,TRUE,0.8357411240492141,53
msh4,lightgreen,Pn,70,0.8422028913680637,Positive,Pn higher,5.874521642419884e-4,0.035247129854519305,0.8367715979658266,6.890821326538131e-4,0.9939392866172956,6.37495806184368e-11,0.9939392866172956,0.9939392866172956,TRUE,TRUE,TRUE,TRUE,0.8317001651437681,54
vtg3,lightgreen,Pn,70,0.8422028913680637,Positive,Pn higher,5.874521642419884e-4,0.035247129854519305,0.8360248331454234,7.040550874521852e-4,0.9922892274739771,2.11909567134266e-10,0.9922892274739771,0.9922892274739771,TRUE,TRUE,TRUE,TRUE,0.8295784358309328,55
med15,lightgreen,Pn,70,0.8422028913680637,Positive,Pn higher,5.874521642419884e-4,0.035247129854519305,0.8250166770512177,9.554040413404921e-4,0.8743253531838956,1.9919722884223295e-4,0.8743253531838956,0.8743253531838956,TRUE,TRUE,TRUE,TRUE,0.7213329975454099,56
zgc:66024,lightgreen,Pn,70,0.8422028913680637,Positive,Pn higher,5.874521642419884e-4,0.035247129854519305,0.821151159445937,0.0010583672189935667,0.8439496903648679,5.573711815883619e-4,0.8439496903648679,0.8439496903648679,TRUE,TRUE,TRUE,TRUE,0.6930102667571507,57
prss12,lightgreen,Pn,70,0.8422028913680637,Positive,Pn higher,5.874521642419884e-4,0.035247129854519305,0.8090094842527094,0.0014381944179033342,0.7925071337062498,0.002112809345390927,0.7925071337062498,0.7925071337062498,TRUE,TRUE,TRUE,TRUE,0.6411457875062861,58
C2orf49,lightgreen,Pn,70,0.8422028913680637,Positive,Pn higher,5.874521642419884e-4,0.035247129854519305,0.8037936733674665,0.0016302386398786345,0.8788056762323149,1.67439607901182e-4,0.8788056762323149,0.8788056762323149,TRUE,TRUE,TRUE,TRUE,0.7063784426749529,59
rhd,lightgreen,Pn,70,0.8422028913680637,Positive,Pn higher,5.874521642419884e-4,0.035247129854519305,0.7989415777803094,0.0018260024994403495,0.8349551333229555,7.259401115893249e-4,0.8349551333229555,0.8349551333229555,FALSE,TRUE,TRUE,FALSE,0.6670803715928106,60
tmem192,lightgreen,Pn,70,0.8422028913680637,Positive,Pn higher,5.874521642419884e-4,0.035247129854519305,0.77932659680391,0.0028068419445346814,0.810618963721971,0.0013825981664169428,0.810618963721971,0.810618963721971,FALSE,TRUE,TRUE,FALSE,0.6317369183021558,61
cyfip1,lightgreen,Pn,70,0.8422028913680637,Positive,Pn higher,5.874521642419884e-4,0.035247129854519305,0.7746347412010536,0.0030916888600026906,0.8463724476185627,5.176419729416365e-4,0.8463724476185627,0.8463724476185627,FALSE,TRUE,TRUE,FALSE,0.6556295019207076,62
zdhhc17,lightgreen,Pn,70,0.8422028913680637,Positive,Pn higher,5.874521642419884e-4,0.035247129854519305,0.7660754992320157,0.003667402943257454,0.759589821290182,0.004155186210252561,0.759589821290182,0.759589821290182,FALSE,TRUE,TRUE,FALSE,0.5819031515564338,63
btbd17a,lightgreen,Pn,70,0.8422028913680637,Positive,Pn higher,5.874521642419884e-4,0.035247129854519305,0.756965241363817,0.0043659494544233575,0.8562417344410889,3.7793486913099397e-4,0.8562417344410889,0.8562417344410889,FALSE,TRUE,TRUE,FALSE,0.6481452311769722,64
slc1a8b,lightgreen,Pn,70,0.8422028913680637,Positive,Pn higher,5.874521642419884e-4,0.035247129854519305,0.7485962407393685,0.005092346260552082,0.5890432155456444,0.043875229392277657,0.5890432155456444,0.5890432155456444,FALSE,FALSE,TRUE,FALSE,0.440955536790499,65
gpatch8,lightgreen,Pn,70,0.8422028913680637,Positive,Pn higher,5.874521642419884e-4,0.035247129854519305,0.6560948597127608,0.02050674736950125,0.7029972561337816,0.010766476538524965,0.7029972561337816,0.7029972561337816,FALSE,TRUE,TRUE,FALSE,0.4612328861415492,66
si:ch211-39a7.1,lightgreen,Pn,70,0.8422028913680637,Positive,Pn higher,5.874521642419884e-4,0.035247129854519305,0.6298823369905362,0.028152548901248287,0.7484784874673357,0.005103177224771718,0.7484784874673357,0.7484784874673357,FALSE,TRUE,TRUE,FALSE,0.47145337887306715,67
ndufb3,lightgreen,Pn,70,0.8422028913680637,Positive,Pn higher,5.874521642419884e-4,0.035247129854519305,0.6233283348039987,0.030347565648654665,0.5502348597205275,0.06378944367053571,0.5502348597205275,0.5502348597205275,FALSE,FALSE,FALSE,FALSE,0.34297697886070827,68
pon1,lightgreen,Pn,70,0.8422028913680637,Positive,Pn higher,5.874521642419884e-4,0.035247129854519305,0.6043357457356493,0.03740169013952445,0.6016764239244967,0.03847506512684855,0.6016764239244967,0.6016764239244967,FALSE,FALSE,TRUE,FALSE,0.3636145703439694,69
eif4e2,lightgreen,Pn,70,0.8422028913680637,Positive,Pn higher,5.874521642419884e-4,0.035247129854519305,0.5263629397273027,0.07874362358802037,0.47633778152612793,0.11745952912654475,0.47633778152612793,0.47633778152612793,FALSE,FALSE,FALSE,FALSE,0.25072655498727436,70
