species,comparison,group,term_id,term_name,source,p_value,intersection,intersection_size,query_size,term_size,effective_domain_size,fold_enrichment
Ab,Ab_vs_rest,Other species higher,GO:0006412,translation,GO:BP,3.31E-08,"vars1,mrps30,mars1,iars2,RPL19,rps4x,mrpl9,rps14,rps8a,rpl36,rps28,EIF5AL1,eif3f,rpl35a,rplp1,eef1g,rps3,rpl18,rps19,rpl31,PAIP2B,rpl13,lars1b,rpl6,gemin5,eif3bb,sars2,rpl11,rpl14,rps24,eif3k,rps15a,rplp2l,rpl29,rpl22l1,rpl35,gars1",37,549,201,9946,3.334892024
Ab,Ab_vs_rest,Other species higher,GO:0160307,protein biosynthetic process,GO:BP,3.31E-08,"vars1,mrps30,mars1,iars2,RPL19,rps4x,mrpl9,rps14,rps8a,rpl36,rps28,EIF5AL1,eif3f,rpl35a,rplp1,eef1g,rps3,rpl18,rps19,rpl31,PAIP2B,rpl13,lars1b,rpl6,gemin5,eif3bb,sars2,rpl11,rpl14,rps24,eif3k,rps15a,rplp2l,rpl29,rpl22l1,rpl35,gars1",37,549,201,9946,3.334892024
Ab,Ab_vs_rest,Other species higher,GO:0009141,nucleoside triphosphate metabolic process,GO:BP,0.015783382,"atp5l,ctps1a,atp5mc3b,ak1,eno1b,pfkpa,eno3,atp5po,atp5pb,gck,OGDH",11,549,51,9946,3.907496696
Ab,Ab_vs_rest,Other species higher,GO:0009144,purine nucleoside triphosphate metabolic process,GO:BP,0.015783382,"atp5l,atp5mc3b,ak1,eno1b,pfkpa,eno3,atp5po,atp5pb,gck,OGDH",10,549,43,9946,4.213157114
Ab,Ab_vs_rest,Other species higher,GO:0009205,purine ribonucleoside triphosphate metabolic process,GO:BP,0.015783382,"atp5l,atp5mc3b,ak1,eno1b,pfkpa,eno3,atp5po,atp5pb,gck,OGDH",10,549,43,9946,4.213157114
Ab,Ab_vs_rest,Other species higher,GO:0046034,ATP metabolic process,GO:BP,0.015783382,"atp5l,atp5mc3b,ak1,eno1b,pfkpa,eno3,atp5po,atp5pb,gck,OGDH",10,549,40,9946,4.529143898
Ab,Ab_vs_rest,Other species higher,GO:0005840,ribosome,GO:CC,1.80E-07,"mrps30,rpl7,RPL19,rps4x,mrpl9,rps14,rps8a,rpl36,rps28,rpl35a,rplp1,rps3,rpl18,rps19,rpl31,rpl13,rpl6,gemin5,rpl11,rpl14,rps24,rps15a,rplp2l,rpl29,rpl22l1,rpl35",26,549,117,9946,4.025905687
Ab,Ab_vs_rest,Other species higher,GO:0005852,eukaryotic translation initiation factor 3 complex,GO:CC,0.028719016,"eif3f,eif3bb,eif3ha,eif3k,eif3s6ip",5,549,13,9946,6.967913689
Ab,Ab_vs_rest,Other species higher,GO:0005622,intracellular anatomical structure,GO:CC,0.028719016,"pdcd11,mrps25,prpf31,slc37a4a,atp5l,blzf1,cry1a,pgpep1l,mapk8a,srpra,mrps30,naa38,pdia4,rhot2,dffb,rpl7,mphosph10,RPL19,atp2a1l,rps4x,hnrnph1,slc25a44a,smdt1b,mrpl9,cfl1,rad51d,slc35a1,pgrmc1,bsg,akt1s1,atp7a,rps14,rps8a,elovl5,phkg2,ak1,TPM1,mre11a,fhl2b,rpl36,fth1b,rps28,ak3,eif3f,rpl35a,abat,rplp1,taf11,prmt9,rps3,zgc:173742,rpl18,eno1b,pfkpa,padi2,ralgapa1,rps19,rpl31,eno3,acta2,cbx5,napab,rpl13,si:dkey-76k16.5,ndufb2,maco1b,gtf2f1,csgalnact2,sem1,ldha,rpl6,atp5po,pex11b,gemin5,canx,mfn2,cct4,supt7l,eif3bb,cdip1,hnrnpub,exosc8,rpl11,eif3ha,rpa2,mief1,rpl14,rps24,nup50,cbx3a,eif3k,rps15a,nf2b,rplp2l,sulf1,snw1,u2af2a,gps1,srp54,aplp1,taf7,fbxo25,gstr,cfap410,exoc5,selenof,eif3s6ip,rpl29,anapc16,tbc1d5,l3mbtl1a,srsf5a,ddost,bcar1,dctn4,elovl1b,pbx1a,snu13a,prmt1,cox6b2,slc7a6os,ewsr1b,rpl22l1,rpl35,tor1,vps45,picalmb,smn1,pawr,gars1,cltb,bnip1b,ddit4,bcap31,tbl1x,ell2,kat2b,SIPA1L2,txnrd3,golga7,OGDH,themis2",142,549,1987,9946,1.294692367
Ab,Ab_vs_rest,Other species higher,GO:0005737,cytoplasm,GO:CC,0.028719016,"mrps25,slc37a4a,atp5l,blzf1,cry1a,pgpep1l,mapk8a,srpra,mrps30,naa38,pdia4,rhot2,dffb,rpl7,RPL19,atp2a1l,slc25a44a,smdt1b,slc35a1,pgrmc1,bsg,akt1s1,atp7a,elovl5,phkg2,ak1,fhl2b,fth1b,ak3,eif3f,abat,eno1b,pfkpa,padi2,rps19,eno3,acta2,napab,si:dkey-76k16.5,ndufb2,maco1b,csgalnact2,ldha,atp5po,pex11b,gemin5,canx,mfn2,cct4,eif3bb,cdip1,eif3ha,mief1,eif3k,rplp2l,sulf1,gps1,srp54,aplp1,fbxo25,gstr,exoc5,selenof,eif3s6ip,tbc1d5,srsf5a,ddost,bcar1,elovl1b,prmt1,cox6b2,slc7a6os,rpl35,tor1,vps45,picalmb,smn1,pawr,gars1,cltb,bnip1b,ddit4,bcap31,SIPA1L2,txnrd3,golga7,OGDH,themis2",88,549,1124,9946,1.418379584
Ab,Ab_vs_rest,Other species higher,GO:0003735,structural constituent of ribosome,GO:MF,2.35E-08,"mrps25,mrps30,rpl7,RPL19,rps4x,mrpl9,rps14,rps8a,rpl36,rps28,rpl35a,rplp1,rps3,rpl18,rps19,rpl31,rpl13,rpl6,gemin5,rpl11,rpl14,rps24,rps15a,rplp2l,rpl29,rpl22l1,rpl35",27,549,112,9946,4.367388759
Ab,Ab_vs_rest,Other species higher,GO:0005198,structural molecule activity,GO:MF,2.46E-06,"mrps25,cldn15lb,mrps30,rpl7,RPL19,rps4x,col1a2,mrpl9,rps14,rps8a,rpl36,rps28,rpl35a,rplp1,rps3,rpl18,rps19,rpl31,lim2.3,rpl13,col1a1b,rpl6,gemin5,rpl11,rpl14,rps24,rps15a,rplp2l,rpl29,cope,rpl22l1,rpl35,cltb,col5a2a",34,549,208,9946,2.961363318
Nb,Nb_vs_rest,Other species higher,GO:0005622,intracellular anatomical structure,GO:CC,1.16E-06,"pdia4,ubn2b,rpl4,sart3,ap5b1,psme2,khdc4,rcl1,rpl6,wrap73,ddit3,itgb1bp1,fancl,cct5,nelfe,arpc3,spcs1,ckmt2a,bccip,bag1,tomm20b,mrpl14,rpl11,fam118b,rars2,rfxank,hltf,rpl17,rad54l2,rhot2,zgc:162872,cdc40,nsa2,fbxo3,mrpl35,ctnnal1,smc4,dffb,ndufc2,rpsa,sqstm1,mphosph10,ciao1,rpl35,ubxn2a,wfs1b,micu2,dpp3,msl2a,ncl,kansl1a,rps6,viml,ap2s1,si:dkey-76k16.6,hspd1,nop58,sltm,siah2l,ankzf1,timm23a,h1-0,ap5z1,kpna7,eif3g,mrpl9,lsm5,glula,apba1b,jph2,eef1da,srp14,rad51d,arl3l2,ints10,setb,rps16,aprt,psma1,hif1al,kif20a,irf3,ppiab,med21,mdh2,wasf1,farp2,ndufb7,atp6v1d,mrpl48,sgce,myh11a,calr3b,tceanc2,tcea1,aqp11,polg,FAR2,slc25a42,mad2l1bp,nol7,gstz1,zgc:92040,zgc:86609,mat2aa,luc7l3,aldh1l2,ssr2,zgc:91910,akap8l,dlc1,cfl1l,nr1d2b,coa3a,ezrb,cdc73,tomm20a,map6a,bin3,rpl18a,paf1,ccdc47,ercc2,atp7a,mrps18a,cpsf2,rad21a,tpte,ints9,dpysl3,COG5,ddx42,frs2b,psma6a,phkg2,dctn3,id2a,btg1,rpl37,psma8,rps8a,luc7l,arhgef38,sfr1,nap1l1,rps14,rsph9,ARHGDIA,capzb,cmya5,fgfr2,ing3,larp6a,ddb1,arpc4l,ap1m1,stxbp1a,znf526,golgb1,leo1,cst3,ptpn21,rps28,uqcrc2b,cstf3,pum1,nop56,uba52,ak3,PSMA4,slc25a46,kars1,cdc23,eif3f,mrpl13,asap1b,cdc42bpb,ap2m1a,rpl35a,rpl28,taf11,rab9b,engase,id3,rbm39b,ppa1b,dync1li1,utp20,zgc:158803,eif5,osbpl9,hnrnph1,spcs3,psmd7,myo1ca,taok3a,si:ch211-253b8.5,id1,rplp1,sesn2,prmt9,ldhbb,spcs2,tubgcp4,gopc,med20,dynll1,haao,zgc:173742,arl6ip5b,ptcd3,cln6b,eno1b,sesn1,prpf8,ppp2r5eb,padi2,map1lc3a,tshz1,rps3,DPYSL2,eif3i,pabpn1,rps19,csnk2a2b,taf1,clgn,MRPS12,gosr2,arpc1b,zgc:152830,sf3a2,skib,aclyb,rpl18,zgc:103759,npepl1,stk38l,hp1bp3,ino80e,syt11b,upf1,psmd13,arpc1a,puf60b,traf2b,rpl31,znf536,cbx5,hmgb1b,scap,ssr4,vipas39,ap1g1,myh7ba,xrcc5,esf1,m6pr,me3,pbx2,rad1,cenpl,srp72,zic2a,cdyl,zgc:77375,sntb2,ppp2r5cb,gfm2,atpaf1,dnmbp,mapre2,EIF4ENIF1,acta2,scp2b,sf3a3,mta2,rnf7,drg1,gtf2f1,siah1,kat6a,nfrkb,dnajb12a,snx7,csgalnact2,MED9,rps21,ap2a1,pbx4,slc25a39,atp5f1e,rpl13,sem1,SNIP1,map6d1,ctnna1,GAS7,ppa2,larp7,irf10,tubgcp5,gcnt3,psap,ino80b,gmfb,tfa,ak4,gemin5,canx,dnajb9a,tesk2,nfu1,tex261,fmnl2b,msrb3,atp6v0a1a,tnnt2d,tegt,pex11b,klc1a,pop1,epdr1,rsad2,med24,orc4,mogat3b,ash1l,cct4,supt7l,eif3bb,arcn1b,khdrbs1a,atoh1c,cdip1,ubtf,cog7,fmnl1a,vdac3,farsa,sox9b,psma3,hnrnpub,rorb,sypl2b,exosc8,plecb,bptf,p4ha2,rb1cc1,dctn2,NFX1,clic4,eif3ha,atl1,dtnbp1b,nbn,phb,rpa2,FARP1,ubap1,ric8a,mdn1,emc6,slka,mief1,ggnbp2,bnip3la,taf9,nup50,cog1,cbx3a,tspy,rc3h1b,si:ch211-257p13.3,trmt61a,u2af2a,PPP1CA,lonp1,inab,sulf1,ylpm1,snw1,trmt10c,srp54,dbnlb,atp13a1,BRK1,dspa,ddc,eif3k,rps24,ankhd1,naa35,rpl14,mid1,UTP14C,rplp2l,recql5,krit1,gstr,rps15a,atg5,arl1,cfap410,ssu72,tpcn1,haus5,irx7,nomo,anapc16,b3gat2,med1,rad17,lamtor1,bxdc2,RIC1,snx12,wash1,zgc:194990,mrpl44,rpl29,eif3s6ip,rnf34b,letm2,glg1a,sncb,parp1,cox6b2,nsl1,ddost,chsy3,dctn4,ash2l,ube2e2,cmtr1,mak16,lmnb2,brcc3,mrpl4,cyp2r1,ppp1r9bb,prmt1,slc7a6os,limk1b,fkbp10b,snu13a,ost4,arnt2,bcar1,prelid3b,tnrc6c2,itpr2,ewsr1b,mylipa,apoda.2,elovl1b,fam120c,picalmb,ndufa3,ctnnbl1,rfxap,zic3,plekha8,gars1,gle1,top3a,zgc:154046,lfng,ap3m2,tor1,vapal,castor2,atp2c1,kbtbd3,ap2b1,bnip3lb,smn1,nefma,pawr,ap4m1,crmp1,esrrb,wdr83os,vps37c,rpl22l1,arhgef18a,ENY2,cstf2,setd7,DYNC1I1,bnip1b,chsy1,ell2,ARHGEF12,KIF21A,snap91b,bcap31,ddit4,unk,otx1,dbi,slc25a36b,ncoa2,snrpg,mfn1b,kat2b,eml3,OGDH,btbd3a,sox10,sos1,sypl1,yipf2,txnrd3,ap1b1,amph,smc1al,themis2,tmed2,foxh1,sox17,golga7,tgm2b,glg1b,pigf,vdac1,ormdl2,zcrb1,tubgcp2,nab2,mdm4,mrpl16,map6b,rab5c,nhp2,kcnab2a,sh3gl1a,alas1,mrps34,ints5,u2af1,nln,copz1,dmtn,vclb,rfx2,zhx3,notch2,vps36,zgc:77752,ssb,ppp1r14ba,scg2b,coa6,hccsb,scarb2c,rab14l,gadd45gb.1,kat2a,gtf2a1l,ppp1r14c,hif1aa,thoc2,mrpl22,sec24d,fis1,rps5,zgc:112334,pbx1b,mrpl15,atp6v1h,ppa1a,cox5ab,sptbn2,gch1,plod2,capns1b,prodha,uso1,eif3jb,nup107,chico,chchd3a,evlb,uacab,vti1a,kdm1a,stx4,sec22c,cry2,rbm8a,sb:cb81,myo18aa,myo3a,ncf1,arpc2,ctnnbip1,mrtfab,polr3d,sertad4,mrps9,AP3B2,mtx1a,OSBPL10,rx1,zgc:63587,cyb5b,vcla,aqr,nelfcd,iffo1b,tprb,egln1a,taf6,irf5,slx1b,hdac6,copa,nfe2l3,psmd1,sec23b,adka,hadhab,si:ch211-160f23.7,irx3a,rorc,gli1,rhobtb4,jak2a,phf20a,polr2j,pagr1,polm,jak2b,rtca,map3k22,gch2,xpc,foxo6b,snapc5,glis2b,tbx20,unc93b1,erlin1,snrpe,PLEKHH3,psma2,dtd1,exoc1,zgc:114119,si:dkey-154p10.3,psmb2,hmgcrb,agfg1b,smarca5,cog3,mlh1,polr2h,ndufa9a,dpysl5b,dock4b,epb41l3b,hnf1a,hars,VASH1,roraa,rnf111,sec31b,chpf2,wasf2,eif3m,klhl4,sec24c,fut11,eloa,mpc1,ssr1,tmed9,arfip2a,mtif3,mrps23,anapc13,emc10,cdkn1bb,map3k21,vps25,ipo11,xrn2,arhgap42b,sec24b,porb,sec24a,maml1,dap3,armc9,neurl1b,ATG14,wtap,anxa4,arhgap17b,c1qbp,pigq,galk2,esrra,calr,gng2,dynlrb1,macroh2a1,APBA3,tex2,AANAT,bnipl,cabp7b,gfap,pfkla,mapk10,gpr137,polr3e,prdm10,neu1,stat4,twnk,jak3,parn,eprs1,rel,slc32a1,ostc,sh3gl2a,RBMS3,sh3pxd2aa,nrsn1,FRMD1,mvb12bb,rdh8a,MTERF4,bri3bp,parga,pgbd5,ero1b,snrnp25,casp9,tmem9,rad50,id4,tcf12,acox1,cdc42,supt16h,atp6v0a1b,atp5pf,kdm5c,TOMM7,DUSP7,ftsj3,kifap3b,si:dkey-19b23.8,avl9,dmap1,sptb,uvrag,crabp2a,farsb,bcorl1,MARF1,utp25,PPP1R1B,setbp1,atp5f1b,pex14,mrpl2,gcfc2,trip4,add2,si:dkey-29b11.3,srp68,rpn2,myo6b,map7d1a,rps4x,pikfyve,myo1ea,syk,slc25a24,RPA1,gtf2h2,bnc2,tbcelb,pex19,emc9,fam50a,hivep3b,cpsf1,UNC119,atg7,ndufb8,wdr36,ugt1a1,ino80c,slc35a3a,tln1,znf652,spi1b,vps4b,sh3gl3a,supt4h1,mnat1,si:ch211-278j3.3,fut8b,gtf2h3,tram2,elovl1a,spc25,nup155,fkbp8,pigh,hm13,ppp1r10,pfkfb3,atg9b,fam193b,selenom,nuf2,ncapd2,drap1,qsox1,rrbp1a,myo1cb,dnmt1,tfap2a,stard3,cttnbp2nla,thop1,dtd2,nfat5b,stox2a,orc5,ARID1B,nip7,ankrd13d,nufip2,chchd6b,cptp,mrps14,grpel1,cltcl1,mrpl32,ints7,dera,larp6b,phtf1,diabloa,pax9,usf1,znf280d,cnksr2b,prorp,si:dkey-156n14.3,ST8SIA3,gal3st4,map3k3,dop1a,spsb3a,eaf2,mgat2,pex3,papolg",868,3769,1987,9946,1.152774007
Nb,Nb_vs_rest,Other species higher,GO:0005737,cytoplasm,GO:CC,3.78E-05,"pdia4,ap5b1,ddit3,cct5,spcs1,ckmt2a,bag1,tomm20b,rars2,rhot2,zgc:162872,fbxo3,ctnnal1,dffb,ndufc2,sqstm1,ciao1,rpl35,ubxn2a,wfs1b,micu2,dpp3,ncl,ap2s1,si:dkey-76k16.6,hspd1,siah2l,ankzf1,timm23a,ap5z1,kpna7,eif3g,glula,apba1b,jph2,eef1da,srp14,arl3l2,aprt,hif1al,kif20a,ppiab,mdh2,ndufb7,atp6v1d,mrpl48,sgce,calr3b,aqp11,polg,FAR2,slc25a42,gstz1,zgc:92040,zgc:86609,mat2aa,aldh1l2,ssr2,zgc:91910,dlc1,coa3a,tomm20a,map6a,bin3,ccdc47,atp7a,tpte,dpysl3,COG5,frs2b,psma6a,phkg2,id2a,btg1,arhgef38,rsph9,ARHGDIA,capzb,cmya5,fgfr2,ap1m1,stxbp1a,golgb1,cst3,uqcrc2b,pum1,ak3,slc25a46,kars1,eif3f,asap1b,cdc42bpb,ap2m1a,rpl28,rab9b,engase,id3,ppa1b,dync1li1,eif5,osbpl9,spcs3,taok3a,si:ch211-253b8.5,id1,ldhbb,spcs2,gopc,haao,arl6ip5b,ptcd3,cln6b,eno1b,sesn1,ppp2r5eb,padi2,map1lc3a,DPYSL2,eif3i,pabpn1,rps19,csnk2a2b,clgn,gosr2,zgc:152830,skib,aclyb,npepl1,stk38l,syt11b,upf1,psmd13,traf2b,scap,ssr4,vipas39,ap1g1,myh7ba,m6pr,me3,srp72,zgc:77375,ppp2r5cb,gfm2,atpaf1,dnmbp,mapre2,EIF4ENIF1,acta2,scp2b,rnf7,drg1,siah1,dnajb12a,snx7,csgalnact2,ap2a1,slc25a39,atp5f1e,GAS7,ppa2,gcnt3,psap,gmfb,tfa,ak4,gemin5,canx,dnajb9a,tesk2,nfu1,tex261,fmnl2b,msrb3,atp6v0a1a,tnnt2d,tegt,pex11b,epdr1,rsad2,mogat3b,cct4,eif3bb,arcn1b,cdip1,cog7,fmnl1a,vdac3,farsa,psma3,sypl2b,plecb,p4ha2,rb1cc1,clic4,eif3ha,atl1,dtnbp1b,phb,FARP1,ubap1,ric8a,emc6,slka,mief1,ggnbp2,bnip3la,cog1,rc3h1b,PPP1CA,lonp1,sulf1,trmt10c,srp54,dbnlb,atp13a1,BRK1,ddc,eif3k,ankhd1,naa35,mid1,rplp2l,gstr,atg5,arl1,tpcn1,nomo,b3gat2,lamtor1,RIC1,snx12,wash1,zgc:194990,mrpl44,eif3s6ip,rnf34b,letm2,glg1a,sncb,cox6b2,ddost,chsy3,cyp2r1,ppp1r9bb,prmt1,slc7a6os,limk1b,fkbp10b,ost4,arnt2,bcar1,prelid3b,tnrc6c2,itpr2,apoda.2,elovl1b,picalmb,ndufa3,plekha8,gars1,zgc:154046,lfng,ap3m2,tor1,vapal,castor2,atp2c1,kbtbd3,ap2b1,bnip3lb,smn1,nefma,pawr,ap4m1,crmp1,wdr83os,vps37c,arhgef18a,bnip1b,chsy1,ARHGEF12,KIF21A,snap91b,bcap31,ddit4,unk,dbi,slc25a36b,mfn1b,OGDH,btbd3a,sox10,sypl1,yipf2,txnrd3,ap1b1,amph,themis2,tmed2,golga7,tgm2b,glg1b,pigf,vdac1,ormdl2,mrpl16,rab5c,kcnab2a,sh3gl1a,alas1,mrps34,nln,copz1,dmtn,vps36,zgc:77752,ppp1r14ba,scg2b,coa6,hccsb,scarb2c,rab14l,ppp1r14c,hif1aa,sec24d,fis1,zgc:112334,atp6v1h,ppa1a,cox5ab,sptbn2,gch1,plod2,capns1b,prodha,uso1,eif3jb,chchd3a,uacab,vti1a,stx4,sec22c,cry2,rbm8a,sb:cb81,ncf1,arpc2,ctnnbip1,AP3B2,mtx1a,OSBPL10,egln1a,irf5,copa,psmd1,sec23b,adka,hadhab,rhobtb4,map3k22,gch2,xpc,foxo6b,unc93b1,erlin1,dtd1,exoc1,psmb2,hmgcrb,agfg1b,cog3,ndufa9a,dpysl5b,dock4b,hars,VASH1,sec31b,chpf2,eif3m,klhl4,sec24c,fut11,mpc1,ssr1,tmed9,arfip2a,mtif3,mrps23,emc10,map3k21,vps25,ipo11,arhgap42b,sec24b,porb,sec24a,dap3,neurl1b,ATG14,anxa4,arhgap17b,c1qbp,pigq,galk2,calr,gng2,APBA3,tex2,AANAT,bnipl,cabp7b,pfkla,mapk10,gpr137,neu1,stat4,twnk,parn,eprs1,rel,slc32a1,ostc,sh3gl2a,RBMS3,sh3pxd2aa,nrsn1,mvb12bb,rdh8a,MTERF4,bri3bp,parga,ero1b,casp9,tmem9,id4,acox1,cdc42,atp6v0a1b,atp5pf,TOMM7,DUSP7,si:dkey-19b23.8,avl9,sptb,uvrag,crabp2a,farsb,MARF1,PPP1R1B,atp5f1b,pex14,si:dkey-29b11.3,srp68,rpn2,myo6b,pikfyve,syk,slc25a24,tbcelb,pex19,emc9,atg7,ndufb8,ugt1a1,slc35a3a,vps4b,sh3gl3a,si:ch211-278j3.3,fut8b,tram2,elovl1a,fkbp8,pigh,hm13,pfkfb3,atg9b,fam193b,selenom,qsox1,rrbp1a,myo1cb,stard3,cttnbp2nla,thop1,dtd2,nfat5b,stox2a,ankrd13d,nufip2,chchd6b,cptp,grpel1,cltcl1,mrpl32,dera,phtf1,diabloa,cnksr2b,prorp,ST8SIA3,gal3st4,map3k3,dop1a,mgat2,pex3",506,3769,1124,9946,1.187972871
Nb,Nb_vs_rest,Other species higher,GO:0043229,intracellular organelle,GO:CC,0.000156988,"pdia4,ubn2b,rpl4,sart3,khdc4,rcl1,rpl6,wrap73,ddit3,itgb1bp1,fancl,nelfe,arpc3,spcs1,ckmt2a,bccip,bag1,tomm20b,mrpl14,rpl11,fam118b,rfxank,hltf,rpl17,rad54l2,rhot2,cdc40,nsa2,mrpl35,smc4,dffb,ndufc2,rpsa,sqstm1,mphosph10,rpl35,ubxn2a,wfs1b,micu2,msl2a,ncl,kansl1a,rps6,viml,ap2s1,si:dkey-76k16.6,hspd1,nop58,sltm,timm23a,h1-0,mrpl9,lsm5,glula,rad51d,arl3l2,ints10,setb,rps16,hif1al,kif20a,irf3,med21,mdh2,wasf1,farp2,ndufb7,atp6v1d,mrpl48,sgce,myh11a,calr3b,tceanc2,tcea1,polg,FAR2,slc25a42,mad2l1bp,nol7,gstz1,zgc:92040,zgc:86609,luc7l3,ssr2,zgc:91910,akap8l,cfl1l,nr1d2b,coa3a,ezrb,cdc73,tomm20a,map6a,rpl18a,paf1,ccdc47,ercc2,atp7a,mrps18a,cpsf2,rad21a,ints9,COG5,ddx42,psma6a,dctn3,btg1,rpl37,rps8a,luc7l,sfr1,nap1l1,rps14,rsph9,capzb,fgfr2,ing3,larp6a,ddb1,arpc4l,ap1m1,stxbp1a,znf526,golgb1,leo1,ptpn21,rps28,uqcrc2b,cstf3,pum1,nop56,uba52,ak3,slc25a46,kars1,cdc23,mrpl13,rpl35a,rpl28,taf11,rab9b,rbm39b,dync1li1,utp20,zgc:158803,osbpl9,hnrnph1,spcs3,myo1ca,rplp1,sesn2,prmt9,spcs2,tubgcp4,gopc,med20,dynll1,zgc:173742,arl6ip5b,ptcd3,cln6b,sesn1,prpf8,ppp2r5eb,map1lc3a,tshz1,rps3,pabpn1,rps19,csnk2a2b,taf1,clgn,MRPS12,gosr2,arpc1b,sf3a2,skib,rpl18,zgc:103759,hp1bp3,ino80e,syt11b,psmd13,arpc1a,puf60b,traf2b,rpl31,znf536,cbx5,hmgb1b,scap,ssr4,ap1g1,myh7ba,xrcc5,esf1,m6pr,me3,pbx2,rad1,cenpl,zic2a,cdyl,zgc:77375,sntb2,ppp2r5cb,gfm2,atpaf1,mapre2,EIF4ENIF1,acta2,sf3a3,mta2,rnf7,gtf2f1,kat6a,nfrkb,dnajb12a,snx7,csgalnact2,MED9,rps21,ap2a1,pbx4,slc25a39,atp5f1e,rpl13,SNIP1,map6d1,ctnna1,GAS7,larp7,irf10,tubgcp5,gcnt3,psap,ino80b,gmfb,tfa,ak4,gemin5,canx,dnajb9a,tesk2,nfu1,tex261,atp6v0a1a,tnnt2d,tegt,pex11b,klc1a,pop1,epdr1,rsad2,med24,orc4,mogat3b,ash1l,supt7l,arcn1b,khdrbs1a,atoh1c,cdip1,ubtf,cog7,vdac3,sox9b,psma3,hnrnpub,rorb,sypl2b,plecb,bptf,p4ha2,dctn2,NFX1,clic4,atl1,nbn,phb,rpa2,FARP1,ubap1,mdn1,emc6,mief1,ggnbp2,bnip3la,taf9,nup50,cog1,cbx3a,tspy,rc3h1b,si:ch211-257p13.3,u2af2a,PPP1CA,lonp1,inab,sulf1,ylpm1,snw1,trmt10c,dbnlb,atp13a1,dspa,rps24,rpl14,mid1,UTP14C,rplp2l,recql5,krit1,rps15a,arl1,cfap410,ssu72,tpcn1,haus5,irx7,nomo,anapc16,b3gat2,med1,rad17,lamtor1,bxdc2,RIC1,snx12,wash1,mrpl44,rpl29,rnf34b,letm2,glg1a,parp1,cox6b2,nsl1,ddost,chsy3,dctn4,ash2l,ube2e2,cmtr1,mak16,lmnb2,brcc3,mrpl4,cyp2r1,ppp1r9bb,prmt1,slc7a6os,limk1b,fkbp10b,snu13a,ost4,arnt2,prelid3b,itpr2,ewsr1b,mylipa,elovl1b,fam120c,picalmb,ndufa3,ctnnbl1,rfxap,zic3,gle1,top3a,zgc:154046,lfng,tor1,vapal,atp2c1,ap2b1,bnip3lb,smn1,nefma,pawr,esrrb,wdr83os,vps37c,rpl22l1,ENY2,cstf2,setd7,DYNC1I1,bnip1b,chsy1,ell2,KIF21A,snap91b,bcap31,otx1,dbi,slc25a36b,ncoa2,snrpg,mfn1b,kat2b,eml3,OGDH,sox10,sos1,sypl1,yipf2,txnrd3,smc1al,themis2,tmed2,foxh1,sox17,golga7,tgm2b,glg1b,pigf,vdac1,ormdl2,zcrb1,tubgcp2,nab2,mdm4,mrpl16,map6b,rab5c,nhp2,sh3gl1a,alas1,mrps34,ints5,u2af1,nln,copz1,dmtn,vclb,rfx2,zhx3,notch2,vps36,ssb,scg2b,coa6,hccsb,scarb2c,rab14l,gadd45gb.1,kat2a,gtf2a1l,hif1aa,thoc2,mrpl22,sec24d,fis1,rps5,zgc:112334,pbx1b,mrpl15,atp6v1h,cox5ab,sptbn2,gch1,plod2,prodha,uso1,nup107,chico,chchd3a,evlb,uacab,vti1a,kdm1a,sec22c,cry2,rbm8a,sb:cb81,myo18aa,myo3a,arpc2,ctnnbip1,mrtfab,polr3d,sertad4,mrps9,mtx1a,rx1,zgc:63587,cyb5b,vcla,aqr,nelfcd,iffo1b,tprb,egln1a,taf6,irf5,slx1b,hdac6,copa,nfe2l3,psmd1,sec23b,adka,hadhab,si:ch211-160f23.7,irx3a,rorc,gli1,rhobtb4,jak2a,phf20a,polr2j,pagr1,polm,jak2b,rtca,xpc,foxo6b,snapc5,glis2b,tbx20,unc93b1,erlin1,snrpe,PLEKHH3,zgc:114119,si:dkey-154p10.3,psmb2,hmgcrb,agfg1b,smarca5,cog3,polr2h,ndufa9a,epb41l3b,hnf1a,roraa,rnf111,sec31b,chpf2,wasf2,sec24c,fut11,eloa,mpc1,ssr1,tmed9,arfip2a,mtif3,mrps23,anapc13,emc10,cdkn1bb,vps25,ipo11,xrn2,sec24b,porb,sec24a,maml1,dap3,armc9,neurl1b,ATG14,wtap,anxa4,c1qbp,pigq,esrra,calr,dynlrb1,macroh2a1,tex2,cabp7b,gfap,gpr137,polr3e,prdm10,neu1,stat4,twnk,jak3,parn,rel,slc32a1,ostc,RBMS3,nrsn1,FRMD1,mvb12bb,MTERF4,bri3bp,parga,pgbd5,ero1b,snrnp25,tmem9,rad50,tcf12,acox1,supt16h,atp6v0a1b,atp5pf,kdm5c,TOMM7,ftsj3,kifap3b,si:dkey-19b23.8,dmap1,sptb,uvrag,crabp2a,bcorl1,MARF1,utp25,setbp1,atp5f1b,pex14,mrpl2,gcfc2,trip4,add2,si:dkey-29b11.3,srp68,rpn2,myo6b,map7d1a,rps4x,myo1ea,slc25a24,RPA1,gtf2h2,bnc2,pex19,emc9,fam50a,hivep3b,cpsf1,UNC119,ndufb8,wdr36,ugt1a1,ino80c,slc35a3a,tln1,znf652,spi1b,vps4b,supt4h1,mnat1,fut8b,gtf2h3,tram2,elovl1a,spc25,nup155,fkbp8,pigh,hm13,ppp1r10,atg9b,fam193b,selenom,nuf2,ncapd2,drap1,qsox1,rrbp1a,myo1cb,dnmt1,tfap2a,stard3,cttnbp2nla,thop1,nfat5b,stox2a,orc5,ARID1B,nip7,ankrd13d,nufip2,chchd6b,mrps14,grpel1,cltcl1,mrpl32,ints7,larp6b,phtf1,diabloa,pax9,usf1,znf280d,prorp,si:dkey-156n14.3,ST8SIA3,gal3st4,dop1a,spsb3a,eaf2,mgat2,pex3,papolg",703,3769,1626,9946,1.140925012
Nb,Nb_vs_rest,Other species higher,GO:0043226,organelle,GO:CC,0.00038244,"pdia4,ubn2b,rpl4,sart3,khdc4,rcl1,rpl6,wrap73,ddit3,itgb1bp1,fancl,nelfe,arpc3,spcs1,ckmt2a,bccip,bag1,tomm20b,mrpl14,rpl11,fam118b,rfxank,hltf,rpl17,rad54l2,rhot2,cdc40,nsa2,mrpl35,smc4,dffb,ndufc2,rpsa,sqstm1,mphosph10,rpl35,ubxn2a,wfs1b,micu2,msl2a,ncl,kansl1a,rps6,viml,ap2s1,si:dkey-76k16.6,hspd1,nop58,sltm,timm23a,h1-0,mrpl9,lsm5,glula,rad51d,arl3l2,ints10,setb,rps16,hif1al,kif20a,irf3,med21,mdh2,wasf1,farp2,ndufb7,atp6v1d,mrpl48,sgce,myh11a,calr3b,tceanc2,tcea1,polg,FAR2,slc25a42,mad2l1bp,nol7,gstz1,zgc:92040,zgc:86609,luc7l3,ssr2,zgc:91910,akap8l,cfl1l,nr1d2b,coa3a,ezrb,cdc73,tomm20a,map6a,rpl18a,paf1,ccdc47,ercc2,atp7a,mrps18a,cpsf2,rad21a,ints9,COG5,ddx42,psma6a,dctn3,btg1,rpl37,rps8a,luc7l,sfr1,nap1l1,rps14,rsph9,capzb,fgfr2,ing3,larp6a,ddb1,arpc4l,ap1m1,stxbp1a,znf526,golgb1,leo1,cst3,ptpn21,rps28,uqcrc2b,cstf3,pum1,nop56,uba52,ak3,slc25a46,kars1,cdc23,mrpl13,rpl35a,rpl28,taf11,rab9b,rbm39b,dync1li1,utp20,zgc:158803,osbpl9,hnrnph1,spcs3,myo1ca,rplp1,sesn2,prmt9,spcs2,tubgcp4,gopc,med20,dynll1,zgc:173742,arl6ip5b,ptcd3,cln6b,sesn1,prpf8,ppp2r5eb,map1lc3a,tshz1,rps3,pabpn1,rps19,csnk2a2b,taf1,clgn,MRPS12,gosr2,arpc1b,sf3a2,skib,rpl18,zgc:103759,hp1bp3,ino80e,syt11b,psmd13,arpc1a,puf60b,traf2b,rpl31,znf536,cbx5,hmgb1b,scap,ssr4,ap1g1,myh7ba,xrcc5,esf1,m6pr,me3,pbx2,rad1,cenpl,zic2a,cdyl,zgc:77375,sntb2,ppp2r5cb,gfm2,atpaf1,mapre2,EIF4ENIF1,acta2,sf3a3,mta2,rnf7,gtf2f1,kat6a,nfrkb,dnajb12a,snx7,csgalnact2,MED9,rps21,ap2a1,pbx4,ttc8,slc25a39,atp5f1e,rpl13,SNIP1,map6d1,ctnna1,GAS7,larp7,irf10,tubgcp5,gcnt3,psap,ino80b,gmfb,tfa,ak4,gemin5,canx,dnajb9a,tesk2,nfu1,tex261,atp6v0a1a,tnnt2d,tegt,pex11b,klc1a,pop1,epdr1,rsad2,med24,orc4,mogat3b,ash1l,supt7l,arcn1b,khdrbs1a,atoh1c,cdip1,ubtf,cog7,vdac3,sox9b,psma3,hnrnpub,rorb,sypl2b,plecb,bptf,p4ha2,dctn2,NFX1,clic4,atl1,nbn,phb,rpa2,FARP1,ubap1,mdn1,emc6,mief1,ggnbp2,bnip3la,taf9,nup50,cog1,cbx3a,tspy,rc3h1b,si:ch211-257p13.3,u2af2a,PPP1CA,lonp1,inab,sulf1,ylpm1,snw1,trmt10c,dbnlb,atp13a1,dspa,rps24,rpl14,mid1,UTP14C,rplp2l,recql5,krit1,rps15a,arl1,cfap410,ssu72,tpcn1,haus5,irx7,nomo,anapc16,b3gat2,med1,rad17,lamtor1,bxdc2,RIC1,snx12,wash1,mrpl44,rpl29,rnf34b,letm2,glg1a,parp1,cox6b2,nsl1,ddost,chsy3,dctn4,ash2l,ube2e2,cmtr1,mak16,lmnb2,brcc3,mrpl4,cyp2r1,ppp1r9bb,prmt1,slc7a6os,limk1b,fkbp10b,snu13a,ost4,arnt2,prelid3b,itpr2,ewsr1b,mylipa,elovl1b,fam120c,picalmb,ndufa3,ctnnbl1,rfxap,zic3,gle1,top3a,zgc:154046,lfng,tor1,vapal,atp2c1,ap2b1,bnip3lb,smn1,nefma,pawr,esrrb,wdr83os,vps37c,rpl22l1,ENY2,cstf2,setd7,DYNC1I1,bnip1b,chsy1,ell2,KIF21A,snap91b,bcap31,otx1,dbi,slc25a36b,ncoa2,snrpg,mfn1b,kat2b,eml3,OGDH,sox10,sos1,sypl1,yipf2,txnrd3,smc1al,themis2,tmed2,foxh1,sox17,golga7,tgm2b,glg1b,pigf,vdac1,ormdl2,zcrb1,tubgcp2,nab2,mdm4,mrpl16,map6b,rab5c,nhp2,sh3gl1a,alas1,mrps34,ints5,u2af1,nln,copz1,dmtn,vclb,rfx2,zhx3,notch2,vps36,ssb,scg2b,coa6,hccsb,scarb2c,rab14l,gadd45gb.1,kat2a,gtf2a1l,hif1aa,thoc2,mrpl22,sec24d,fis1,rps5,zgc:112334,pbx1b,mrpl15,atp6v1h,cox5ab,sptbn2,gch1,plod2,prodha,uso1,grin1a,nup107,chico,chchd3a,evlb,uacab,vti1a,kdm1a,sec22c,cry2,rbm8a,sb:cb81,myo18aa,myo3a,arpc2,ctnnbip1,mrtfab,polr3d,sertad4,mrps9,mtx1a,rx1,zgc:63587,cyb5b,vcla,aqr,nelfcd,iffo1b,tprb,egln1a,taf6,irf5,slx1b,hdac6,copa,nfe2l3,psmd1,sec23b,adka,hadhab,si:ch211-160f23.7,irx3a,rorc,gli1,rhobtb4,jak2a,phf20a,polr2j,pagr1,polm,jak2b,rtca,xpc,foxo6b,snapc5,glis2b,tbx20,unc93b1,erlin1,snrpe,PLEKHH3,zgc:114119,si:dkey-154p10.3,psmb2,hmgcrb,agfg1b,smarca5,cog3,polr2h,ndufa9a,epb41l3b,hnf1a,roraa,rnf111,sec31b,chpf2,wasf2,sec24c,fut11,eloa,mpc1,ssr1,tmed9,arfip2a,mtif3,mrps23,anapc13,emc10,cdkn1bb,vps25,ipo11,xrn2,sec24b,porb,sec24a,maml1,dap3,armc9,neurl1b,ATG14,wtap,anxa4,c1qbp,pigq,esrra,calr,dynlrb1,macroh2a1,tex2,cabp7b,gfap,gpr137,polr3e,prdm10,neu1,stat4,twnk,jak3,parn,rel,slc32a1,ostc,RBMS3,nrsn1,FRMD1,mvb12bb,MTERF4,bri3bp,parga,pgbd5,ero1b,snrnp25,tmem9,rad50,tcf12,acox1,supt16h,atp6v0a1b,atp5pf,kdm5c,TOMM7,ftsj3,kifap3b,grm1a,si:dkey-19b23.8,dmap1,sptb,uvrag,crabp2a,bcorl1,MARF1,utp25,setbp1,atp5f1b,pex14,mrpl2,gcfc2,trip4,add2,si:dkey-29b11.3,srp68,rpn2,myo6b,map7d1a,rps4x,myo1ea,slc25a24,RPA1,gtf2h2,bnc2,pex19,emc9,fam50a,hivep3b,cpsf1,UNC119,ndufb8,wdr36,ugt1a1,ino80c,slc35a3a,tln1,znf652,spi1b,vps4b,supt4h1,mnat1,fut8b,gtf2h3,tram2,elovl1a,spc25,nup155,fkbp8,pigh,hm13,ppp1r10,atg9b,fam193b,selenom,nuf2,ncapd2,drap1,qsox1,rrbp1a,myo1cb,dnmt1,tfap2a,stard3,cttnbp2nla,thop1,nfat5b,stox2a,orc5,ARID1B,nip7,ankrd13d,nufip2,chchd6b,mrps14,grpel1,cltcl1,mrpl32,ints7,larp6b,phtf1,diabloa,pax9,usf1,znf280d,prorp,si:dkey-156n14.3,ST8SIA3,gal3st4,dop1a,spsb3a,eaf2,mgat2,pex3,papolg",707,3769,1647,9946,1.132786676
Nb,Nb_vs_rest,Other species higher,GO:0043231,intracellular membrane-bounded organelle,GO:CC,0.00102342,"pdia4,ubn2b,sart3,khdc4,rcl1,ddit3,fancl,nelfe,spcs1,ckmt2a,bag1,tomm20b,fam118b,rfxank,hltf,rad54l2,rhot2,cdc40,nsa2,smc4,dffb,ndufc2,sqstm1,mphosph10,ubxn2a,wfs1b,micu2,ncl,kansl1a,ap2s1,si:dkey-76k16.6,hspd1,nop58,sltm,timm23a,lsm5,glula,rad51d,ints10,setb,hif1al,kif20a,irf3,med21,mdh2,ndufb7,atp6v1d,mrpl48,sgce,calr3b,tceanc2,tcea1,polg,FAR2,slc25a42,mad2l1bp,nol7,gstz1,zgc:92040,zgc:86609,luc7l3,ssr2,zgc:91910,akap8l,nr1d2b,coa3a,cdc73,tomm20a,map6a,paf1,ccdc47,ercc2,atp7a,cpsf2,ints9,COG5,ddx42,psma6a,btg1,luc7l,sfr1,nap1l1,fgfr2,ing3,larp6a,ddb1,ap1m1,stxbp1a,znf526,golgb1,leo1,uqcrc2b,cstf3,nop56,ak3,slc25a46,kars1,cdc23,taf11,rab9b,rbm39b,utp20,zgc:158803,osbpl9,hnrnph1,spcs3,sesn2,prmt9,spcs2,gopc,med20,arl6ip5b,ptcd3,cln6b,sesn1,prpf8,ppp2r5eb,map1lc3a,tshz1,pabpn1,csnk2a2b,taf1,clgn,gosr2,sf3a2,skib,zgc:103759,ino80e,syt11b,psmd13,puf60b,traf2b,znf536,cbx5,hmgb1b,scap,ssr4,ap1g1,xrcc5,esf1,m6pr,me3,pbx2,rad1,cenpl,zic2a,cdyl,zgc:77375,ppp2r5cb,gfm2,atpaf1,EIF4ENIF1,sf3a3,mta2,rnf7,gtf2f1,nfrkb,dnajb12a,snx7,csgalnact2,MED9,ap2a1,pbx4,slc25a39,atp5f1e,SNIP1,GAS7,larp7,irf10,gcnt3,psap,ino80b,tfa,ak4,gemin5,canx,dnajb9a,tesk2,nfu1,tex261,atp6v0a1a,tegt,pex11b,pop1,epdr1,rsad2,med24,orc4,mogat3b,ash1l,supt7l,arcn1b,khdrbs1a,atoh1c,cdip1,ubtf,cog7,vdac3,sox9b,psma3,hnrnpub,rorb,sypl2b,bptf,p4ha2,NFX1,clic4,atl1,nbn,phb,rpa2,ubap1,mdn1,emc6,mief1,ggnbp2,bnip3la,taf9,nup50,cog1,cbx3a,tspy,u2af2a,PPP1CA,lonp1,sulf1,ylpm1,snw1,trmt10c,dbnlb,atp13a1,UTP14C,arl1,cfap410,ssu72,tpcn1,irx7,nomo,anapc16,b3gat2,med1,rad17,lamtor1,bxdc2,RIC1,snx12,wash1,mrpl44,rnf34b,letm2,glg1a,parp1,cox6b2,ddost,chsy3,ash2l,ube2e2,cmtr1,mak16,lmnb2,brcc3,cyp2r1,prmt1,slc7a6os,limk1b,fkbp10b,snu13a,ost4,arnt2,prelid3b,itpr2,ewsr1b,elovl1b,fam120c,picalmb,ndufa3,ctnnbl1,rfxap,zic3,gle1,zgc:154046,lfng,tor1,vapal,atp2c1,ap2b1,bnip3lb,smn1,esrrb,wdr83os,vps37c,rpl22l1,ENY2,cstf2,bnip1b,chsy1,ell2,snap91b,bcap31,otx1,dbi,slc25a36b,ncoa2,snrpg,mfn1b,kat2b,OGDH,sox10,sypl1,yipf2,txnrd3,themis2,tmed2,foxh1,sox17,golga7,tgm2b,glg1b,pigf,vdac1,ormdl2,zcrb1,nab2,mdm4,mrpl16,rab5c,nhp2,sh3gl1a,alas1,mrps34,ints5,u2af1,nln,copz1,rfx2,zhx3,notch2,vps36,ssb,scg2b,coa6,hccsb,scarb2c,rab14l,gadd45gb.1,kat2a,gtf2a1l,hif1aa,thoc2,sec24d,fis1,zgc:112334,pbx1b,atp6v1h,cox5ab,gch1,plod2,prodha,uso1,nup107,chico,chchd3a,uacab,vti1a,kdm1a,sec22c,cry2,rbm8a,sb:cb81,ctnnbip1,mrtfab,polr3d,sertad4,mtx1a,rx1,cyb5b,aqr,nelfcd,tprb,egln1a,taf6,irf5,slx1b,hdac6,copa,nfe2l3,psmd1,sec23b,adka,hadhab,si:ch211-160f23.7,irx3a,rorc,gli1,rhobtb4,phf20a,polr2j,pagr1,polm,rtca,xpc,foxo6b,snapc5,glis2b,tbx20,unc93b1,erlin1,snrpe,zgc:114119,si:dkey-154p10.3,psmb2,hmgcrb,agfg1b,smarca5,cog3,polr2h,ndufa9a,hnf1a,roraa,rnf111,sec31b,chpf2,sec24c,fut11,eloa,mpc1,ssr1,tmed9,arfip2a,mtif3,mrps23,anapc13,emc10,cdkn1bb,vps25,ipo11,xrn2,sec24b,porb,sec24a,maml1,dap3,neurl1b,ATG14,wtap,anxa4,c1qbp,pigq,esrra,calr,tex2,cabp7b,gpr137,polr3e,prdm10,neu1,stat4,twnk,parn,rel,slc32a1,ostc,RBMS3,nrsn1,mvb12bb,MTERF4,bri3bp,parga,pgbd5,ero1b,snrnp25,tmem9,rad50,tcf12,acox1,supt16h,atp6v0a1b,atp5pf,kdm5c,TOMM7,ftsj3,si:dkey-19b23.8,dmap1,uvrag,crabp2a,bcorl1,MARF1,utp25,setbp1,atp5f1b,pex14,gcfc2,trip4,srp68,rpn2,slc25a24,RPA1,gtf2h2,bnc2,pex19,emc9,fam50a,hivep3b,cpsf1,ndufb8,wdr36,ugt1a1,ino80c,slc35a3a,znf652,spi1b,vps4b,supt4h1,mnat1,fut8b,gtf2h3,tram2,elovl1a,nup155,fkbp8,pigh,hm13,ppp1r10,atg9b,fam193b,selenom,ncapd2,drap1,qsox1,rrbp1a,dnmt1,tfap2a,stard3,thop1,nfat5b,stox2a,orc5,ARID1B,nip7,ankrd13d,nufip2,chchd6b,grpel1,cltcl1,mrpl32,ints7,larp6b,phtf1,diabloa,pax9,usf1,znf280d,prorp,si:dkey-156n14.3,ST8SIA3,gal3st4,dop1a,spsb3a,eaf2,mgat2,pex3,papolg",562,3769,1296,9946,1.144336186
Nb,Nb_vs_rest,Other species higher,GO:0043227,membrane-bounded organelle,GO:CC,0.001549376,"pdia4,ubn2b,sart3,khdc4,rcl1,ddit3,fancl,nelfe,spcs1,ckmt2a,bag1,tomm20b,fam118b,rfxank,hltf,rad54l2,rhot2,cdc40,nsa2,smc4,dffb,ndufc2,sqstm1,mphosph10,ubxn2a,wfs1b,micu2,ncl,kansl1a,ap2s1,si:dkey-76k16.6,hspd1,nop58,sltm,timm23a,lsm5,glula,rad51d,ints10,setb,hif1al,kif20a,irf3,med21,mdh2,ndufb7,atp6v1d,mrpl48,sgce,calr3b,tceanc2,tcea1,polg,FAR2,slc25a42,mad2l1bp,nol7,gstz1,zgc:92040,zgc:86609,luc7l3,ssr2,zgc:91910,akap8l,nr1d2b,coa3a,cdc73,tomm20a,map6a,paf1,ccdc47,ercc2,atp7a,cpsf2,ints9,COG5,ddx42,psma6a,btg1,luc7l,sfr1,nap1l1,rsph9,fgfr2,ing3,larp6a,ddb1,ap1m1,stxbp1a,znf526,golgb1,leo1,cst3,uqcrc2b,cstf3,nop56,ak3,slc25a46,kars1,cdc23,taf11,rab9b,rbm39b,utp20,zgc:158803,osbpl9,hnrnph1,spcs3,sesn2,prmt9,spcs2,gopc,med20,arl6ip5b,ptcd3,cln6b,sesn1,prpf8,ppp2r5eb,map1lc3a,tshz1,pabpn1,csnk2a2b,taf1,clgn,gosr2,sf3a2,skib,zgc:103759,ino80e,syt11b,psmd13,puf60b,traf2b,znf536,cbx5,hmgb1b,scap,ssr4,ap1g1,xrcc5,esf1,m6pr,me3,pbx2,rad1,cenpl,zic2a,cdyl,zgc:77375,ppp2r5cb,gfm2,atpaf1,EIF4ENIF1,sf3a3,mta2,rnf7,gtf2f1,nfrkb,dnajb12a,snx7,csgalnact2,MED9,ap2a1,pbx4,ttc8,slc25a39,atp5f1e,SNIP1,GAS7,larp7,irf10,gcnt3,psap,ino80b,tfa,ak4,gemin5,canx,dnajb9a,tesk2,nfu1,tex261,atp6v0a1a,tegt,pex11b,pop1,epdr1,rsad2,med24,orc4,mogat3b,ash1l,supt7l,arcn1b,khdrbs1a,atoh1c,cdip1,ubtf,cog7,vdac3,sox9b,psma3,hnrnpub,rorb,sypl2b,bptf,p4ha2,NFX1,clic4,atl1,nbn,phb,rpa2,ubap1,mdn1,emc6,mief1,ggnbp2,bnip3la,taf9,nup50,cog1,cbx3a,tspy,u2af2a,PPP1CA,lonp1,sulf1,ylpm1,snw1,trmt10c,dbnlb,atp13a1,UTP14C,arl1,cfap410,ssu72,tpcn1,irx7,nomo,anapc16,b3gat2,med1,rad17,lamtor1,bxdc2,RIC1,snx12,wash1,mrpl44,rnf34b,letm2,glg1a,parp1,cox6b2,ddost,chsy3,ash2l,ube2e2,cmtr1,mak16,lmnb2,brcc3,cyp2r1,prmt1,slc7a6os,limk1b,fkbp10b,snu13a,ost4,arnt2,prelid3b,itpr2,ewsr1b,elovl1b,fam120c,picalmb,ndufa3,ctnnbl1,rfxap,zic3,gle1,zgc:154046,lfng,tor1,vapal,atp2c1,ap2b1,bnip3lb,smn1,esrrb,wdr83os,vps37c,rpl22l1,ENY2,cstf2,bnip1b,chsy1,ell2,snap91b,bcap31,otx1,dbi,slc25a36b,ncoa2,snrpg,mfn1b,kat2b,OGDH,sox10,sypl1,yipf2,txnrd3,themis2,tmed2,foxh1,sox17,golga7,tgm2b,glg1b,pigf,vdac1,ormdl2,zcrb1,nab2,mdm4,mrpl16,rab5c,nhp2,sh3gl1a,alas1,mrps34,ints5,u2af1,nln,copz1,rfx2,zhx3,notch2,vps36,ssb,scg2b,coa6,hccsb,scarb2c,rab14l,gadd45gb.1,kat2a,gtf2a1l,hif1aa,thoc2,sec24d,fis1,zgc:112334,pbx1b,atp6v1h,cox5ab,gch1,plod2,prodha,uso1,nup107,chico,chchd3a,uacab,vti1a,kdm1a,sec22c,cry2,rbm8a,sb:cb81,ctnnbip1,mrtfab,polr3d,sertad4,mtx1a,rx1,zgc:63587,cyb5b,aqr,nelfcd,tprb,egln1a,taf6,irf5,slx1b,hdac6,copa,nfe2l3,psmd1,sec23b,adka,hadhab,si:ch211-160f23.7,irx3a,rorc,gli1,rhobtb4,phf20a,polr2j,pagr1,polm,rtca,xpc,foxo6b,snapc5,glis2b,tbx20,unc93b1,erlin1,snrpe,zgc:114119,si:dkey-154p10.3,psmb2,hmgcrb,agfg1b,smarca5,cog3,polr2h,ndufa9a,hnf1a,roraa,rnf111,sec31b,chpf2,sec24c,fut11,eloa,mpc1,ssr1,tmed9,arfip2a,mtif3,mrps23,anapc13,emc10,cdkn1bb,vps25,ipo11,xrn2,sec24b,porb,sec24a,maml1,dap3,armc9,neurl1b,ATG14,wtap,anxa4,c1qbp,pigq,esrra,calr,tex2,cabp7b,gpr137,polr3e,prdm10,neu1,stat4,twnk,parn,rel,slc32a1,ostc,RBMS3,nrsn1,mvb12bb,MTERF4,bri3bp,parga,pgbd5,ero1b,snrnp25,tmem9,rad50,tcf12,acox1,supt16h,atp6v0a1b,atp5pf,kdm5c,TOMM7,ftsj3,si:dkey-19b23.8,dmap1,uvrag,crabp2a,bcorl1,MARF1,utp25,setbp1,atp5f1b,pex14,gcfc2,trip4,srp68,rpn2,slc25a24,RPA1,gtf2h2,bnc2,pex19,emc9,fam50a,hivep3b,cpsf1,ndufb8,wdr36,ugt1a1,ino80c,slc35a3a,znf652,spi1b,vps4b,supt4h1,mnat1,fut8b,gtf2h3,tram2,elovl1a,nup155,fkbp8,pigh,hm13,ppp1r10,atg9b,fam193b,selenom,ncapd2,drap1,qsox1,rrbp1a,dnmt1,tfap2a,stard3,thop1,nfat5b,stox2a,orc5,ARID1B,nip7,ankrd13d,nufip2,chchd6b,grpel1,cltcl1,mrpl32,ints7,larp6b,phtf1,diabloa,pax9,usf1,znf280d,prorp,si:dkey-156n14.3,ST8SIA3,gal3st4,dop1a,spsb3a,eaf2,mgat2,pex3,papolg",567,3769,1314,9946,1.13870181
On,On_vs_rest,On higher,GO:0019538,protein metabolic process,GO:BP,0.004312342,"eif2a,cars2,rps19,gars1,ttll9,pdia4,rbp3,eif3f,hspd1,si:ch1073-280e3.1,anapc16,metap2b,dpep2,nek12,rps8a,herc2,grk1a,flt4,usp53b,rpl35,gemin5,rpl11,rpl14,hsp90ab1,eif3bb,rps14,rpl18,rps3,prkar1ab,cdkl1,rpl18a,taok2b,tpgs2,rps24,cct4,rps6,dpp6a,cpo,si:ch211-63o20.7,rpl13,ppiab,rps28,rpl4,rps4x,usp45,rpl31,rpsa,rps16,rps6ka1,stk11,rpl35a,skp1,lnpep,rplp1,cct5,ptpn1,rpl17,psmb2,ptpdc1b,kdr,FYN,pbk,eif5,akt3a,rps15a,phkg2,tbk1,uba52,stk24b,kita,prmt1,eif2s2,aup1,rpl36,cct3,pdpk1b,yme1l1b,kbtbd3,usp8,mmp2,mrpl4,tfa,rpl6,immp1l,otub1b,uchl1,ubr2,rpl29,mapk6,mars1,RPL19,usp47,PRKD3,YES1,ctsf,psmd1,nln,apeh,rpl28,dnaja2b,apoa1b,mrpl36,ctsba,cct6a,pigh,usp2a,sars2,lyn,cdc42bpb,dnaja2a,eef1g,eef2k,dyrk1ab,triob,vbp1,tsg101a,ece2b,psma8,eif3k,adamts17,aatkb,eprs1,timp2b,dusp8a,grk7a,eef1da,pdzrn3b,clk2a,uqcrc2b,rpl37,ptpn6,mindy4b,proza,ppm1na,rpl22l1,yme1l1a,fgfr2,adamts9,mms19,dad1,bap1,ctsc,taok3a,canx,pkn1a,RANBP2,ptpn13,bmp1a,pum1,dusp12,nars1,adam22,tbca,cdk12,lmf2a,pkn1b,fbxo25,CSK,ppid,rock2a,ppme1,map2k4b,usp7,rock1,cul1b,rps21,jak2a,tgfbr2a,tlk1b,braf,ubr3,epha4b,pak2b,PSMA4,tnrc6c2,kars1,setd4,usp46,riok3,cul4a,psma2,prkar2aa,arih2,siah2l,ppm1lb,fkbp8,myo3a,psma3,pdgfrb,PTK7,adam8b,eef1b2,ppm1bb,vars2,si:ch211-278j3.3,farsb,yrk,ctsa,cwc27,ppib,itchb,ubxn2a,tpp1,dnajb11,mylka,thop1,mrpl44,prkaa2,prpf4bb,prkcda,hars,lgmn,mapkapk3,prkd2,rngtt,lmtk2,MRPS12,trioa,ptpn23a,usp33,oga,lars1b,sars1,sik3,rplp2l,rnf103,dyrk1b,scpep1,taok1a,rnf8,si:ch211-256m1.8,ppm1ba,drg1,rfwd3,srpk3,brsk2b,psmd13,ero1b,rps6kc1,acvrl1,csnk2a2a,blmh,spsb3a,ube4b,cdc42bpab,stub1,nmt1a,xylt1,prcp,calr3b,myrf,pfdn1,zgc:152830,acvr2aa,slka,ILK,ubap1,gc2,calr,csf1ra,pim2,aurkaip1,vrk2,nek7,fnta,tgm1l1,rnf7,hce2l2,TINAGL1,siah1,pgpep1l,mkrn2,casp9,rpl23a,agbl5,mrps9,csnk2a2b,mib2,mrpl2,etf1a,fynb,CPEB4,tufm,mrpl16,wwp1,UBE3A,zgc:110239,tesk2,cbll1,ppm1h,adamts14,ace2,ACVR1C,usp2b,ssh1a,limk1b,dstyk,ccnyl1,USP34,hm13,ptpn11a,tgm2b,egfra,cdk10,stk16,znf598,EARS2,plat,erlec1,usp25,grk4,denr,map3k22,lonp1,fxr1,dusp16,pcsk5b,npepl1,farsa,zmp:0000000524,eif2d,ufl1,msrb3,pkig,ace,dapk2b,epha3,tab1,fkbp10b,adam10b,adam17a,rnf144aa,ADAMTS5,psmf1,clk4a,tyro3,stk10,ptprsa,MAP2K6,mrps11,brcc3,klhl21,ppm1da,ret,jak2b,usp38,sik2b,adamts15b,agtpbp1,ptpn9a,ube3b,mib1,edem3,dpp9,prkchb,irbpl,usp21,ATE1,PAIP2B,mapk14b,tmub1,epha2b,ptpn2b,mmp15a,usp1,usp9,ptpn9b,aatka,dpep1,ctsh,stk25b,bsk146,ptp4a2a",373,2585,1177,9946,1.219327241
On,On_vs_rest,On higher,GO:0006412,translation,GO:BP,0.031145191,"eif2a,cars2,rps19,gars1,eif3f,rps8a,rpl35,gemin5,rpl11,rpl14,eif3bb,rps14,rpl18,rps3,rpl18a,rps24,rps6,rpl13,rps28,rpl4,rps4x,rpl31,rpsa,rps16,rpl35a,rplp1,rpl17,eif5,rps15a,uba52,eif2s2,rpl36,mrpl4,rpl6,rpl29,mars1,RPL19,rpl28,mrpl36,sars2,eef1g,eef2k,eif3k,eprs1,eef1da,rpl37,rpl22l1,pum1,nars1,rps21,tnrc6c2,kars1,eef1b2,vars2,farsb,mrpl44,hars,MRPS12,lars1b,sars1,rplp2l,si:ch211-256m1.8,drg1,rpl23a,mrps9,mrpl2,etf1a,CPEB4,tufm,mrpl16,znf598,EARS2,denr,fxr1,farsa,eif2d,mrps11,PAIP2B",78,2585,201,9946,1.493091602
On,On_vs_rest,On higher,GO:0160307,protein biosynthetic process,GO:BP,0.031145191,"eif2a,cars2,rps19,gars1,eif3f,rps8a,rpl35,gemin5,rpl11,rpl14,eif3bb,rps14,rpl18,rps3,rpl18a,rps24,rps6,rpl13,rps28,rpl4,rps4x,rpl31,rpsa,rps16,rpl35a,rplp1,rpl17,eif5,rps15a,uba52,eif2s2,rpl36,mrpl4,rpl6,rpl29,mars1,RPL19,rpl28,mrpl36,sars2,eef1g,eef2k,eif3k,eprs1,eef1da,rpl37,rpl22l1,pum1,nars1,rps21,tnrc6c2,kars1,eef1b2,vars2,farsb,mrpl44,hars,MRPS12,lars1b,sars1,rplp2l,si:ch211-256m1.8,drg1,rpl23a,mrps9,mrpl2,etf1a,CPEB4,tufm,mrpl16,znf598,EARS2,denr,fxr1,farsa,eif2d,mrps11,PAIP2B",78,2585,201,9946,1.493091602
On,On_vs_rest,On higher,GO:0005622,intracellular anatomical structure,GO:CC,0.001158744,"zwilch,snu13a,srp54,rps19,sqstm1,gars1,supt7l,si:dkey-76k16.5,pdia4,snrnp25,hif1al,mlh1,eif3f,p4ha2,cdc73,cenpl,hspd1,pbx1b,ddx42,taf11,anapc16,mphosph10,pdcd11,aqp11,mdh2,myh7ba,rps8a,unk,btg1,dffb,viml,ak3,rpl35,gemin5,rad51d,rpl11,ap1m1,rpl14,atoh1c,csgalnact2,eif3bb,sptb,exosc8,rps14,rpl18,eno1b,rps3,ubtf,rpl18a,polr2h,rps24,acta2,cct4,glula,rps6,cox6b2,sem1,rpl13,hnrnpub,eif3ha,ppiab,rps28,zcrb1,rpl4,rps4x,cox5ab,utp20,rpl31,rpsa,rps16,rpl35a,myh11a,akap8l,usf1,tprb,rplp1,ino80b,cct5,spcs3,coq4,rpl17,snw1,ncl,psmb2,h1-0,slc25a39,copa,arpc2,gtf2h3,scap,gstr,zgc:77375,taldo1,pex3,eif5,kcnab2a,rps15a,anxa4,elovl1b,fis1,phkg2,cbx3a,uba52,cpsf1,mrtfab,prmt1,map7d1a,rpl36,sesn1,hoga1,bcap31,akt1s1,tshz1,kbtbd3,notch2,rhobtb4,cbx5,rbm8a,luc7l3,alas1,ndufa9a,smarca5,prpf8,supt16h,mrpl4,tfa,rpl6,tcf12,pbx1a,clns1a,tmed9,myo1ca,rpl29,nol7,ppp2r5cb,RPL19,id2a,emc10,thoc2,chst6,atl1,eif3m,psmd1,nln,pawr,rorc,zgc:73226,vdac1,itpr2,TPM1,fmnl1a,smc1al,ATG14,rpl28,ldhbb,ddost,slc25a46,rpl7,u2af1,picalmb,mrpl36,capzb,vps54,rab14l,eif3jb,kat6a,eloa,aclyb,rab5c,luc7l,xrn2,ftsj3,ap2m1a,pigh,atp6v0a1a,dmtn,eif3i,prodha,ankhd1,cpsf2,cfl1l,esf1,adss1,gtf2f1,erlin1,cdc42bpb,ash1l,polr3e,gng2,nop56,arl6ip5b,psma8,eif3k,zgc:158803,eprs1,nr1d4b,txnrd3,sf3b3,gch1,OGDH,arpc1b,nsa2,dynll1,rdh8a,eef1da,tomm20a,ccdc47,rad21a,uqcrc2b,zgc:63587,rpl37,wdr36,si:ch211-253b8.5,dctn2,skib,hadhab,SNIP1,rpl22l1,fgfr2,u2af2a,arnt2,chchd3a,dad1,fancl,leo1,mta2,map6b,phf20a,tomm20b,ndufb8,eif3eb,taok3a,canx,parga,ptpn13,dynlrb1,pum1,ddb1,vps4b,khdrbs1a,plecb,sox10,kat2b,tsc2,sf3a3,id3,arcn1b,rorcb,asap1b,bsg,zic1,taf1,dbi,ell2,fbxo25,elovl1a,slc7a6os,rorb,myo5b,OSBPL10,dync1li1,nfkbiaa,sec24c,clic4,rpn2,wasf2,ppid,nr1d2b,setb,fut8b,tmed2,gmps,ost4,spcs2,rps21,golga7,syt11b,rpa2,sypl2b,ankrd13d,anapc13,eif3s10,jak2a,tegt,zgc:173742,psmd7,cdc40,braf,vapal,UNC119,dspa,wtap,ewsr1b,irf5,PSMA4,tnrc6c2,atp6v1h,kars1,glg1a,bnip3la,ssr1,cltcl1,nap1l1,kif20a,kifap3b,snapc5,ssr2,krit1,bptf,mre11a,psma2,myo9ab,siah2l,fkbp8,hmgb1b,scarb2c,myo3a,psma3,sos1,selenom,eif3s6ip,eef1b2,pagr1,cdc42,IKZF4,si:ch211-278j3.3,rsad2,dnajb12a,snx12,dctn4,farsb,tmem9,ylpm1,plod2,cxxc1a,ppa1a,supt4h1,hivep3b,zmat2,ppp1r10,aptx,kdm5c,TOMM7,ubxn2a,emc9,add2,bnip3lb,nefma,ino80e,ehd3,ap5b1,gadd45gb.1,thop1,mrpl44,rbbp5,ak1,foxh1,tln1,srp72,atp5po,hars,acsbg2,klc1a,exoc1,ctnna1,rbm39b,rrbp1a,napab,MRPS12,pfkfb3,nelfb,meaf6,cnksr2b,top3a,zgc:114119,rplp2l,chchd6b,nup50,eno3,vclb,hccsb,polg,nup107,rnf8,pbx2,drg1,id1,rfwd3,aplp1,psmd13,dlc1,sec61b,tpcn1,acox1,ero1b,phb,ing3,spsb3a,zgc:112334,chp1,sptbn2,gpr137,gtf2a1,ndufb2,ARHGDIA,cst3,ggnbp2,calr3b,nfu1,dnmt3ab,RAB38,sulf1,ints7,cyp2r1,myo1ea,mtx1a,snap29,zgc:152830,uacab,avl9,sec23a,slka,map1lc3a,arl3l2,si:dkey-154p10.3,ubap1,myo1cb,gopc,zgc:154046,calr,nhp2,pikfyve,aurkaip1,bloc1s2,kif1b,mvda,fnta,ap2a1,cbx2,dhx33,rnf7,ints10,ARHGEF12,gfap,sgce,diabloa,pex14,gtf2a1l,upf1,siah1,atp5pf,pgpep1l,thoc7,gtf2h1,macroh2a2,sltm,unc93b1,babam2,znf536,osbpl9,atp13a1,anp32b,mogat3b,bnip3,cdip1,iffo1b,casp9,sox17,copz1,pleca,rnf34b,rpl23a,sec31b,mtx2,copg2,mak16,acap3b,mrps9,micu2,dpysl3,csnk2a2b,ap2s1,mrpl2,ssu72,ubp1,rerea,sh3gl2a,cnot3b,zhx3,puf60b,sgpl1,bms1,capns1b,mrpl16,map6a,kat7b,polr2j,tesk2,nelfcd,cstf3,arpc4l,uso1,arpc1a,gata2a,amph,sec24a,limk1b,golgb1,ppa2,mapre2,crcp,rel,pex19,rfxank,mdn1,castor2,hm13,tgm2b,hadhaa,pfkpa,cttnbp2nla,arfip2a,med1,foxo6b,sh3gl1a,ckmt2a,ndufb3,bcar1,zgc:91910,map3k22,lonp1,emc6,srp14,gadd45gip1,npepl1,farsa,vps45,roraa,nup37,msrb3,NFX1,crabp2a,macroh2a1,dapk2b,nop14,PPP1CA,bcorl1,tcea3,ap1b1,ndufa3,foxj2,fkbp10b,larp7,letm2,plekha8,chpf2,ncapd2,myo1b,taf7,cep350,nfat5b,syncrip,washc5,cog6,mrps11,rbpjb,brcc3,tmem201,rb1cc1,papolg,arid1aa,lamtor4,yif1a,epb41l3b,c1qbp,jak2b,fam50a,vps36,ssr4,atpaf1,wash1,dera,FRMD1,agtpbp1,nfe2l3,dpysl5b,gal3st4,snrpe,tomm5,myo18aa,setdb1b,si:dkey-156n14.3,scp2b,eny2,sesn2,sh3pxd2aa,ints1,ralgapa1",598,2585,1987,9946,1.157953779
On,On_vs_rest,On higher,GO:0043229,intracellular organelle,GO:CC,0.005566035,"zwilch,snu13a,rps19,sqstm1,supt7l,si:dkey-76k16.5,pdia4,snrnp25,hif1al,p4ha2,cdc73,cenpl,hspd1,pbx1b,ddx42,taf11,anapc16,mphosph10,pdcd11,mdh2,myh7ba,rps8a,btg1,dffb,viml,ak3,rpl35,gemin5,rad51d,rpl11,ap1m1,rpl14,atoh1c,csgalnact2,sptb,rps14,rpl18,rps3,ubtf,rpl18a,polr2h,rps24,acta2,glula,rps6,cox6b2,rpl13,hnrnpub,rps28,zcrb1,rpl4,rps4x,cox5ab,utp20,rpl31,rpsa,rps16,rpl35a,myh11a,akap8l,usf1,tprb,rplp1,ino80b,spcs3,coq4,rpl17,snw1,ncl,psmb2,h1-0,slc25a39,copa,arpc2,gtf2h3,scap,zgc:77375,pex3,rps15a,anxa4,elovl1b,fis1,cbx3a,uba52,cpsf1,mrtfab,prmt1,map7d1a,rpl36,sesn1,hoga1,bcap31,tshz1,notch2,rhobtb4,cbx5,rbm8a,luc7l3,alas1,ndufa9a,smarca5,prpf8,supt16h,mrpl4,tfa,rpl6,tcf12,pbx1a,tmed9,myo1ca,rpl29,nol7,ppp2r5cb,RPL19,emc10,thoc2,chst6,atl1,psmd1,nln,pawr,rorc,zgc:73226,vdac1,itpr2,TPM1,smc1al,ATG14,rpl28,ddost,slc25a46,rpl7,u2af1,picalmb,mrpl36,capzb,vps54,rab14l,kat6a,eloa,rab5c,luc7l,xrn2,ftsj3,pigh,atp6v0a1a,dmtn,prodha,cpsf2,cfl1l,esf1,gtf2f1,erlin1,ash1l,polr3e,nop56,arl6ip5b,zgc:158803,nr1d4b,txnrd3,sf3b3,gch1,OGDH,arpc1b,nsa2,dynll1,tomm20a,ccdc47,rad21a,uqcrc2b,zgc:63587,rpl37,wdr36,dctn2,skib,hadhab,SNIP1,rpl22l1,fgfr2,u2af2a,arnt2,chchd3a,dad1,fancl,leo1,mta2,map6b,phf20a,tomm20b,ndufb8,canx,parga,ptpn13,dynlrb1,pum1,ddb1,vps4b,khdrbs1a,plecb,sox10,kat2b,tsc2,sf3a3,arcn1b,rorcb,bsg,zic1,taf1,dbi,ell2,fbxo25,elovl1a,slc7a6os,rorb,myo5b,dync1li1,sec24c,clic4,rpn2,wasf2,nr1d2b,setb,fut8b,tmed2,ost4,spcs2,rps21,golga7,syt11b,rpa2,sypl2b,ankrd13d,anapc13,jak2a,tegt,zgc:173742,cdc40,braf,vapal,UNC119,dspa,wtap,ewsr1b,irf5,atp6v1h,kars1,glg1a,bnip3la,ssr1,cltcl1,nap1l1,kif20a,kifap3b,snapc5,ssr2,krit1,bptf,mre11a,myo9ab,fkbp8,hmgb1b,scarb2c,myo3a,psma3,sos1,selenom,pagr1,IKZF4,rsad2,dnajb12a,snx12,dctn4,tmem9,ylpm1,plod2,cxxc1a,supt4h1,hivep3b,zmat2,ppp1r10,aptx,kdm5c,TOMM7,ubxn2a,emc9,add2,bnip3lb,nefma,ino80e,ehd3,gadd45gb.1,thop1,mrpl44,rbbp5,foxh1,tln1,atp5po,klc1a,ctnna1,rbm39b,rrbp1a,MRPS12,nelfb,meaf6,top3a,zgc:114119,rplp2l,chchd6b,nup50,vclb,hccsb,polg,nup107,rnf8,pbx2,rfwd3,aplp1,psmd13,sec61b,tpcn1,acox1,ero1b,phb,ing3,spsb3a,zgc:112334,chp1,sptbn2,gpr137,gtf2a1,ndufb2,ggnbp2,calr3b,nfu1,dnmt3ab,RAB38,sulf1,ints7,cyp2r1,myo1ea,mtx1a,snap29,uacab,sec23a,map1lc3a,arl3l2,si:dkey-154p10.3,ubap1,myo1cb,gopc,zgc:154046,calr,nhp2,aurkaip1,bloc1s2,kif1b,ap2a1,cbx2,dhx33,rnf7,ints10,gfap,sgce,diabloa,pex14,gtf2a1l,atp5pf,thoc7,gtf2h1,macroh2a2,sltm,unc93b1,babam2,znf536,osbpl9,atp13a1,anp32b,mogat3b,bnip3,cdip1,iffo1b,sox17,copz1,pleca,rnf34b,rpl23a,sec31b,mtx2,copg2,mak16,mrps9,micu2,csnk2a2b,ap2s1,mrpl2,ssu72,ubp1,rerea,cnot3b,zhx3,puf60b,sgpl1,bms1,mrpl16,map6a,kat7b,polr2j,tesk2,nelfcd,cstf3,arpc4l,uso1,arpc1a,gata2a,sec24a,limk1b,golgb1,mapre2,crcp,rel,pex19,rfxank,mdn1,hm13,tgm2b,hadhaa,cttnbp2nla,arfip2a,med1,foxo6b,sh3gl1a,ckmt2a,ndufb3,zgc:91910,lonp1,emc6,gadd45gip1,vps45,roraa,nup37,NFX1,crabp2a,macroh2a1,dapk2b,nop14,PPP1CA,bcorl1,tcea3,ndufa3,foxj2,fkbp10b,larp7,letm2,chpf2,ncapd2,myo1b,taf7,cep350,nfat5b,syncrip,cog6,mrps11,rbpjb,brcc3,tmem201,papolg,arid1aa,lamtor4,yif1a,epb41l3b,c1qbp,jak2b,fam50a,vps36,ssr4,atpaf1,wash1,FRMD1,agtpbp1,nfe2l3,gal3st4,snrpe,tomm5,myo18aa,setdb1b,si:dkey-156n14.3,eny2,sesn2,ints1,ralgapa1",490,2585,1626,9946,1.159480492
On,On_vs_rest,On higher,GO:0043226,organelle,GO:CC,0.007545516,"zwilch,snu13a,rps19,sqstm1,supt7l,si:dkey-76k16.5,pdia4,snrnp25,hif1al,p4ha2,cdc73,cenpl,hspd1,pbx1b,ddx42,taf11,anapc16,mphosph10,pdcd11,mdh2,myh7ba,rps8a,btg1,dffb,viml,ak3,rpl35,gemin5,rad51d,rpl11,ap1m1,rpl14,atoh1c,csgalnact2,sptb,rps14,rpl18,rps3,ubtf,rpl18a,polr2h,rps24,acta2,glula,rps6,cox6b2,rpl13,hnrnpub,rps28,zcrb1,rpl4,rps4x,cox5ab,utp20,rpl31,rpsa,rps16,rpl35a,myh11a,akap8l,usf1,tprb,rplp1,ino80b,spcs3,coq4,rpl17,snw1,ncl,psmb2,h1-0,slc25a39,copa,arpc2,gtf2h3,scap,zgc:77375,pex3,rps15a,anxa4,elovl1b,fis1,cbx3a,uba52,cpsf1,mrtfab,prmt1,map7d1a,rpl36,sesn1,hoga1,bcap31,tshz1,notch2,rhobtb4,cbx5,rbm8a,luc7l3,alas1,ndufa9a,smarca5,prpf8,supt16h,mrpl4,tfa,rpl6,tcf12,pbx1a,tmed9,myo1ca,rpl29,nol7,ppp2r5cb,RPL19,emc10,thoc2,chst6,atl1,psmd1,nln,pawr,rorc,zgc:73226,vdac1,itpr2,TPM1,smc1al,ATG14,rpl28,ddost,slc25a46,rpl7,u2af1,picalmb,mrpl36,capzb,vps54,rab14l,kat6a,eloa,rab5c,luc7l,xrn2,ftsj3,pigh,atp6v0a1a,dmtn,prodha,cpsf2,cfl1l,esf1,gtf2f1,erlin1,ash1l,polr3e,nop56,arl6ip5b,zgc:158803,nr1d4b,txnrd3,sf3b3,gch1,OGDH,arpc1b,nsa2,dynll1,tomm20a,ccdc47,rad21a,uqcrc2b,zgc:63587,rpl37,wdr36,dctn2,skib,hadhab,SNIP1,rpl22l1,fgfr2,u2af2a,arnt2,chchd3a,dad1,fancl,leo1,mta2,map6b,phf20a,tomm20b,ndufb8,canx,parga,ptpn13,dynlrb1,pum1,ddb1,vps4b,khdrbs1a,plecb,sox10,kat2b,tsc2,sf3a3,arcn1b,rorcb,bsg,zic1,taf1,dbi,ell2,fbxo25,elovl1a,slc7a6os,rorb,myo5b,dync1li1,sec24c,clic4,rpn2,wasf2,nr1d2b,setb,fut8b,tmed2,ost4,spcs2,rps21,golga7,syt11b,rpa2,sypl2b,ankrd13d,anapc13,jak2a,tegt,zgc:173742,cdc40,braf,vapal,UNC119,dspa,wtap,ewsr1b,irf5,atp6v1h,kars1,glg1a,bnip3la,ssr1,cltcl1,nap1l1,kif20a,kifap3b,snapc5,ssr2,krit1,bptf,mre11a,myo9ab,fkbp8,hmgb1b,scarb2c,myo3a,psma3,sos1,selenom,pagr1,IKZF4,rsad2,dnajb12a,snx12,dctn4,tmem9,ylpm1,plod2,cxxc1a,supt4h1,hivep3b,zmat2,ppp1r10,aptx,kdm5c,TOMM7,ubxn2a,emc9,add2,bnip3lb,nefma,ino80e,ehd3,gadd45gb.1,thop1,mrpl44,rbbp5,foxh1,tln1,atp5po,klc1a,ctnna1,rbm39b,rrbp1a,MRPS12,nelfb,meaf6,top3a,zgc:114119,rplp2l,chchd6b,nup50,vclb,hccsb,polg,nup107,rnf8,pbx2,rfwd3,aplp1,psmd13,sec61b,tpcn1,acox1,ero1b,phb,ing3,spsb3a,zgc:112334,chp1,sptbn2,gpr137,gtf2a1,ndufb2,cst3,ggnbp2,calr3b,nfu1,dnmt3ab,RAB38,sulf1,ints7,cyp2r1,myo1ea,mtx1a,snap29,uacab,sec23a,map1lc3a,arl3l2,si:dkey-154p10.3,ubap1,myo1cb,gopc,zgc:154046,calr,nhp2,aurkaip1,bloc1s2,kif1b,ap2a1,cbx2,dhx33,rnf7,ints10,gfap,sgce,diabloa,pex14,bbs5,gtf2a1l,atp5pf,thoc7,gtf2h1,macroh2a2,sltm,unc93b1,babam2,znf536,osbpl9,atp13a1,anp32b,mogat3b,bnip3,cdip1,iffo1b,sox17,copz1,pleca,rnf34b,rpl23a,sec31b,mtx2,copg2,mak16,mrps9,micu2,csnk2a2b,ap2s1,mrpl2,ssu72,ubp1,rerea,cnot3b,zhx3,puf60b,sgpl1,bms1,mrpl16,map6a,kat7b,polr2j,tesk2,nelfcd,cstf3,arpc4l,uso1,arpc1a,gata2a,sec24a,limk1b,golgb1,mapre2,crcp,rel,pex19,rfxank,mdn1,hm13,tgm2b,hadhaa,cttnbp2nla,arfip2a,med1,foxo6b,sh3gl1a,ckmt2a,slitrk3b,ndufb3,zgc:91910,lonp1,emc6,gadd45gip1,vps45,roraa,nup37,NFX1,crabp2a,macroh2a1,dapk2b,nop14,PPP1CA,bcorl1,tcea3,ndufa3,foxj2,fkbp10b,larp7,letm2,chpf2,ncapd2,myo1b,taf7,cep350,nfat5b,syncrip,cog6,mrps11,rbpjb,brcc3,tmem201,papolg,arid1aa,lamtor4,yif1a,epb41l3b,c1qbp,jak2b,fam50a,vps36,ssr4,atpaf1,wash1,FRMD1,agtpbp1,nfe2l3,gal3st4,snrpe,tomm5,myo18aa,setdb1b,si:dkey-156n14.3,eny2,sesn2,ints1,ralgapa1",493,2585,1647,9946,1.151704934
On,On_vs_rest,On higher,GO:0005737,cytoplasm,GO:CC,0.016199663,"srp54,rps19,sqstm1,gars1,si:dkey-76k16.5,pdia4,hif1al,eif3f,p4ha2,hspd1,aqp11,mdh2,myh7ba,unk,btg1,dffb,ak3,rpl35,gemin5,ap1m1,csgalnact2,eif3bb,sptb,eno1b,acta2,cct4,glula,cox6b2,eif3ha,ppiab,cox5ab,cct5,spcs3,coq4,ncl,psmb2,slc25a39,copa,arpc2,scap,gstr,zgc:77375,taldo1,pex3,eif5,kcnab2a,anxa4,elovl1b,fis1,phkg2,prmt1,sesn1,hoga1,bcap31,akt1s1,kbtbd3,rhobtb4,rbm8a,alas1,ndufa9a,tfa,clns1a,tmed9,ppp2r5cb,RPL19,id2a,emc10,chst6,atl1,eif3m,psmd1,nln,pawr,zgc:73226,vdac1,itpr2,fmnl1a,ATG14,rpl28,ldhbb,ddost,slc25a46,rpl7,picalmb,capzb,vps54,rab14l,eif3jb,aclyb,rab5c,ap2m1a,pigh,atp6v0a1a,dmtn,eif3i,prodha,ankhd1,adss1,erlin1,cdc42bpb,gng2,arl6ip5b,eif3k,eprs1,txnrd3,gch1,OGDH,rdh8a,eef1da,tomm20a,ccdc47,uqcrc2b,si:ch211-253b8.5,skib,hadhab,fgfr2,arnt2,chchd3a,dad1,tomm20b,ndufb8,eif3eb,taok3a,canx,parga,ptpn13,pum1,vps4b,plecb,sox10,tsc2,id3,arcn1b,asap1b,bsg,dbi,fbxo25,elovl1a,slc7a6os,OSBPL10,dync1li1,nfkbiaa,sec24c,clic4,rpn2,ppid,fut8b,tmed2,gmps,ost4,spcs2,golga7,syt11b,sypl2b,ankrd13d,eif3s10,tegt,braf,vapal,irf5,tnrc6c2,atp6v1h,kars1,glg1a,bnip3la,ssr1,cltcl1,kif20a,ssr2,siah2l,fkbp8,scarb2c,psma3,selenom,eif3s6ip,eef1b2,cdc42,si:ch211-278j3.3,rsad2,dnajb12a,snx12,farsb,tmem9,plod2,ppa1a,TOMM7,ubxn2a,emc9,bnip3lb,nefma,ehd3,ap5b1,thop1,mrpl44,ak1,srp72,atp5po,hars,acsbg2,exoc1,rrbp1a,napab,pfkfb3,cnksr2b,rplp2l,chchd6b,eno3,hccsb,polg,drg1,id1,aplp1,psmd13,dlc1,sec61b,tpcn1,acox1,ero1b,phb,zgc:112334,chp1,sptbn2,gpr137,ndufb2,ARHGDIA,cst3,ggnbp2,calr3b,nfu1,RAB38,sulf1,cyp2r1,mtx1a,snap29,zgc:152830,uacab,avl9,sec23a,slka,map1lc3a,arl3l2,ubap1,myo1cb,gopc,zgc:154046,calr,pikfyve,aurkaip1,kif1b,mvda,fnta,ap2a1,rnf7,ARHGEF12,sgce,diabloa,pex14,upf1,siah1,atp5pf,pgpep1l,unc93b1,osbpl9,atp13a1,mogat3b,bnip3,cdip1,casp9,copz1,pleca,rnf34b,rpl23a,sec31b,mtx2,copg2,acap3b,micu2,dpysl3,csnk2a2b,ap2s1,sh3gl2a,sgpl1,capns1b,mrpl16,map6a,tesk2,uso1,amph,sec24a,limk1b,golgb1,ppa2,mapre2,rel,pex19,castor2,hm13,tgm2b,hadhaa,pfkpa,cttnbp2nla,arfip2a,foxo6b,sh3gl1a,ckmt2a,ndufb3,bcar1,zgc:91910,map3k22,lonp1,emc6,srp14,npepl1,farsa,vps45,msrb3,crabp2a,dapk2b,PPP1CA,ap1b1,ndufa3,fkbp10b,letm2,plekha8,chpf2,nfat5b,syncrip,washc5,cog6,rb1cc1,lamtor4,yif1a,c1qbp,vps36,ssr4,atpaf1,wash1,dera,agtpbp1,dpysl5b,gal3st4,tomm5,scp2b,sh3pxd2aa",344,2585,1124,9946,1.177551849
On,On_vs_rest,On higher,GO:0005852,eukaryotic translation initiation factor 3 complex,GO:CC,0.018096897,"eif3f,eif3bb,eif3ha,eif3m,eif3jb,eif3i,eif3k,eif3eb,eif3s10,eif3s6ip",10,2585,13,9946,2.959678619
On,On_vs_rest,On higher,GO:0005488,binding,GO:MF,0.000299612,"eif2a,cars2,snu13a,tbp,ccn4a,srp54,trim46b,rbp4l,neurod1,snx14,rps19,sqstm1,gars1,supt7l,plch2a,rbp3,ttc34,snrnp25,hif1al,marcksl1a,si:ch211-191d15.2,rbp4,mlh1,si:ch211-153j24.3,gdnfa,ZBTB21,eif3f,p4ha2,col1a1b,cdc73,crlf3,hspd1,pold2,pbx1b,thbs4a,marcksl1b,ddx42,taf11,nme7,gtpbp4,ift74,sod1,mphosph10,pdcd11,nek12,myh7ba,herc2,col5a2a,unk,grk1a,waca,flt4,ran,per1b,csde1,eif4a3,si:dkey-12j5.1,lrmda,fstl1b,ak3,lsm1,gemin5,rad51d,acbd7,slc25a13,sparc,rpl14,atoh1c,hsp90ab1,rbm27,eif3bb,sptb,KLHL28,rprd1b,drp2,bzw1b,esyt1a,hbp1,eno1b,rps3,ubtf,brd7,cdkl1,tmod4,bhmt,taok2b,bhlhe40,dhx36,zranb3,fkbp5,abca4a,cct4,glula,thbd,aplp2,s100b,cpo,si:ch211-63o20.7,anxa1a,supt6h,ubr5,hnrnpub,eif3ha,ppiab,cpdp,zcrb1,cyp27c1,rps4x,usp45,nid1a,znf622,rpsa,eif4g1a,rps6ka1,stk11,hdlbpa,gnb1l,eif5b,myh11a,akap8l,usf1,ivns1abpa,pik3r1,RPL7A,msh5,CDC37,lnpep,sfrp5,cope,cct5,mettl5,coro1b,cwc22,ncl,ECM2,kpnb1,h1-0,fbl,apoda.1,fkbp9,kdr,FYN,pbk,slc25a39,copa,arpc2,mdc1,nin,hnrnpr,scap,gstr,abcc1,eif5,akt3a,anxa4,scrib,rnf10,cirbpb,nphp3,fis1,ankrd11,afdna,NDUFS1,pgm1,faxdc2,phkg2,thoc1,morc2,tbk1,atoh1b,uba52,ddx21,acin1b,gnai2a,dldh,gigyf2,iqgap2,cpsf1,stk24b,kita,hpcal4,edf1,aup1,abcb6a,hsf2,katna1,cct3,chd2,pdpk1b,fkbp4,rbm17,yme1l1b,per3,tshz1,gna13b,abcf1,kbtbd3,notch2,rhobtb4,ybx1,cbx5,rbm8a,znf653,mmp2,kmt2e,luc7l3,alas1,stat3,ndufa9a,mtor,smarca5,prpf8,rab21,serbp1b,tfa,pdcd5,taf3,tcf12,nkx6.2,nt5e,pbx1a,vps41,si:dkey-40c11.2,rnf20,myo1ca,polr2a,u2surp,psmc3,ubr2,mapk6,zgc:162200,mars1,rack1,RPL19,ubap2a,smg6,postna,id2a,zeb2b,si:ch211-214j8.12,lifra,fzd6,usp47,PRKD3,YES1,thoc2,atl1,ehd1a,gcn1,nln,lum,kdm5bb,plcg1,rorc,zgc:172122,itpr2,anxa13,TPM1,fabp3,fmnl1a,daam2,smc1al,gnav1,nedd1,igf2r,slit1a,ep400,arl13a,rbm5,dnaja2b,ccn1,alyref,cyc1,apoa1b,gpnmb,tal1,prelp,EZH1,srsf4,rpl7,fscn1a,u2af1,picalmb,nub1,spag7,capzb,rab14l,GTPBP2,dcn,kat6a,LTBP3,cplx4c,aclyb,rab5c,cct6a,luc7l,xrn2,csad,notch1b,nisch,napgb,foxf2b,eif4a1a,dmtn,sorcs2,anxa2a,eif3i,pfn1,fbln1,prodha,pde6ga,sars2,ankhd1,ahsa1b,cpsf2,atrnl1a,cfl1l,adss1,gtf2f1,erlin1,lyn,cdc42bpb,dnaja2a,ash1l,gpsm1b,PLXND1,gng2,snx8a,clstn1,eftud2,eef2k,cahz,dyrk1ab,cat,shank1,triob,rab10,nop56,acad11,strn3,ncbp3,eif3k,aatkb,slco2a1,zgc:158803,itgb4,ttc7a,wdr43,sf3a1,gbe1b,mbnl1,eprs1,eif4a2,nr1d4b,ccl25b,txnrd3,eif2s3,timp2b,gnb5b,sf3b3,gch1,vtna,OGDH,arpc1b,nbas,hspa4l,grk7a,uqcrc2a,dlg5a,iqgap1,ankrd12,zc3h15,rab18b,snrpb,ccdc47,gpr143,pdzrn3b,acadvl,clk2a,smarcad1a,ckap5,rad21a,sdha,papss1,sugt1,nucb1,fmnl2a,eif4h,DGKD,uqcrc2b,zgc:63587,btaf1,ankmy2a,wdr36,hspa5,skib,proza,rapgef2,prkcsh,ppm1na,calub,hadhab,SNIP1,rpl22l1,trpv1,yme1l1a,RAB31,pltp,fgfr2,mdga1,lsm4,u2af2a,actn1,arnt2,dhx16,fzd7b,mpnd,smg5,mta2,dvl3a,map6b,rbm25a,ldhd,astn1,cyp2n13,dnajc7,znf410,clasp2,atox1,taok3a,canx,pkn1a,cers2a,anapc7,ndufv1,RANBP2,dedd1,ptpn13,rasip1,efs,bmp1a,dnajc17,g3bp1,pum1,abca1a,npm1a,nars1,ipo7,ddb1,taf15,vps4b,ankdd1b,TNS1,khdrbs1a,plecb,sox10,agap3,kat2b,SDHB,sf3a3,id3,trip10a,ddx24,tbca,fbxo9,rorcb,prkab1b,asap1b,shroom1,gapdhs,ptn,bsg,cdk12,kank2,rnf139,OTUD7A,pde6c,rab24,capgb,zic1,taf1,tns2a,snd1,cdc27,dbi,pkn1b,glsa,fubp1,fbxo25,eif4g3a,pik3c3,gid8b,sema6a,rab1ab,rorb,chd1,wls,PRRC2B,nid2a,tulp4b,brd9,zmiz2,srebf1,atp2b4,CSK,eif6,tmem183a,myo5b,OSBPL10,msh6,scinlb,dync1li1,psmd6,nfkbiaa,sec24c,fosb,wasf2,ppid,ctr9,chrdl2,jund,elp3,plod1a,rock2a,nfil3-6,map2k4b,kif25,ranbp9,nr1d2b,hdx,s100a10a,zc3h18,ca4a,cplx4a,fut8b,gmps,usp7,dcaf12,cacybp,tlr7,rock1,cul1b,UPF2,piwil1,pde6a,atp5fa1,ddx11,arg2,syt11b,pabpc1b,fbxw11a,rpa2,pepd,cnbpa,ankrd13d,sash3,jak2a,tgfbr2a,zgc:173742,psmd7,chia.4,tbpl1,ncam1a,paip1,cdc40,tlk1b,braf,aspn,UNC119,ubr3,esyt1b,ewsr1b,lemd3,polb,epha4b,pak2b,snx25,gad1b,irf5,arhgap23a,kank3,TCERG1,arvcfb,abca4b,mpp1,zmiz1b,chtopa,abcc5,tnrc6c2,s100u,cops2,kars1,setd4,pdlim1,magi3b,dkc1,tes,c1qtnf6a,flncb,bnip3la,nacc1a,lrp10,CTNNB1,psmc2,cltcl1,icn,intu,tjp1a,gpcpd1,kif20a,wsb1,kifap3b,prpf6,riok3,sh3pxd2ab,cul4a,krit1,cxxc5b,eral1,bptf,rnf121,mre11a,setd5,thbs2a,zcchc17,efna3b,strn4,sh3tc2,gnat1,arih2,abi2b,myo9ab,siah2l,ddx46,ppm1lb,fkbp8,nr2f1a,hmgb1b,gipc1,kdm2ab,ibtk,myo3a,ubxn7,lrp1aa,pdgfrb,snx1a,ssbp3b,sos1,PTK7,si:ch73-335l21.1,ptges3b,mex3b,HERPUD2,bop1,junbb,trim33,espn,eif3s6ip,eef1b2,man2c1,pagr1,cdc42,ppm1bb,sema3c,IKZF4,vars2,si:ch211-278j3.3,emilin1b,fbxo22,npnta,rsad2,dnajb12a,YTHDF1,p3h1,snx12,vwf,chd4a,farsb,ola1,bzw1a,nbr1a,fosl2,FBLN2,pdcd6ip,pros1,oat,coq6,abce1,scube1,ppp6r2a,plod2,cxxc1a,lin7b,yrk,cyp1c1,ppa1a,isca2,supt4h1,ifih1,ercc3,NRCAM,wdr5,PPP2R2C,hivep3b,anxa11a,zmat2,pdcd6,rbmx,lsg1,cdhr1a,dhx38,ppp1r10,arl8ba,foxo1a,RAP1GDS1,aptx,FAT4,kdm5c,pafah1b1b,cdo1,nop10,itchb,abca12,dcaf6,pcdh10b,srgap3,ubxn2a,rhobtb2a,osbpl2a,dnajb11,add2,isca1,serbp1a,cactin,dnai1.2,ehd3,htatsf1,eif4g2a,mylka,thop1,gnptab,mrpl44,prkaa2,rbbp5,dnajc21,ak1,prpf4bb,nrtn,foxh1,tln1,zgc:112001,PDPR,cdh11,mapre3a,amfra,srp72,carhsp1,prkcda,fndc3a,spock1,hars,ets1,acsbg2,arhgef6,cxcl12a,mapkapk3,klc1a,ddx1,adgrl4,prkd2,ctnna1,rbm39b,rngtt,loxl3b,lmtk2,napab,faf1,trioa,pfkfb3,RASSF1,ptpn23a,usp33,khdrbs1b,prpf40a,lars1b,ttc14,rhoub,cnksr2b,sars1,sik3,top3a,dvl2,smad7,WDR7,nmd3,ddx5,eno3,crlf1a,zfand5a,dyrk1b,vclb,ptgs1,rsu1,polg,deptor,TRA2B,ppfia2,myd88,taok1a,dhx30,kazald3,ZC3H7B,plcd4b,pinx1,samsn1a,rnf8,apbb3,si:ch211-256m1.8,pbx2,cpsf6,ralbp1,lrp1bb,si:ch211-120g10.1,ppm1ba,drg1,ptgdsb.1,TRIM67,id1,sptlc2b,rfwd3,aplp1,srpk3,brsk2b,snx5,prpsap2,six7,dlc1,nbeaa,igfbp6b,acox1,tnrc18,ero1b,ubxn1,asxl2,rps6kc1,acvrl1,UQCRFS1,csnk2a2a,ing3,kidins220b,spsb3a,sfrp1a,jakmip1,si:dkey-49n23.1,chp1,OSBPL8,rbm6,bcl9,get4,rspry1,hnrnpm,skap2,sptbn2,mycn,tdrd3,srebf2,cdc42bpab,stub1,ndufs2,keap1b,pctp,atp2b2,rab34b,RBPMS,SMU1,ARHGDIA,rfx7b,atp8b4,MAX,acacb,chl1b,vwa1,calr3b,tardbp,idh3a,myrf,igfbp7,nfu1,fcho1,dnmt3ab,RAB38,sel1l,sulf1,pfdn1,ehbp1,pdlim7,trmt11,cyp2r1,pdlim5b,KHSRP,ttc17,myo1ea,KLHL11,prpf39,phka2,lgals8b,snap29,zgc:152830,uacab,acvr2aa,mpzl1l,sec23a,slka,ILK,map1lc3a,arl3l2,si:dkey-154p10.3,cycsb,ubap1,ppp2r1bb,myo1cb,gopc,gc2,calr,nhp2,csf1ra,dtymk,pim2,fgd6,foxo3b,pikfyve,tbce,bloc1s2,vrk2,nek7,kif1b,ddx6,efhd2,MEF2D,fbxl2,sumo2b,pitx2,ubash3ba,hivep1,mov10a,abcd1,dhx33,arl13b,mtpn,rnf7,npc1,hce2l2,ppp5c,brd4,ARHGEF12,mau2,sgce,krcp,kcmf1,pex14,rbm4.1,sf3b4,wdr91,baiap2b,upf1,siah1,rab1ba,puraa,kcna7,ppp1r37,macroh2a2,gtf3c3,psme4a,sltm,snap25a,raly,unc93b1,efna1a,mkrn2,znf536,osbpl9,smad3b,mat2ab,soul4,mta1,atp13a1,emilin2a,slc6a4a,rbm26,dcc,brap,anp32b,atr,tjp1b,elavl1a,zgc:162730,erbin,XPO1,tollip,cdip1,polr1a,ttc39a,calm1b,atp2a3,syncripl,anp32a,rraga,sox17,si:dkey-17m8.1,kdm2ba,opa1,pum3,pleca,ctif,PCLO,rnf34b,rpl23a,sec31b,abcc3,nlrx1,nfs1,ankrd39,agbl5,zc3h6,cttnbp2,pds5b,acap3b,slmapa,ablim1a,kif13bb,cemip2,micu2,csnk2a2b,mib2,chd7,col8a2,ackr4b,rnf40,mpx,rpap3,svild,klhdc3,ubp1,itsn1,rerea,rhebl1,hook1,kif5ba,sh3gl2a,spag9a,vax2,ankrd33aa,zhx3,fynb,CPEB4,dag1,pygmb,puf60b,lsm11,tufm,ldlrb,sgpl1,fkbp10a,bms1,ATP9A,lin7a,capns1b,vat1l,mrpl16,tbc1d9,map6a,wwp1,kat7b,larp1b,polr2j,fbxo8,dnm1a,plxnb3,trpc1,satb1b,tesk2,fyco1a,dcp2,cbll1,cstf3,trim105,purab,dgkzb,ACVR1C,uso1,arpc1a,wdr81,snx27a,gata2a,tcn2,si:ch211-166a6.5,mapre1b,amph,sec24a,cdh24b,efnb2a,lsm3,ssh1a,NPAS3,gpd1c,ppp6r3,limk1b,tyw1,edil3a,rtf1,clip3,ppa2,mapre2,crcp,lrrtm2,btbd2b,marcksb,dock1,aggf1,zfp36l1a,rel,SMAP1,aip,cp,plcd1a,emilin1a,trappc8,plaa,rfxank,dstyk,znf618,mdn1,dhx15,nid1b,afg1lb,ccnyl1,ppfia3,cryz,skia,susd1,rhoq,tgm2b,atp1a3a,egfra,arid2,hadhaa,pfkpa,arfip2a,cdk10,dnm2a,tgfb1a,hibadha,foxo6b,apodb,igf1,sh3gl1a,ckmt2a,ro60,stk16,xaf1,wdr45,larp1,pcdh2ac,rx2,EARS2,kcnn4,tnrc6c1,cyp3a65,loxl2b,wdtc1,slitrk3b,sephs2,ncaldb,apbb1,prdm2b,usp25,lmx1bb,bcar1,kdm6a,grk4,map3k22,lonp1,fxr1,ogdhl,PITPNM2,lgals8a,pdxdc1,sirt5,srp14,SPRYD3,vezf1a,npepl1,jag1b,farsa,rab30,sirt3,cacnb2a,ppp1r7,sema6d,hgs,zmp:0000000524,roraa,eif2d,nup37,abcg1,msrb3,cpne1,pacsin1a,acads,irs2a,wnt5a,sh3d21,RBM38,ncam1b,NFX1,crabp2a,macroh2a1,crkl,tsnax,dapk2b,polr1d,actn3b,si:ch1073-440b2.1,psmd14,ano6,cntn3a.1,ca2,epha3,wipf2a,slit2,pls3,bcorl1,tcea3,ap1b1,pno1,foxj2,fkbp10b,plcg2,larp7,letm2,wdr12,krr1,dgkg,rnf144aa,crnkl1,myo1b,ADAMTS5,ilf3b,psmf1,rbx1,clk4a,tyro3,tmeff2a,SPAG9,zdhhc17,cep350,osbpl5,stk10,nfat5b,zfand3,ncalda,sema4gb,fgd5a,ptprsa,ikbkg,cers4b,MAP2K6,rnf220a,syncrip,tgfbi,wrap53,rbpjb,brcc3,fam49al,patz1,rb1cc1,papolg,arid1aa,traf3ip1,si:dkey-19e4.5,epb41l3b,klhl21,abcd2,ppm1da,ret,wdr13,jak2b,cntn1b,nfat5a,vps36,apba2b,TTC28,ppp1r9ala,prrx1b,rexo1,tsku,smo,ankrd44,sik2b,usf2,eps15,wash1,ap1ar,lasp1,UNC13C,agtpbp1,atp9b,ube3b,mib1,edem3,tap1,chid1,prkchb,nfe2l3,pkd1a,tiam2a,mcm3ap,ankrd33bb,snrpe,FOXC1,myo18aa,arhgap21a,setdb1b,f5,rnf145b,mapk14b,wdr20b,tmub1,smarcc1b,rbpms2a,si:dkey-156n14.3,KIF2A,igfbp5b,epha2b,mmp15a,PLEKHA5,rcvrn3,sprtn,ddx27,aox6,arhgap21b,egln2,fbln7,sorbs1,snx29,cherp,NRP1,snx4,aatka,ccn1l2,sh3pxd2aa,ano5b,imp4,slc4a1ap,pola2,nifk,stk25b,bsk146,postnb,adat1,sh3rf1,rrm1",1362,2585,4817,9946,1.087898477
On,On_vs_rest,Other species higher,GO:0000307,cyclin-dependent protein kinase holoenzyme complex,GO:CC,0.037708119,"mnat1,ccnh",2,318,2,9946,31.27672956
On,On_vs_rest,Other species higher,GO:0005675,transcription factor TFIIH holo complex,GO:CC,0.037708119,"mnat1,ccnh",2,318,2,9946,31.27672956
On,On_vs_rest,Other species higher,GO:0016528,sarcoplasm,GO:CC,0.037708119,"jph2,atp2a1l",2,318,2,9946,31.27672956
On,On_vs_rest,Other species higher,GO:0019908,nuclear cyclin-dependent protein kinase holoenzyme complex,GO:CC,0.037708119,"mnat1,ccnh",2,318,2,9946,31.27672956
On,On_vs_rest,Other species higher,GO:0032806,carboxy-terminal domain protein kinase complex,GO:CC,0.037708119,"mnat1,ccnh",2,318,2,9946,31.27672956
On,On_vs_rest,Other species higher,GO:0004519,endonuclease activity,GO:MF,0.030595285,"slx1b,dnase2,endog,ankzf1,apex1,neil1",6,318,26,9946,7.217706821
On,On_vs_rest,Other species higher,GO:0004520,DNA endonuclease activity,GO:MF,0.030595285,"slx1b,dnase2,endog,neil1",4,318,10,9946,12.51069182
On,On_vs_rest,Other species higher,GO:0004536,DNA nuclease activity,GO:MF,0.031247276,"slx1b,dnase2,endog,neil1",4,318,11,9946,11.3733562
Pn,Pn_vs_rest,Other species higher,GO:0140097,"catalytic activity, acting on DNA",GO:MF,0.001106311,"msh6,endog,tet2,pola1,pold1,mpg,ercc2,slx1b,pif1,mre11a,blm,rad17,ruvbl1",13,339,80,9946,4.767625369
Pn,Pn_vs_rest,Other species higher,GO:0140640,"catalytic activity, acting on a nucleic acid",GO:MF,0.047315064,"msh6,cars2,endog,tet2,pola1,pold1,mpg,dhx29,UPF1,ercc2,rnaseh2a,slx1b,pif1,mre11a,henmt1,blm,rexo4,rad17,thg1l,ruvbl1,polr2h",21,339,261,9946,2.360627946
